1/8/2021,6557.82,IQTR700796137,IQ316983890,Private Company,IQ554443401
2/10/2021,183.227142857143,IQTR703936781,IQ569706122,Private Company,IQ580297362
2/10/2021,183.227142857143,IQTR703936781,IQ569706122,Private Company,IQ618614491
2/10/2021,183.227142857143,IQTR703936781,IQ569706122,Private Company,IQ33945576
2/10/2021,183.227142857143,IQTR703936781,IQ569706122,Private Company,IQ575632502
2/10/2021,183.227142857143,IQTR703936781,IQ569706122,Private Company,IQ703942282
2/10/2021,183.227142857143,IQTR703936781,IQ569706122,Private Company,IQ105598572
2/10/2021,183.227142857143,IQTR703936781,IQ569706122,Private Company,IQ605244335
1/4/2021,2664.3,IQTR700123453,IQ327142,Private Company,IQ26273
3/15/2021,77.76,IQTR708262353,IQ708262303,Assets/Products,IQ639567053
2/26/2021,371.93,IQTR705936804,IQ402863297,Private Company,IQ282018418
3/23/2021,94.37,IQTR709041456,IQ709041120,Assets/Products,IQ23110476
3/9/2021,177.38,IQTR706932630,IQ589350639,Private Company,IQ1528824
3/24/2021,7944.87,IQTR709100385,IQ268890573,Public Company,IQ593010770
1/17/2021,69.89,IQTR701461586,IQ413983988,Private Company,IQ11371299
2/11/2021,412.25,IQTR704060682,IQ704060503,Assets/Products,IQ10213534
1/21/2021,45.21,IQTR701857166,IQ557357585,Private Company,IQ20333677
3/24/2021,142.82,IQTR709041544,IQ23553026,Private Company,IQ709042340
3/18/2021,82.71,IQTR708220915,IQ634272423,Private Company,IQ273639073
3/3/2021,886.07,IQTR706561271,IQ706560662,Assets/Products,IQ317627
3/22/2021,26,IQTR708676819,IQ23112550,Public Company,IQ650365067
3/26/2021,64.81,IQTR709558818,IQ58169391,Public Company,IQ650123202
1/19/2021,334.95,IQTR701633664,IQ404553180,Private Company,IQ24790160
3/12/2021,776.18,IQTR707470916,IQ263842,Private Company,IQ20925
1/19/2021,59.94,IQTR701696181,IQ701696154,Private Company,IQ275741064
3/31/2021,630.48,IQTR709936268,IQ20684057,Private Company,IQ626120917
2/24/2021,906.62,IQTR705451123,IQ705450788,Assets/Products,IQ874480
3/1/2021,1285.42,IQTR706119653,IQ706119634,Assets/Products,IQ34583003
3/11/2021,27.28,IQTR707411519,IQ314859248,Private Company,IQ10203749
2/24/2021,10536.32,IQTR705518358,IQ33184,Private Company,IQ397809
2/24/2021,329.68,IQTR705587304,IQ705587210,Assets/Products,IQ705626022
2/15/2021,130.19,IQTR704399876,IQ7686901,Private Company,IQ79087673
3/29/2021,149.15,IQTR709581867,IQ204765597,Public Company,IQ552715229
3/31/2021,90.25,IQTR709866539,IQ274390907,Private Company,IQ61239743
3/30/2021,208.06,IQTR709690787,IQ276539915,Private Company,IQ653748561
3/23/2021,112,IQTR708978942,IQ52041012,Private Company,IQ36194392
3/31/2021,59.64,IQTR709861203,IQ709861159,Private Company,IQ231779673
1/12/2021,4039.05,IQTR700970072,IQ258133,Private Company,IQ34783
3/8/2021,189.7,IQTR706855156,IQ706855116,Assets/Products,IQ361335
2/16/2021,201.6,IQTR704571850,IQ555172586,Private Company,IQ278913831
1/27/2021,1820.11,IQTR702435813,IQ248858755,Private Company,IQ22111
1/6/2021,4992.02,IQTR700353245,IQ700352685,Assets/Products,IQ24809
2/26/2021,220.09,IQTR705998407,IQ54790328,Private Company,IQ20837476
3/22/2021,96.73,IQTR708807784,IQ426690434,Private Company,IQ275882336
3/31/2021,102.16,IQTR709833930,IQ409019764,Private Company,IQ322580786
2/3/2021,244.91,IQTR703039972,IQ11381811,Public Company,IQ51997345
2/2/2021,50.85,IQTR703042639,IQ11381811,Public Company,IQ51997345
2/3/2021,6047.34,IQTR703233990,IQ6136592,Private Company,IQ6724933
2/22/2021,946.8,IQTR705404508,IQ8444749,Private Company,IQ19947
3/31/2021,133.34,IQTR710024457,IQ710024227,Assets/Products,IQ280596341
3/15/2021,80,IQTR707661848,IQ433130758,Private Company,IQ237625009
3/9/2021,441.68,IQTR706969255,IQ416030625,Private Company,IQ874540
2/5/2021,39.95,IQTR703485823,IQ280596290,Private Company,IQ24390580
3/29/2021,37.65,IQTR709639530,IQ6020730,Public Company,IQ699882804
3/26/2021,542.24,IQTR710708046,IQ5554742,Public Company,IQ13011223
2/25/2021,49.58,IQTR705654559,IQ134400553,Private Company,IQ717672051
3/22/2021,93.23,IQTR708790531,IQ34910790,Private Company,IQ5567081
1/19/2021,523.88,IQTR701574828,IQ144142983,Private Company,IQ185801
2/8/2021,354.14,IQTR703671707,IQ6227394,Private Company,IQ309251015
3/15/2021,1634.04,IQTR707662750,IQ92870,Private Company,IQ687140
3/4/2021,1610.05,IQTR706460240,IQ3366199,Private Company,IQ24816
3/2/2021,575.74,IQTR706257433,IQ672498250,Private Company,IQ154924
2/16/2021,93.5,IQTR704592298,IQ541462749,Private Company,IQ28311
2/17/2021,85,IQTR704725829,IQ704725809,Private Company,IQ9616109
1/14/2021,217,IQTR701199649,IQ575816212,Private Company,IQ273639073
2/24/2021,59.5,IQTR705603356,IQ46643270,Private Company,IQ707811986
2/24/2021,96.25,IQTR705547825,IQ705547812,Assets/Products,IQ322580786
1/11/2021,1193.21,IQTR700812485,IQ109427050,Private Company,IQ657893024
3/24/2021,55.3,IQTR708997130,IQ117920107,Private Company,IQ1335304
3/9/2021,303.28,IQTR707029516,IQ578965072,Private Company,IQ116958995
3/3/2021,265.48,IQTR706404384,IQ27445311,Private Company,IQ189488
2/11/2021,88.3,IQTR704238418,IQ704237664,Private Company,IQ252558709
1/12/2021,88.8,IQTR700928384,IQ700927994,Private Company,IQ232376501
3/22/2021,25.94,IQTR708642020,IQ260261988,Private Company,IQ114776342
2/26/2021,1030.68,IQTR706015330,IQ706015228,Assets/Products,IQ22636634
2/25/2021,1483.15,IQTR705646401,IQ662675049,Private Company,IQ97963298
2/3/2021,84,IQTR703179790,IQ703179519,Assets/Products,IQ419846
1/6/2021,302.39,IQTR700401936,IQ143154962,Private Company,IQ535039420
3/31/2021,62.66,IQTR710754870,IQ100669302,Private Company,IQ535039420
3/23/2021,46.53,IQTR709011951,IQ58169391,Public Company,IQ709011891
2/16/2021,123.87,IQTR704620285,IQ24393943,Private Company,IQ698623828
2/15/2021,28.48,IQTR704461244,IQ690107496,Private Company,IQ96081641
2/5/2021,43.65,IQTR703380379,IQ703380370,Private Company,IQ2414173
1/20/2021,36.46,IQTR701673788,IQ283294485,Private Company,IQ23435
1/6/2021,325.72,IQTR700357310,IQ700357281,Private Company,IQ42973605
3/31/2021,51.12,IQTR709983906,IQ65933939,Private Company,IQ91093
3/30/2021,93.8,IQTR709785165,IQ29834447,Private Company,IQ154172707
2/17/2021,786.62,IQTR704669806,IQ2801673,Private Company,IQ91093
3/30/2021,186.42,IQTR709775045,IQ605978168,Private Company,IQ116896228
3/23/2021,92.69,IQTR708889103,IQ557894670,Private Company,IQ708890473
2/9/2021,28.85,IQTR703761272,IQ4511888,Private Company,IQ884117
3/24/2021,173.25,IQTR709064414,IQ240381993,Private Company,IQ222488939
2/8/2021,702.54,IQTR703653237,IQ9406575,Private Company,IQ703650447
3/23/2021,50.56,IQTR708834621,IQ708833909,Assets/Products,IQ27545966
2/5/2021,102.6,IQTR703614794,IQ243625211,Private Company,IQ115303
3/10/2021,60.55,IQTR707117227,IQ12762216,Private Company,IQ404284991
3/18/2021,180.96,IQTR708212877,IQ708212623,Private Company,IQ305486502
1/27/2021,384.53,IQTR702511827,IQ382355978,Private Company,IQ702528753
2/26/2021,35.9,IQTR705836080,IQ705836036,Private Company,IQ322580786
3/24/2021,71.83,IQTR712195451,IQ650639005,Private Company,IQ39347275
2/1/2021,2519.42,IQTR702907532,IQ554421825,Private Company,IQ25758029
1/27/2021,64.46,IQTR702428351,IQ702428063,Assets/Products,IQ10759318
3/15/2021,312.1,IQTR707935802,IQ280313217,Private Company,IQ1432337
3/17/2021,33.72,IQTR708057290,IQ4634897,Public Company,IQ708057719
2/3/2021,556.54,IQTR703150392,IQ126844999,Private Company,IQ42154124
2/8/2021,227.96,IQTR703678767,IQ228744368,Private Company,IQ18613
3/9/2021,67.3,IQTR706925909,IQ139957409,Private Company,IQ734865
3/8/2021,25.29,IQTR706909092,IQ706908211,Private Company,IQ883218
1/7/2021,465.94,IQTR700494602,IQ7756191,Private Company,IQ22868402
3/4/2021,202.59,IQTR706484559,IQ370184410,Private Company,IQ545617693
1/14/2021,372.44,IQTR701246313,IQ132369053,Private Company,IQ84942090
1/29/2021,149.19,IQTR702692024,IQ29785811,Public Company,IQ873922
3/2/2021,66.27,IQTR706197380,IQ706197329,Assets/Products,IQ705287
3/1/2021,306.84,IQTR706110938,IQ706110892,Assets/Products,IQ382256
3/1/2021,156.16,IQTR706143069,IQ243393034,Private Company,IQ24384
3/1/2021,54.94,IQTR706160716,IQ631556292,Private Company,IQ646944
3/1/2021,131.86,IQTR706178855,IQ213494769,Private Company,IQ108544
2/10/2021,72.79,IQTR712372617,IQ712372580,Private Company,IQ1680541112
1/20/2021,516.56,IQTR701726071,IQ12094018,Private Company,IQ94613
3/1/2021,192.4,IQTR706106232,IQ225562931,Private Company,IQ273610288
2/23/2021,45.81,IQTR705375314,IQ51926864,Private Company,IQ83345566
2/2/2021,34.97,IQTR703085326,IQ596400584,Private Company,IQ874599
2/26/2021,28.55,IQTR706029065,IQ706028888,Private Company,IQ52480860
1/21/2021,782.23,IQTR701884508,IQ11114299,Private Company,IQ317627
2/25/2021,191.6,IQTR705789558,IQ32433139,Private Company,IQ698337099
2/25/2021,31.62,IQTR705813595,IQ705813523,Assets/Products,IQ291348860
1/19/2021,400.13,IQTR701638875,IQ341926670,Private Company,IQ97023
2/24/2021,164.82,IQTR705560042,IQ21754402,Private Company,IQ32305
2/23/2021,361.86,IQTR705369562,IQ604762861,Private Company,IQ564610577
1/28/2021,99.47,IQTR702620226,IQ432504156,Private Company,IQ79086309
1/5/2021,189.32,IQTR700268186,IQ25022,Private Company,IQ108544
2/16/2021,1271.04,IQTR704574294,IQ130722921,Public Company,IQ704574255
1/13/2021,65.82,IQTR701080392,IQ701080356,Assets/Products,IQ33560
1/28/2021,50,IQTR702528350,IQ548850353,Private Company,IQ20837476
2/17/2021,70.8,IQTR705105615,IQ270379774,Private Company,IQ222707176
1/4/2021,782.3,IQTR700086132,IQ602636176,Private Company,IQ3676244
2/1/2021,30,IQTR702972379,IQ588719309,Private Company,IQ214913880
1/27/2021,34.01,IQTR702461930,IQ612132563,Private Company,IQ651379567
1/18/2021,46.91,IQTR702180573,IQ104650772,Public Company,IQ547807893
1/20/2021,27.77,IQTR701807940,IQ204597256,Private Company,IQ6882043
1/26/2021,36.13,IQTR702424144,IQ634421223,Private Company,IQ11765733
1/22/2021,43.94,IQTR701959675,IQ25915841,Public Company,-
1/18/2021,93,IQTR701569984,IQ701569930,Assets/Products,IQ878953
1/15/2021,725,IQTR701316194,IQ8642323,Private Company,IQ97023
1/14/2021,48.35,IQTR701872742,IQ361317,Public Company,IQ701872322
1/8/2021,361.3,IQTR700599735,IQ261968815,Private Company,IQ3280635
1/7/2021,70.55,IQTR700540772,IQ610864741,Private Company,IQ384310550
3/18/2021,64.85,IQTR715397274,IQ715396981,Private Company,IQ535039420
1/4/2021,873.57,IQTR700117299,IQ700116907,Private Company,IQ27504
1/4/2021,85.4,IQTR700130148,IQ411936599,Private Company,IQ91093
1/4/2021,51.18,IQTR700116500,IQ24687514,Private Company,IQ108544
2/1/2021,50.49,IQTR711976078,IQ12962019,Private Company,IQ575366670
1/7/2021,225.7,IQTR700518360,IQ117434671,Private Company,IQ836768
2/16/2021,535.61,IQTR715194399,IQ408302104,Private Company,IQ23307
3/17/2021,34.45,IQTR715398257,IQ715398225,Assets/Products,IQ535039420
