2/18/2014,36.01,IQTR257087215,IQ117603277,Private Company,IQ257139827
6/12/2014,27.8,IQTR266071456,IQ266071055,Assets/Products,IQ7925468
12/11/2014,29.548,IQTR280670971,IQ9074154,Private Company,IQ2334713
12/11/2014,29.548,IQTR280670971,IQ9074154,Private Company,IQ144387925
12/11/2014,29.548,IQTR280670971,IQ9074154,Private Company,IQ222558006
12/11/2014,29.548,IQTR280670971,IQ9074154,Private Company,IQ24716431
12/11/2014,29.548,IQTR280670971,IQ9074154,Private Company,IQ20705
12/4/2014,311.9,IQTR279069070,IQ28285707,Private Company,IQ106674904
12/11/2014,43,IQTR280763699,IQ280763556,Assets/Products,IQ266069511
5/29/2014,61.7,IQTR317010020,IQ4317485,Private Company,IQ3176566
12/31/2014,49.35,IQTR317091618,IQ317091348,Private Company,IQ60884175
9/29/2014,234.07,IQTR273528683,IQ9704244,Private Company,IQ1507410
10/13/2014,1731.46,IQTR274408999,IQ8746747,Private Company,IQ34783
12/8/2014,1016.56,IQTR279418975,IQ6463585,Private Company,IQ4324033
12/23/2014,648.55,IQTR280502930,IQ280502897,Assets/Products,IQ405201
12/23/2014,81.63,IQTR280498686,IQ30439377,Private Company,IQ880030
12/23/2014,25.58,IQTR280478595,IQ280478537,Private Company,IQ4493386
11/15/2014,33.99,IQTR277457521,IQ277451574,Private Company,IQ111228893
11/15/2014,26.15,IQTR277470262,IQ277468646,Private Company,IQ111228893
9/16/2014,58.74,IQTR272373368,IQ4274138,Private Company,IQ250525342
11/21/2014,51.59,IQTR278179914,IQ278179802,Assets/Products,IQ243364886
7/31/2014,47,IQTR422469298,IQ127424590,Private Company,-
7/31/2014,46.32,IQTR270428764,IQ270428486,Assets/Products,-
10/17/2014,40.58,IQTR274743009,IQ118037152,Private Company,IQ109690939
9/30/2014,27.13,IQTR273721869,IQ273721772,Assets/Products,IQ226590054
11/7/2014,233.55,IQTR276406748,IQ8033071,Private Company,IQ12190335
11/7/2014,233.55,IQTR276406748,IQ8033071,Private Company,IQ116234145
11/7/2014,233.55,IQTR276406748,IQ8033071,Private Company,IQ276440706
10/13/2014,74.8,IQTR274592473,IQ135020,Public Company,IQ600536298
10/13/2014,74.8,IQTR274592473,IQ135020,Public Company,IQ24310558
12/4/2014,28.12,IQTR279123681,IQ4439305,Private Company,IQ26259736
11/27/2014,39.06,IQTR278627931,IQ31013958,Private Company,IQ28286371
6/30/2014,105.92,IQTR267209112,IQ267208802,Private Company,IQ267209086
4/24/2014,10070.6,IQTR262554766,IQ34815735,Private Company,IQ264048
12/9/2014,86.26,IQTR280475779,IQ215185639,Private Company,IQ145462431
8/28/2014,106.27,IQTR271429179,IQ139422616,Private Company,IQ3113574
8/5/2014,141.94,IQTR271944093,IQ271934203,Private Company,IQ20346541
11/5/2014,74.7,IQTR276267376,IQ108331788,Private Company,IQ116198979
8/22/2014,154.1,IQTR259839693,IQ11381811,Public Company,IQ138829272
6/30/2014,28.85,IQTR267622046,IQ267621971,Assets/Products,IQ4493541
12/10/2014,43.24,IQTR279556433,IQ279556319,Private Company,IQ27424178
12/8/2014,40,IQTR279730681,IQ279730611,Assets/Products,IQ531375
11/6/2014,3660.5,IQTR276205790,IQ59274444,Private Company,IQ319092
3/28/2014,24.51,IQTR261221060,IQ261220712,Private Company,IQ34214169
3/28/2014,24.51,IQTR261221060,IQ261220712,Private Company,IQ61317815
12/22/2014,354.85,IQTR280440530,IQ280440464,Assets/Products,IQ266190025
4/6/2014,3175.55,IQTR261595785,IQ878399,Private Company,IQ141232
11/17/2014,58529.57,IQTR277559623,IQ249205,Private Company,IQ36478
10/5/2014,11333.83,IQTR273853397,IQ49276069,Private Company,IQ103678
10/9/2014,662.3,IQTR274180014,IQ274179955,Private Company,IQ406896
11/7/2014,41,IQTR276435069,IQ47838722,Private Company,IQ20334605
10/27/2014,27.58,IQTR275404399,IQ24673692,Private Company,IQ142386691
4/22/2014,5110.9,IQTR262421247,IQ262421179,Assets/Products,IQ275442
4/22/2014,11599.2,IQTR262420149,IQ262420103,Assets/Products,IQ382553
12/17/2014,120,IQTR280110276,IQ280110132,Assets/Products,IQ4245602
11/14/2014,98.17,IQTR277125960,IQ40398024,Public Company,IQ39388687
7/14/2014,4524.71,IQTR268229092,IQ268229075,Assets/Products,IQ290203
6/26/2014,882.66,IQTR266914938,IQ224447835,Private Company,IQ1801243
11/3/2014,5233.47,IQTR275830753,IQ361421,Private Company,IQ30643
12/22/2014,652.6,IQTR280437737,IQ260675839,Private Company,IQ160077
12/17/2014,1098.78,IQTR280106271,IQ2523864,Private Company,IQ4158219
12/8/2014,34.02,IQTR279338913,IQ279338883,Private Company,IQ37144276
6/11/2014,214.32,IQTR266002644,IQ47790574,Private Company,IQ874413
10/29/2014,963.2,IQTR275540981,IQ223897033,Private Company,IQ26259736
11/17/2014,204.7,IQTR277524987,IQ277523858,Private Company,IQ215548781
10/15/2014,32.71,IQTR274615258,IQ83037141,Private Company,IQ32938
12/19/2014,730.54,IQTR280320813,IQ22581206,Private Company,IQ168083
8/11/2014,63.51,IQTR281210574,IQ281210513,Assets/Products,IQ35418
10/31/2014,109.68,IQTR283559126,IQ283559019,Private Company,IQ283558137
10/9/2014,1535.64,IQTR274186869,IQ197773,Private Company,IQ311760
12/29/2014,30.28,IQTR280816049,IQ280816040,Private Company,IQ327540018
12/8/2014,162.65,IQTR279341013,IQ84125139,Private Company,IQ883811
10/14/2014,137.66,IQTR274485643,IQ884377,Private Company,IQ21785
7/16/2014,332.53,IQTR268389036,IQ268388400,Assets/Products,IQ254725
12/18/2014,33.23,IQTR280321255,IQ280320955,Private Company,IQ26726092
11/24/2014,736.14,IQTR278301818,IQ10620860,Private Company,IQ25605
9/16/2014,2400.99,IQTR272347879,IQ1843135,Private Company,IQ28071
1/29/2014,39.54,IQTR256185479,IQ4326020,Private Company,IQ5523549
12/15/2014,457.34,IQTR279914345,IQ279908554,Assets/Products,IQ162270
6/15/2014,35520.87,IQTR266151777,IQ31232183,Private Company,IQ31348
12/8/2014,8275.03,IQTR279351947,IQ27236,Private Company,IQ288502
11/6/2014,716.666666666667,IQTR276194706,IQ276194327,Private Company,IQ106667
11/6/2014,716.666666666667,IQTR276194706,IQ276194327,Private Company,IQ208357644
11/6/2014,716.666666666667,IQTR276194706,IQ276194327,Private Company,IQ394038
12/2/2014,2795.94,IQTR278883716,IQ324406,Private Company,IQ4204729
9/18/2014,48.46,IQTR272471169,IQ28623664,Public Company,IQ23074685
7/4/2014,85.31,IQTR267453689,IQ267453674,Private Company,IQ11168506
11/6/2014,261.74,IQTR276192525,IQ276192426,Assets/Products,IQ25478219
10/28/2014,470.79,IQTR275480065,IQ31186,Private Company,IQ112015635
12/17/2014,66.48,IQTR280196274,IQ3206406,Private Company,IQ26837269
12/4/2014,381.59,IQTR279072517,IQ22839040,Private Company,IQ8594715
8/13/2014,203.74,IQTR271957840,IQ271957802,Private Company,IQ11211238
11/12/2014,156.4,IQTR276637683,IQ3385476,Private Company,IQ311760
10/27/2014,322.44,IQTR275304012,IQ275303673,Assets/Products,IQ997213
10/13/2014,53.12,IQTR275601810,IQ275601759,Assets/Products,IQ22263063
10/7/2014,56,IQTR274108192,IQ274108170,Assets/Products,-
4/22/2014,3878.48,IQTR262413688,IQ1883611,Private Company,IQ4438678
12/31/2014,495.69,IQTR328978519,IQ266010605,Private Company,IQ25798
12/30/2014,33.5,IQTR280815101,IQ23875508,Private Company,IQ5435594
12/29/2014,206.24,IQTR280728017,IQ143105334,Private Company,IQ883032
12/29/2014,206.24,IQTR280728017,IQ143105334,Private Company,IQ22930310
12/28/2014,28.74,IQTR280734291,IQ249906680,Private Company,IQ32414310
12/22/2014,200,IQTR280492418,IQ280492280,Assets/Products,IQ20334605
12/12/2014,33.88,IQTR279744215,IQ22771800,Private Company,IQ398058
12/9/2014,96.42,IQTR279483410,IQ279483347,Assets/Products,IQ109127589
11/24/2014,624.39,IQTR278304522,IQ12934256,Private Company,IQ29374
11/19/2014,27.26,IQTR277936559,IQ277936527,Private Company,IQ1534642
10/30/2014,63.6,IQTR275643849,IQ275643392,Assets/Products,IQ12344550
10/23/2014,264.9,IQTR275321981,IQ275321552,Assets/Products,IQ13356885
8/20/2014,161.52,IQTR272140231,IQ272139413,Private Company,IQ49677842
8/6/2014,18717.66,IQTR269792044,IQ225389440,Private Company,IQ93624
6/6/2014,110.81,IQTR266974518,IQ266974366,Assets/Products,IQ277966
3/22/2014,624.88,IQTR260929596,IQ260981970,Private Company,IQ30589163
2/22/2014,101.47,IQTR257368787,IQ257368735,Private Company,IQ12739086
12/26/2014,43.75,IQTR280659032,IQ280658978,Assets/Products,IQ280658935
12/4/2014,51.44,IQTR279145047,IQ24422716,Private Company,IQ279144659
12/4/2014,58.89,IQTR280807015,IQ24422716,Private Company,IQ279144659
8/27/2014,66.57,IQTR271037582,IQ879000,Private Company,IQ112816855
10/30/2014,21.4875,IQTR275911429,IQ65075092,Public Company,IQ281091713
10/30/2014,21.4875,IQTR275911429,IQ65075092,Public Company,IQ275396629
10/30/2014,21.4875,IQTR275911429,IQ65075092,Public Company,IQ278403811
10/30/2014,21.4875,IQTR275911429,IQ65075092,Public Company,IQ225449828
10/29/2014,431.12,IQTR275519799,IQ128665496,Private Company,IQ247483
12/19/2014,93.08,IQTR280351492,IQ130623163,Private Company,IQ687140
12/19/2014,214.6,IQTR280565530,IQ280565427,Assets/Products,IQ104485064
9/25/2014,609.03,IQTR272895375,IQ128793299,Private Company,IQ36854371
7/7/2014,135.24,IQTR267658219,IQ27966484,Private Company,IQ20346541
12/18/2014,305.34,IQTR280245285,IQ43575753,Private Company,IQ288502
12/18/2014,239.19,IQTR280412671,IQ217722901,Private Company,IQ687140
12/16/2014,51.48,IQTR280004514,IQ11017738,Private Company,IQ304106123
11/5/2014,81.73,IQTR280805587,IQ284624,Private Company,IQ18511
12/1/2014,381.35,IQTR278826503,IQ278826301,Assets/Products,IQ320908
11/17/2014,82.85,IQTR280355598,IQ280355524,Assets/Products,IQ276274842
6/2/2014,700,IQTR265812087,IQ6183269,Private Company,IQ156796
6/2/2014,700,IQTR265812087,IQ6183269,Private Company,IQ21007
11/17/2014,536.24,IQTR277828958,IQ12679188,Private Company,IQ23342963
10/16/2014,351.385,IQTR274737836,IQ22885346,Private Company,IQ12344550
10/16/2014,351.385,IQTR274737836,IQ22885346,Private Company,IQ789325
12/12/2014,33,IQTR279856640,IQ127237011,Private Company,IQ256328958
6/27/2014,76.68,IQTR267094217,IQ37375799,Private Company,IQ62195478
9/15/2014,1830.53,IQTR272232462,IQ879806,Private Company,IQ265621
12/11/2014,28.24,IQTR279941777,IQ24885736,Private Company,IQ48933961
12/5/2014,79.87,IQTR279149972,IQ279149902,Private Company,IQ184379241
9/8/2014,42.49,IQTR271877977,IQ25182126,Private Company,IQ247856902
12/4/2014,47.8,IQTR279322583,IQ279321712,Assets/Products,IQ30667710
11/24/2014,102.87,IQTR278346734,IQ278346663,Private Company,IQ226404432
7/31/2014,40.64,IQTR272255787,IQ100853038,Private Company,IQ49713976
7/31/2014,40.64,IQTR272255787,IQ100853038,Private Company,IQ38706099
12/2/2014,59.08,IQTR278897375,IQ278897358,Private Company,IQ6227394
12/1/2014,26.44,IQTR378016763,IQ265109922,Private Company,IQ305652009
11/3/2014,32.36,IQTR275835835,IQ275835822,Assets/Products,IQ405201
10/30/2014,269.26,IQTR275612798,IQ61106265,Private Company,IQ285827
8/8/2014,33.24,IQTR270036967,IQ127798649,Private Company,IQ49580753
7/30/2014,474.76,IQTR269358685,IQ269358611,Assets/Products,IQ162270
12/1/2014,31.5,IQTR278816501,IQ278816484,Private Company,IQ33541470
11/28/2014,49.95,IQTR279114695,IQ279111762,Assets/Products,IQ879592
11/19/2014,147.45,IQTR277943626,IQ43317135,Private Company,IQ48933961
10/28/2014,35.31,IQTR321860422,IQ99726721,Private Company,-
10/21/2014,424.52,IQTR275026275,IQ216104270,Private Company,IQ519888
10/16/2014,661.38,IQTR274742169,IQ274742118,Assets/Products,IQ26290
6/18/2014,1500,IQTR266353221,IQ1051434,Private Company,IQ20334605
11/28/2014,15.85,IQTR278793186,IQ278793105,Assets/Products,IQ46370174
11/28/2014,15.85,IQTR278793186,IQ278793105,Assets/Products,IQ51231739
11/27/2014,158.63,IQTR379283217,IQ419969,Public Company,IQ21401
11/5/2014,63.23,IQTR276110224,IQ24386653,Private Company,IQ789654
11/25/2014,156.74,IQTR278413811,IQ29830543,Private Company,IQ49062639
11/4/2014,119.47,IQTR275934698,IQ428930,Private Company,IQ1341470
8/25/2014,35.1166666666667,IQTR271122361,IQ43846536,Public Company,IQ877051
8/25/2014,35.1166666666667,IQTR271122361,IQ43846536,Public Company,IQ271023777
8/25/2014,35.1166666666667,IQTR271122361,IQ43846536,Public Company,IQ278532569
9/25/2014,79.45,IQTR272902738,IQ1432519,Private Company,IQ30643
4/18/2014,42.99,IQTR262372109,IQ262371991,Private Company,IQ12745530
11/3/2014,203.59,IQTR275843948,IQ881887,Private Company,IQ541668
11/3/2014,203.59,IQTR275843948,IQ881887,Private Company,IQ12190335
11/3/2014,203.59,IQTR275843948,IQ881887,Private Company,IQ128609911
11/17/2014,20.105,IQTR279572970,IQ45979259,Private Company,IQ20407902
11/17/2014,20.105,IQTR279572970,IQ45979259,Private Company,IQ20358767
10/6/2014,710.54,IQTR273870256,IQ134603894,Private Company,IQ274030136
11/13/2014,112.94,IQTR276734887,IQ46669137,Private Company,IQ240458301
11/12/2014,37.12,IQTR276577933,IQ276577816,Assets/Products,IQ276576997
9/30/2014,296.31,IQTR273601418,IQ268936431,Private Company,IQ877290
9/29/2014,806.87,IQTR273530652,IQ282848,Private Company,IQ274633108
11/11/2014,105.33,IQTR276630059,IQ215548781,Public Company,IQ224002821
8/14/2014,56.4,IQTR270455951,IQ6648070,Private Company,IQ251857938
10/30/2014,101.66,IQTR275587482,IQ12745033,Public Company,IQ275586541
9/28/2014,304.08,IQTR273507185,IQ1313917,Private Company,IQ23697721
9/12/2014,30.84,IQTR275332120,IQ265809635,Private Company,IQ261789907
11/20/2014,27.16,IQTR290923963,IQ290923867,Assets/Products,IQ28067906
9/30/2014,1386.61,IQTR273619960,IQ45328536,Private Company,IQ26203487
11/6/2014,80.61,IQTR278777450,IQ278777087,Private Company,IQ20356627
11/4/2014,75.66,IQTR275941588,IQ111958126,Private Company,IQ6476139
11/11/2014,72.935,IQTR276706598,IQ215548781,Public Company,IQ12722532
11/11/2014,72.935,IQTR276706598,IQ215548781,Public Company,IQ224572296
10/16/2014,46.85,IQTR274642358,IQ274642304,Private Company,IQ99718766
7/30/2014,1566.33,IQTR269332833,IQ269332792,Assets/Products,IQ336774
6/13/2014,585.41,IQTR266103084,IQ35001,Private Company,IQ35623987
9/22/2014,26.45,IQTR272647885,IQ49757216,Private Company,IQ294382
2/27/2014,428.03,IQTR257561000,IQ39800056,Private Company,IQ103375
11/10/2014,26.13,IQTR281381004,IQ84152794,Private Company,IQ12344550
11/3/2014,27.87,IQTR275831070,IQ28719211,Private Company,IQ270503299
10/3/2014,135.77,IQTR273950430,IQ240406745,Private Company,IQ303397
9/30/2014,97.86,IQTR273708938,IQ273708761,Private Company,IQ271940520
9/29/2014,64.59,IQTR273531433,IQ273531382,Assets/Products,IQ5885479
9/17/2014,61.8,IQTR272397790,IQ272397741,Assets/Products,IQ141232
8/29/2014,75.77,IQTR271259736,IQ32450299,Private Company,IQ39345202
8/25/2014,28.96,IQTR270830890,IQ270830635,Assets/Products,IQ261604518
6/15/2014,177.4,IQTR281853026,IQ4222363,Private Company,IQ38727082
10/29/2014,42.33,IQTR275538928,IQ7984990,Private Company,IQ91093
10/29/2014,32.14,IQTR275549374,IQ275548484,Assets/Products,IQ106530929
5/26/2014,68.63,IQTR264720078,IQ35100693,Public Company,IQ20117
9/17/2014,47.59,IQTR272438768,IQ272438609,Assets/Products,IQ27716528
7/2/2014,85.28,IQTR267218207,IQ65334232,Private Company,IQ131325
10/27/2014,109.02,IQTR275316163,IQ247893632,Private Company,IQ275316152
10/23/2014,44.41,IQTR275287266,IQ275286970,Private Company,IQ8793244
9/18/2014,309.9,IQTR272627305,IQ34539514,Private Company,IQ33398
10/23/2014,46,IQTR275297212,IQ270201672,Private Company,IQ875924
9/24/2014,414.55,IQTR272776338,IQ118089536,Private Company,IQ24246
8/27/2014,265.28,IQTR271245566,IQ34102046,Private Company,IQ694234
9/22/2014,666.15,IQTR272662698,IQ25396042,Private Company,IQ26935957
8/20/2014,33.84,IQTR270531251,IQ270531169,Private Company,IQ217248438
7/31/2014,2860.58,IQTR269423498,IQ12916819,Private Company,IQ8101165
10/8/2014,34.72,IQTR274163078,IQ142745250,Private Company,IQ646944
10/13/2014,118.39,IQTR274421170,IQ222683009,Private Company,IQ103678
10/2/2014,39.2,IQTR274027232,IQ224569415,Private Company,IQ26221897
10/2/2014,39.2,IQTR274027232,IQ224569415,Private Company,IQ28605272
9/23/2014,182.68,IQTR272701243,IQ3266158,Private Company,IQ53056389
10/1/2014,154.72,IQTR273725279,IQ44207305,Private Company,IQ681750
10/1/2014,65.95,IQTR273864891,IQ115161395,Private Company,IQ113356987
8/27/2014,95.63,IQTR271088743,IQ226317242,Private Company,IQ879440
8/19/2014,121,IQTR270533016,IQ270530853,Private Company,IQ240458301
7/18/2014,109.22,IQTR268716511,IQ268712651,Assets/Products,IQ34990753
7/17/2014,175,IQTR268651856,IQ113736745,Private Company,IQ35989748
6/25/2014,210.83,IQTR266815809,IQ287093,Private Company,IQ294382
5/13/2014,437.85,IQTR263760568,IQ263759984,Assets/Products,IQ880916
5/12/2014,1417.38,IQTR263693307,IQ135020,Public Company,IQ24310558
5/6/2014,10193.47,IQTR263373301,IQ263373029,Assets/Products,IQ103375
10/6/2014,137.18,IQTR274032281,IQ274031663,Assets/Products,IQ269210939
10/6/2014,77.7,IQTR280004643,IQ280004549,Assets/Products,IQ269210939
9/30/2014,89.97,IQTR274173101,IQ39366728,Private Company,IQ274425355
9/30/2014,53.88,IQTR372808341,IQ372806580,Assets/Products,IQ27049995
6/30/2014,261.5,IQTR267060161,IQ20757327,Private Company,IQ94614
6/12/2014,38.94,IQTR266016278,IQ266016240,Private Company,IQ7655549
9/29/2014,36.66,IQTR273516750,IQ233478258,Private Company,IQ43257686
8/27/2014,194.94,IQTR271076876,IQ113494098,Private Company,IQ254235330
8/24/2014,6745.52,IQTR270789584,IQ92716,Private Company,IQ687140
2/17/2014,139.045,IQTR257041624,IQ359936,Private Company,IQ51274129
2/17/2014,139.045,IQTR257041624,IQ359936,Private Company,IQ23307
9/26/2014,263.83,IQTR272978974,IQ427477,Private Company,IQ36040
7/16/2014,266.02,IQTR268374381,IQ143903020,Private Company,IQ162270
8/11/2014,691.11,IQTR270074754,IQ270074676,Assets/Products,IQ5467766
5/16/2014,1940.65,IQTR263975777,IQ128845270,Private Company,IQ225009228
5/16/2014,626.29,IQTR263976866,IQ128845270,Private Company,IQ225009228
10/2/2014,26.58,IQTR273864878,IQ273864594,Assets/Products,IQ6859700
8/13/2014,106.17,IQTR270221426,IQ31021977,Private Company,IQ424885
8/5/2014,157.703333333333,IQTR269779906,IQ10404856,Private Company,IQ20937
8/5/2014,157.703333333333,IQTR269779906,IQ10404856,Private Company,IQ21863226
8/5/2014,157.703333333333,IQTR269779906,IQ10404856,Private Company,IQ25104682
9/22/2014,168.42,IQTR275835394,IQ275835356,Assets/Products,IQ261105
3/19/2014,474.51,IQTR260597918,IQ207173941,Private Company,IQ100410633
7/2/2014,106.87,IQTR272390194,IQ26323374,Private Company,IQ19947
8/6/2014,38.95,IQTR269867048,IQ269866662,Assets/Products,IQ269210939
9/12/2014,69.84,IQTR272292850,IQ133744958,Private Company,IQ106623461
9/9/2014,116.14,IQTR271940916,IQ271940642,Assets/Products,IQ271940520
9/9/2014,27.41,IQTR271953804,IQ28623664,Public Company,IQ61179165
8/13/2014,93.46,IQTR270454286,IQ270454238,Assets/Products,IQ249118113
7/30/2014,158.34,IQTR269361874,IQ114396408,Private Company,IQ235776006
2/7/2014,236.83,IQTR256729787,IQ107466659,Private Company,IQ139506182
9/4/2014,83.36,IQTR271651180,IQ271651104,Private Company,-
8/25/2014,65.85,IQTR270881342,IQ270881215,Private Company,IQ270881308
9/11/2014,33.56,IQTR275587197,IQ275586496,Private Company,IQ26259736
6/2/2014,44.8,IQTR265007148,IQ10290743,Public Company,IQ427016831
9/9/2014,20.52,IQTR272021900,IQ26444060,Private Company,IQ23500974
9/9/2014,20.52,IQTR272021900,IQ26444060,Private Company,IQ277966
9/2/2014,63.71,IQTR271520337,IQ271519960,Assets/Products,IQ46424806
8/4/2014,335.41,IQTR269718100,IQ32682,Private Company,IQ50167192
6/9/2014,73.59,IQTR265917644,IQ4206451,Private Company,IQ28747384
3/14/2014,89.16,IQTR260419942,IQ4220964,Private Company,IQ133840736
9/5/2014,36.26,IQTR271839101,IQ59516519,Private Company,IQ129406107
8/5/2014,87.51,IQTR269715937,IQ7728049,Private Company,IQ269715864
7/30/2014,30.66,IQTR269358149,IQ140452250,Private Company,IQ62494979
6/25/2014,29.77,IQTR270539965,IQ140452250,Private Company,IQ62494979
4/16/2014,81.95,IQTR262180221,IQ262180209,Assets/Products,IQ834188
4/29/2014,46.85,IQTR263412568,IQ263384242,Private Company,IQ23333
9/4/2014,34.77,IQTR271755190,IQ271755038,Assets/Products,IQ269210939
9/4/2014,34.77,IQTR271755190,IQ271755038,Assets/Products,IQ225792166
8/25/2014,36.74,IQTR270901799,IQ105311364,Private Company,IQ705287
5/15/2014,301.7,IQTR263901649,IQ263901531,Assets/Products,IQ317627
8/28/2014,180.65,IQTR271163032,IQ105776615,Private Company,IQ31232183
7/30/2014,89.72,IQTR269380142,IQ921328,Private Company,IQ308402
7/1/2014,721.98,IQTR267209190,IQ245002387,Private Company,IQ28877
8/27/2014,180.39,IQTR271097523,IQ12056823,Private Company,IQ31348
8/25/2014,151.51,IQTR270986410,IQ133631670,Private Company,IQ31348
8/22/2014,120.12,IQTR270744549,IQ38780934,Private Company,IQ31232183
7/19/2014,59.93,IQTR268875657,IQ268875571,Private Company,IQ40478841
7/22/2014,31.55,IQTR268936083,IQ268935644,Private Company,IQ30885243
1/27/2014,146.23,IQTR254774266,IQ12703663,Public Company,IQ41626236
8/19/2014,27.1,IQTR270467681,IQ270467586,Assets/Products,IQ46604058
6/2/2014,645.57,IQTR265010421,IQ265010373,Assets/Products,IQ398549
8/18/2014,82,IQTR270363356,IQ5528813,Private Company,IQ873648
5/28/2014,82.19,IQTR264650794,IQ264650766,Private Company,IQ879440
4/7/2014,4101.88,IQTR261607657,IQ354797,Private Company,IQ232036063
8/13/2014,439.24,IQTR270240502,IQ60049508,Private Company,IQ249205
5/9/2014,319.64,IQTR263581634,IQ44232323,Private Company,IQ248256
8/4/2014,135.12,IQTR269645805,IQ30986076,Private Company,IQ269854963
7/1/2014,80.38,IQTR267175562,IQ212651461,Private Company,IQ22365961
7/14/2014,144.57,IQTR268235970,IQ24559841,Private Company,IQ301667
7/1/2014,642.37,IQTR281574343,IQ23077133,Private Company,IQ263892209
6/30/2014,250.75,IQTR267099031,IQ23077133,Private Company,IQ263892209
6/24/2014,441.51,IQTR266737918,IQ24175123,Private Company,IQ133536825
6/13/2014,30.57,IQTR266157526,IQ30445559,Private Company,IQ5663800
3/28/2014,621.34,IQTR261157976,IQ21727,Private Company,IQ34781
7/11/2014,289.32,IQTR268146388,IQ10625221,Private Company,IQ665924
8/5/2014,25.36,IQTR269781436,IQ269781322,Assets/Products,IQ370279
8/4/2014,88.7,IQTR269664501,IQ204984041,Private Company,IQ19141
7/28/2014,160.51,IQTR269272383,IQ502583,Private Company,IQ208372911
6/9/2014,2834.79,IQTR265744646,IQ32271,Private Company,IQ288502
8/28/2014,38.71,IQTR271410873,IQ6859610,Private Company,IQ267304112
8/28/2014,30.36,IQTR271411941,IQ271411881,Assets/Products,IQ267304112
6/16/2014,95.65,IQTR266186102,IQ266185998,Assets/Products,IQ243670800
6/16/2014,95.65,IQTR266186102,IQ266185998,Assets/Products,IQ217268695
6/10/2014,36,IQTR266278946,IQ266006357,Private Company,IQ260285862
6/10/2014,36,IQTR266278946,IQ266006357,Private Company,IQ61799908
6/10/2014,36,IQTR266278946,IQ266006357,Private Company,IQ99861
6/10/2014,36,IQTR266278946,IQ266006357,Private Company,IQ54423598
5/21/2014,47.135,IQTR264215172,IQ36207456,Private Company,IQ226083345
5/21/2014,47.135,IQTR264215172,IQ36207456,Private Company,IQ264694535
9/29/2014,25.8,IQTR337468155,IQ1216695,Public Company,IQ162270
7/30/2014,29,IQTR269335957,IQ42728674,Private Company,IQ242067823
6/21/2014,141.55,IQTR266619907,IQ266473847,Private Company,IQ280559756
6/17/2014,227.38,IQTR266259271,IQ9118961,Private Company,IQ189488
5/27/2014,113.88,IQTR266620343,IQ128178319,Private Company,IQ280559756
2/20/2014,3975.18,IQTR257232164,IQ96944,Private Company,IQ23500974
6/18/2014,50.145,IQTR266349771,IQ266349683,Assets/Products,IQ223842850
6/18/2014,50.145,IQTR266349771,IQ266349683,Assets/Products,IQ266349761
5/6/2014,36.07,IQTR263394852,IQ35014188,Private Company,IQ249246481
6/26/2014,441.33,IQTR266907400,IQ25119610,Private Company,IQ244751971
7/28/2014,73.65,IQTR269213608,IQ60518749,Private Company,IQ31348
3/18/2014,72.2,IQTR260531167,IQ36039178,Private Company,IQ5397520
6/17/2014,146.8,IQTR266257572,IQ41907187,Private Company,IQ2403173
5/22/2014,36.615,IQTR264284712,IQ119079839,Private Company,IQ6151980
5/22/2014,36.615,IQTR264284712,IQ119079839,Private Company,IQ45091233
4/29/2014,194.56,IQTR262792154,IQ216241705,Private Company,IQ262947192
7/22/2014,56,IQTR268919361,IQ268919331,Assets/Products,IQ117964823
7/22/2014,33.23,IQTR272149957,IQ20344712,Public Company,IQ145411122
4/16/2014,76.01,IQTR262136137,IQ1345235,Public Company,IQ142230
6/23/2014,81.83,IQTR266636146,IQ902439,Private Company,IQ48933961
7/18/2014,55.505,IQTR268756100,IQ268756049,Assets/Products,IQ12190335
7/18/2014,55.505,IQTR268756100,IQ268756049,Assets/Products,IQ128609911
6/3/2014,610.56,IQTR265099449,IQ225649893,Private Company,IQ308047
7/16/2014,96.06,IQTR276852975,IQ254062762,Private Company,IQ54726651
6/16/2014,392.37,IQTR266200842,IQ5703532,Private Company,IQ36731
5/29/2014,1722.19,IQTR264710560,IQ34284,Private Company,IQ387568
9/17/2014,52.53,IQTR309114183,IQ309114152,Assets/Products,IQ144831039
7/16/2014,18.88,IQTR269020336,IQ6920931,Private Company,IQ22989110
7/16/2014,18.88,IQTR269020336,IQ6920931,Private Company,IQ36013
5/28/2014,220.58,IQTR264639908,IQ25498912,Private Company,IQ23049465
7/14/2014,25.58,IQTR268217152,IQ268217046,Assets/Products,IQ228733949
7/14/2014,52.67,IQTR268227937,IQ128514900,Private Company,IQ54450452
7/10/2014,69.26,IQTR268103131,IQ268103108,Assets/Products,IQ46424806
8/1/2014,70.37,IQTR279616762,IQ38768187,Private Company,IQ385727
7/10/2014,26.1,IQTR268101775,IQ109694110,Private Company,IQ217023402
2/11/2014,2734.8,IQTR256750554,IQ48757418,Private Company,IQ31973
2/3/2014,369.48,IQTR256183453,IQ116242202,Private Company,IQ345779
5/1/2014,402.59,IQTR262977662,IQ52984092,Private Company,IQ385727
3/6/2014,300,IQTR260043482,IQ4481673,Private Company,IQ21007
7/2/2014,43.95,IQTR267303689,IQ51175657,Private Company,IQ189488
7/2/2014,54.94,IQTR267324022,IQ118654464,Private Company,IQ216416171
6/24/2014,441.51,IQTR266823610,IQ32782828,Private Company,IQ384522
5/16/2014,61.65,IQTR264085710,IQ32829547,Private Company,IQ429043
4/28/2014,1125.23,IQTR262713979,IQ98737894,Private Company,IQ273276
7/14/2014,36.87,IQTR268234974,IQ207718627,Private Company,IQ12344550
7/1/2014,25.1,IQTR267199681,IQ267199600,Private Company,IQ124669
6/11/2014,266.666666666667,IQTR266185883,IQ135579,Private Company,IQ22074422
6/11/2014,266.666666666667,IQTR266185883,IQ135579,Private Company,IQ20271
6/11/2014,266.666666666667,IQTR266185883,IQ135579,Private Company,IQ82856011
6/11/2014,266.666666666667,IQTR266185883,IQ135579,Private Company,IQ6163659
6/11/2014,266.666666666667,IQTR266185883,IQ135579,Private Company,IQ729126
6/11/2014,266.666666666667,IQTR266185883,IQ135579,Private Company,IQ107637
6/3/2014,494.61,IQTR265100450,IQ5636294,Private Company,IQ26259736
6/2/2014,80.87,IQTR265009906,IQ45020847,Private Company,IQ396177
5/21/2014,666.35,IQTR264238439,IQ2733505,Private Company,IQ19707
5/19/2014,56.14,IQTR264087636,IQ5536221,Private Company,IQ79066574
5/12/2014,68.12,IQTR263708986,IQ226418615,Private Company,IQ137473239
5/9/2014,185.24,IQTR263562104,IQ60836199,Private Company,IQ883811
2/18/2014,18287.43,IQTR257086777,IQ273276,Private Company,IQ36478
2/6/2014,58.8,IQTR256508176,IQ6476324,Private Company,IQ25454524
7/9/2014,414.4,IQTR267969671,IQ115131722,Private Company,IQ254571
7/1/2014,61.09,IQTR267142302,IQ267142264,Assets/Products,IQ370279
6/30/2014,113.16,IQTR267072117,IQ267072114,Private Company,IQ28921
6/30/2014,135.86,IQTR267082039,IQ267082011,Assets/Products,IQ2557861
6/2/2014,257.3,IQTR265004658,IQ170913011,Private Company,IQ4471495
6/2/2014,35.36,IQTR265042267,IQ12316377,Private Company,IQ27189
5/27/2014,168.83,IQTR264586311,IQ11340815,Private Company,IQ34640
5/27/2014,79.05,IQTR264649664,IQ264649488,Assets/Products,IQ61112217
4/7/2014,116.5,IQTR261692609,IQ30899345,Private Company,IQ20384612
3/27/2014,87.04,IQTR261140793,IQ47767419,Private Company,IQ23298093
3/14/2014,40.41,IQTR262732940,IQ20745020,Private Company,IQ108728786
3/10/2014,32.71,IQTR260146432,IQ1909583,Private Company,IQ33444737
1/16/2014,2860.84,IQTR254229955,IQ828596,Private Company,IQ23333
6/27/2014,26.41,IQTR267444035,IQ82100574,Public Company,IQ473928
6/11/2014,93.55,IQTR265975797,IQ265975776,Private Company,IQ882406
6/11/2014,106.78,IQTR266816268,IQ237879551,Private Company,IQ3550659
4/19/2014,29.06,IQTR265510874,IQ265510787,Private Company,IQ106674904
6/23/2014,34.61,IQTR266628662,IQ266628613,Private Company,IQ23435
5/8/2014,457.89,IQTR263511915,IQ11921517,Private Company,IQ671670
6/20/2014,30.18,IQTR266607570,IQ12702550,Private Company,IQ345779
6/10/2014,32.34,IQTR265866120,IQ24349774,Private Company,IQ260398
6/9/2014,96.4,IQTR268412529,IQ41836924,Private Company,IQ31348
6/18/2014,35,IQTR266426644,IQ266426499,Assets/Products,IQ114161779
6/10/2014,127,IQTR265895284,IQ13487884,Private Company,IQ4212269
5/27/2014,125.45,IQTR264586789,IQ83021221,Private Company,IQ2523864
5/5/2014,43.86,IQTR266415826,IQ30466749,Public Company,-
4/7/2014,327.49,IQTR261600776,IQ117343779,Private Company,IQ4471495
1/3/2014,72.83,IQTR253762782,IQ26049385,Private Company,IQ79692030
5/16/2014,193.38,IQTR263982330,IQ7133434,Private Company,IQ359017
4/14/2014,33.975,IQTR261981286,IQ536549,Private Company,IQ21865088
4/14/2014,33.975,IQTR261981286,IQ536549,Private Company,IQ19485
4/24/2014,412.57,IQTR262541292,IQ39990055,Private Company,IQ36536184
6/11/2014,71,IQTR265942989,IQ265942788,Assets/Products,IQ106848682
5/12/2014,436.78,IQTR263707289,IQ127274057,Private Company,IQ385727
9/19/2014,29.15,IQTR276851835,IQ99204440,Private Company,IQ91898344
6/3/2014,57.785,IQTR272671234,IQ65075092,Public Company,IQ33146702
6/3/2014,57.785,IQTR272671234,IQ65075092,Public Company,IQ12168658
6/3/2014,57.785,IQTR272671234,IQ65075092,Public Company,IQ285647978
6/3/2014,57.785,IQTR272671234,IQ65075092,Public Company,IQ272758478
5/20/2014,107.19,IQTR264173624,IQ264173618,Assets/Products,IQ216699132
5/13/2014,167.84,IQTR266019169,IQ266019138,Private Company,IQ119114829
6/11/2014,117.42,IQTR265929310,IQ873679,Public Company,IQ873922
6/4/2014,200.62,IQTR265437500,IQ24349948,Public Company,IQ225800411
6/21/2014,64.77,IQTR278100391,IQ278097338,Assets/Products,IQ277966
6/3/2014,31.57,IQTR265099862,IQ222624604,Private Company,IQ33769
3/13/2014,56.48,IQTR260337021,IQ260336484,Assets/Products,IQ260336734
2/13/2014,55.61,IQTR267197530,IQ245782750,Private Company,IQ144831039
6/26/2014,77.1,IQTR266899588,IQ29127463,Private Company,IQ687130
6/3/2014,55.29,IQTR265099455,IQ23185409,Private Company,IQ237625009
5/30/2014,26.25,IQTR264951328,IQ264951288,Assets/Products,IQ264951287
5/28/2014,275.72,IQTR264708148,IQ7818227,Private Company,IQ301667
3/31/2014,150.42,IQTR261272561,IQ21764846,Private Company,IQ33398
4/23/2014,100.35,IQTR262506980,IQ112572004,Private Company,IQ34323388
2/3/2014,1074,IQTR256149760,IQ25100,Private Company,IQ1588692
5/27/2014,417.69,IQTR264528559,IQ879722,Public Company,-
4/7/2014,30.21,IQTR261660666,IQ4509014,Public Company,-
5/26/2014,34.09,IQTR264901257,IQ264901027,Assets/Products,IQ23648819
3/26/2014,32,IQTR260988769,IQ260989830,Private Company,IQ2457663
6/2/2014,67.74,IQTR303161957,IQ47338412,Private Company,IQ117917600
5/20/2014,270.16,IQTR264161988,IQ264161586,Private Company,IQ247949140
4/8/2014,44.48,IQTR261658807,IQ261658774,Private Company,IQ727543
4/24/2014,75.93,IQTR262555527,IQ262555449,Assets/Products,IQ262624012
4/15/2014,35.77,IQTR262078795,IQ262078778,Assets/Products,IQ205259447
5/16/2014,29,IQTR263951593,IQ47314938,Private Company,IQ8746747
3/20/2014,192.19,IQTR260671681,IQ260671602,Assets/Products,IQ248858755
5/14/2014,72.93,IQTR263840395,IQ21927705,Private Company,IQ351308
2/13/2014,80.67,IQTR256906325,IQ354921,Private Company,IQ739110
4/2/2014,232.59,IQTR261394622,IQ4593983,Private Company,IQ172207
4/1/2014,119.5,IQTR261307072,IQ4344628,Private Company,IQ34783
2/18/2014,32.72,IQTR263890094,IQ4220537,Private Company,IQ4235266
4/24/2014,80,IQTR262603621,IQ115292895,Private Company,IQ144818730
4/14/2014,89.82,IQTR261993393,IQ41836796,Private Company,IQ338272
5/6/2014,46.66,IQTR263417389,IQ215685466,Private Company,IQ317627
3/31/2014,104.15,IQTR261241675,IQ2706533,Private Company,IQ397809
4/2/2014,34.27,IQTR261449734,IQ9004482,Private Company,IQ258769
5/7/2014,41.66,IQTR263471327,IQ37292753,Private Company,IQ30061
5/1/2014,60.96,IQTR262895925,IQ242577303,Private Company,IQ876809
4/23/2014,123.05,IQTR262499792,IQ36318914,Private Company,IQ35418
3/11/2014,42.88,IQTR260217518,IQ260217360,Assets/Products,-
9/23/2014,54.41,IQTR420364247,IQ62106569,Private Company,IQ32680604
5/2/2014,38.72,IQTR262977489,IQ262977474,Assets/Products,IQ46424806
4/30/2014,100.38,IQTR269109460,IQ12437535,Public Company,IQ10779984
4/15/2014,56.48,IQTR262067079,IQ262066933,Assets/Products,IQ81589098
4/2/2014,457.92,IQTR261380846,IQ142746546,Private Company,IQ254571
4/1/2014,267.97,IQTR261304773,IQ261304745,Private Company,IQ261308410
3/27/2014,75.2,IQTR261081956,IQ144130809,Private Company,IQ117149449
2/24/2014,440,IQTR257373460,IQ257422165,Private Company,IQ4438678
4/29/2014,524.86,IQTR262787582,IQ46011438,Private Company,IQ25798
9/30/2014,47.44,IQTR274027262,IQ274012959,Public Company,-
4/7/2014,35,IQTR261646696,IQ37260481,Private Company,-
3/11/2014,100.24,IQTR260199653,IQ6941989,Private Company,IQ361335
4/17/2014,16.1966666666667,IQTR309966684,IQ309966534,Private Company,IQ206484065
4/17/2014,16.1966666666667,IQTR309966684,IQ309966534,Private Company,IQ309966636
4/17/2014,16.1966666666667,IQTR309966684,IQ309966534,Private Company,IQ225174577
3/20/2014,53.13,IQTR260667868,IQ39827746,Private Company,IQ8952281
4/16/2014,40.62,IQTR262181261,IQ137697488,Private Company,IQ262261361
2/27/2014,39.92,IQTR259636680,IQ259636663,Assets/Products,IQ969333
2/18/2014,133.78,IQTR257086243,IQ4212111,Private Company,IQ94614
2/17/2014,100,IQTR257035990,IQ257035954,Assets/Products,IQ51784479
4/11/2014,33.55,IQTR261909914,IQ23000826,Private Company,IQ21531
4/10/2014,79.17,IQTR261800812,IQ116572991,Private Company,IQ255743
4/10/2014,28.65,IQTR261963459,IQ261963436,Private Company,IQ4481923
3/24/2014,29.74,IQTR260850767,IQ9174686,Private Company,IQ396177
4/2/2014,50.17,IQTR261383587,IQ30969794,Private Company,IQ308402
4/1/2014,72.43,IQTR261307803,IQ106780032,Private Company,IQ36478
2/24/2014,665.62,IQTR257364134,IQ6889117,Private Company,IQ19685
2/21/2014,68.48,IQTR257280381,IQ61130395,Private Company,IQ8121614
2/3/2014,8.618,IQTR256182661,IQ256182605,Assets/Products,IQ256818994
2/3/2014,8.618,IQTR256182661,IQ256182605,Assets/Products,IQ256819032
2/3/2014,8.618,IQTR256182661,IQ256182605,Assets/Products,IQ26606391
2/3/2014,8.618,IQTR256182661,IQ256182605,Assets/Products,IQ256818948
2/3/2014,8.618,IQTR256182661,IQ256182605,Assets/Products,IQ256819126
1/17/2014,30,IQTR254336027,IQ254335932,Assets/Products,IQ1514127
5/13/2014,57,IQTR263829699,IQ263829523,Assets/Products,IQ46775252
3/31/2014,29.03,IQTR261276559,IQ261286683,Assets/Products,IQ320908
3/20/2014,38.1,IQTR260851783,IQ260851431,Assets/Products,IQ118046574
3/13/2014,134,IQTR260325900,IQ716912,Private Company,IQ288639174
3/4/2014,25.23,IQTR261274670,IQ261274532,Assets/Products,IQ216699132
2/17/2014,16.72,IQTR257065863,IQ225173671,Private Company,IQ41925516
2/17/2014,16.72,IQTR257065863,IQ225173671,Private Company,IQ44680194
2/17/2014,16.72,IQTR257065863,IQ225173671,Private Company,IQ46711778
1/7/2014,46.27,IQTR253821275,IQ253821020,Assets/Products,IQ406896
3/31/2014,29.03,IQTR261245380,IQ261245370,Assets/Products,IQ243364886
3/28/2014,29.77,IQTR261226103,IQ261225159,Assets/Products,IQ275442
3/28/2014,26.87,IQTR261607558,IQ20992494,Private Company,IQ11129543
3/6/2014,451.82,IQTR259985962,IQ41863510,Private Company,IQ1939962
3/28/2014,82.91,IQTR261788450,IQ117431533,Private Company,IQ31232183
2/28/2014,70.95,IQTR260556847,IQ260547340,Private Company,IQ5467306
2/12/2014,45.97,IQTR256867051,IQ256866490,Private Company,IQ133551169
3/25/2014,72.6,IQTR260939568,IQ128793039,Private Company,IQ21127
8/20/2014,26.62,IQTR272139724,IQ272139413,Private Company,-
3/25/2014,46.6,IQTR261313556,IQ261313494,Private Company,IQ9616109
1/6/2014,776.82,IQTR253768137,IQ253768114,Assets/Products,IQ433088
1/23/2014,88.05,IQTR254570807,IQ13558371,Private Company,IQ1970820
3/13/2014,134.14,IQTR260323856,IQ47874993,Private Company,IQ125070
2/11/2014,1004.54,IQTR256754351,IQ11114186,Private Company,IQ232036063
3/17/2014,26.88,IQTR260480265,IQ260480206,Assets/Products,IQ205259447
3/13/2014,85,IQTR260575303,IQ50988011,Private Company,IQ137565702
3/12/2014,29.39,IQTR260260875,IQ260259506,Private Company,IQ29814917
2/3/2014,232.77,IQTR256184009,IQ4280402,Private Company,IQ11463664
3/13/2014,89.82,IQTR260338408,IQ260338304,Assets/Products,IQ265872231
2/27/2014,105.01,IQTR257555562,IQ34537662,Private Company,IQ116787072
1/22/2014,421.94,IQTR254525903,IQ4317712,Private Company,IQ361335
3/14/2014,28.03,IQTR260523752,IQ260523629,Assets/Products,IQ54170691
1/12/2014,224.54,IQTR254033302,IQ33835,Private Company,IQ2796659
3/3/2014,35.21,IQTR259778372,IQ259778356,Assets/Products,IQ46424806
2/28/2014,28.97,IQTR261606002,IQ261605747,Private Company,IQ1274252
2/12/2014,28.66,IQTR256828041,IQ256827803,Assets/Products,IQ6513773
2/4/2014,297.24,IQTR256384159,IQ54339053,Private Company,IQ31822
2/26/2014,54.15,IQTR260021722,IQ260021280,Private Company,IQ12005909
1/30/2014,27.72,IQTR260107256,IQ881604,Private Company,IQ142747
2/19/2014,52.32,IQTR257509145,IQ39990055,Private Company,IQ429090
2/24/2014,225,IQTR257371764,IQ137026703,Private Company,IQ21007
1/21/2014,359.28,IQTR254458820,IQ35649399,Private Company,IQ294957
1/8/2014,206.47,IQTR253885339,IQ24625165,Private Company,IQ308047
2/17/2014,185.33,IQTR257029498,IQ235904421,Private Company,IQ382553
2/17/2014,1070.15333333333,IQTR257044613,IQ968903,Public Company,IQ21863226
2/17/2014,1070.15333333333,IQTR257044613,IQ968903,Public Company,IQ879208
2/17/2014,1070.15333333333,IQTR257044613,IQ968903,Public Company,IQ257045681
2/18/2014,65.43,IQTR257551135,IQ257551108,Assets/Products,IQ106530929
1/29/2014,151.92,IQTR254849469,IQ104486815,Private Company,IQ742365
1/21/2014,250.84,IQTR254468042,IQ4210761,Private Company,IQ177031
1/13/2014,36.98,IQTR254068368,IQ9428678,Private Company,IQ409956
2/28/2014,30.34,IQTR260037868,IQ25359265,Private Company,IQ34783
2/11/2014,64.02,IQTR256815273,IQ256780383,Private Company,IQ6817420
1/30/2014,26.56,IQTR255640099,IQ32490877,Private Company,IQ36732
1/21/2014,14.57,IQTR254516439,IQ254516187,Assets/Products,IQ116234145
1/21/2014,14.57,IQTR254516439,IQ254516187,Assets/Products,IQ253700170
2/14/2014,33.85,IQTR260744229,IQ26305239,Private Company,IQ25119610
2/4/2014,68.87,IQTR256376299,IQ26340749,Private Company,IQ111790273
1/9/2014,103.01,IQTR253928960,IQ298014,Private Company,IQ268108597
1/6/2014,50,IQTR253762385,IQ253762366,Assets/Products,IQ339447
1/29/2014,16.475,IQTR256431587,IQ33017377,Private Company,IQ9985453
1/29/2014,16.475,IQTR256431587,IQ33017377,Private Company,IQ4393317
1/8/2014,2134.26,IQTR253877203,IQ83524476,Private Company,IQ273276
1/30/2014,62.6,IQTR255640096,IQ255634536,Private Company,IQ36732
1/21/2014,119.52,IQTR254458733,IQ254458677,Assets/Products,IQ25605
1/28/2014,128.33,IQTR256414566,IQ84236640,Private Company,IQ21145
1/7/2014,51.41,IQTR253819374,IQ10916899,Private Company,IQ12263763
1/22/2014,25.5,IQTR254527245,IQ254527165,Private Company,IQ875682
1/17/2014,221.21,IQTR254290782,IQ254290713,Assets/Products,IQ294048
1/13/2014,39.57,IQTR254061938,IQ254061887,Private Company,IQ31232183
1/8/2014,69.92,IQTR253883475,IQ253883424,Assets/Products,IQ45822081
1/8/2014,25.76,IQTR683318888,IQ35415654,Private Company,IQ245787507
1/8/2014,25.76,IQTR683318888,IQ35415654,Private Company,IQ42626747
1/7/2014,29.38,IQTR253820046,IQ40815734,Private Company,IQ103678
1/6/2014,32.2,IQTR253766201,IQ50043137,Private Company,IQ118046574
1/6/2014,31.81,IQTR253769021,IQ253768996,Assets/Products,IQ46424806
1/2/2014,32.22,IQTR253674651,IQ84678670,Private Company,IQ50232026
1/16/2014,41.42,IQTR254214012,IQ254213961,Assets/Products,IQ722005
1/13/2014,183.19,IQTR254100014,IQ4293311,Private Company,IQ254098862
1/7/2014,52.33,IQTR254105958,IQ254105935,Assets/Products,IQ127095032
1/6/2014,162.69,IQTR253778146,IQ20342930,Private Company,IQ31348
7/8/2014,27.56,IQTR269956178,IQ109766535,Private Company,IQ270447147
1/7/2014,227.68,IQTR253852658,IQ253851953,Assets/Products,IQ54170691
