12/4/2012,43.43,IQTR225230065,IQ4221046,Private Company,IQ25454524
11/29/2012,65.49,IQTR224918406,IQ131465099,Private Company,IQ25454524
8/29/2012,159.96,IQTR216246913,IQ216246719,Assets/Products,IQ83338793
5/21/2012,19.16,IQTR207366751,IQ207365219,Assets/Products,IQ146224717
5/21/2012,19.16,IQTR207366751,IQ207365219,Assets/Products,IQ113640272
8/31/2012,78.95,IQTR260032963,IQ251890853,Private Company,IQ131588013
9/28/2012,33.68,IQTR222364318,IQ931969,Private Company,IQ25454524
7/30/2012,451.27,IQTR214877324,IQ9609681,Private Company,IQ59440835
11/30/2012,189.94,IQTR224930356,IQ12762301,Private Company,IQ13333860
12/4/2012,3069.19,IQTR224873355,IQ274350,Private Company,IQ254571
12/19/2012,49.09,IQTR225412797,IQ154143514,Private Company,IQ326614
8/27/2012,166.6,IQTR216138802,IQ117028408,Private Company,IQ20461623
12/7/2012,74.455,IQTR225093300,IQ225093068,Assets/Products,IQ91829
12/7/2012,74.455,IQTR225093300,IQ225093068,Assets/Products,IQ5489573
11/21/2012,410.92,IQTR224455644,IQ22514966,Private Company,IQ882504
5/4/2012,529.9,IQTR206373058,IQ9735895,Private Company,IQ5527739
10/12/2012,88.82,IQTR222903879,IQ222903596,Private Company,IQ4166312
5/10/2012,91.7,IQTR206758410,IQ206757627,Private Company,IQ13318925
5/30/2012,55.65,IQTR208753500,IQ4306425,Private Company,IQ4249442
9/12/2012,247.61,IQTR216985454,IQ24164591,Public Company,-
12/16/2012,463.48,IQTR225287964,IQ51738462,Private Company,IQ22549109
8/20/2012,4638.76,IQTR215768945,IQ27133,Private Company,IQ655542
11/13/2012,49.9,IQTR224224123,IQ99727559,Private Company,IQ5532747
10/10/2012,32.97,IQTR222919420,IQ24964323,Private Company,IQ5523549
4/29/2012,30.94,IQTR205009034,IQ28070034,Private Company,IQ94613
3/27/2012,749.07,IQTR183209617,IQ13102719,Private Company,IQ5281857
10/8/2012,1131.2,IQTR232625551,IQ38610394,Private Company,IQ232629116
12/21/2012,400,IQTR225832698,IQ21935067,Private Company,IQ22299079
12/20/2012,26.94,IQTR225434950,IQ3156518,Private Company,IQ31250044
7/16/2012,133.31,IQTR214242338,IQ138823105,Private Company,IQ30738939
10/26/2012,31.92,IQTR223609327,IQ44674626,Private Company,IQ12073933
10/24/2012,25.46,IQTR223379409,IQ236898542,Private Company,IQ29374
10/24/2012,124.99,IQTR223692166,IQ4245722,Private Company,IQ9460187
7/6/2012,16.2833333333333,IQTR213679645,IQ38682768,Private Company,IQ112700966
7/6/2012,16.2833333333333,IQTR213679645,IQ38682768,Private Company,IQ23307
7/6/2012,16.2833333333333,IQTR213679645,IQ38682768,Private Company,IQ685598
12/10/2012,282.36,IQTR225069439,IQ883596,Private Company,IQ225069241
9/17/2012,101.64,IQTR217302370,IQ27427255,Private Company,IQ320766695
12/11/2012,141.86,IQTR225099011,IQ21771648,Private Company,IQ4247454
12/25/2012,498.91,IQTR225545179,IQ23316169,Private Company,IQ694069
11/19/2012,294.28,IQTR224381392,IQ885129,Private Company,IQ36732
6/12/2012,160.31,IQTR208634558,IQ4271253,Private Company,IQ165266
10/22/2012,36.19,IQTR223279273,IQ6424916,Private Company,IQ47228485
8/31/2012,163.21,IQTR216449091,IQ4481200,Public Company,IQ216488211
12/20/2012,74.8,IQTR225436657,IQ5692453,Private Company,IQ237625009
10/25/2012,1499.61,IQTR223402275,IQ100937,Private Company,IQ288195
10/16/2012,25.09,IQTR222991190,IQ222990726,Assets/Products,IQ8728880
12/20/2012,128.6,IQTR225435160,IQ6545930,Private Company,IQ878918
5/22/2012,113.715,IQTR207214347,IQ207213997,Private Company,IQ34018745
5/22/2012,113.715,IQTR207214347,IQ207213997,Private Company,IQ207214312
9/24/2012,1116.75,IQTR217621559,IQ4481003,Private Company,IQ18613
12/20/2012,198.01,IQTR225467277,IQ225467170,Assets/Products,IQ22173652
12/12/2012,370.24,IQTR225158068,IQ1192308,Private Company,IQ29002
5/9/2012,35.23,IQTR206607733,IQ40985067,Private Company,-
12/13/2012,68.8,IQTR225204560,IQ4540610,Private Company,IQ220168
3/26/2012,119.03,IQTR183032500,IQ61633032,Private Company,IQ345779
12/4/2012,245.04,IQTR224874054,IQ382151,Private Company,IQ2918947
11/21/2012,705.47,IQTR224456088,IQ38839879,Private Company,IQ43028822
10/14/2012,35.97,IQTR222947484,IQ142372041,Public Company,IQ31348
8/31/2012,61.77,IQTR216447265,IQ4481200,Public Company,IQ216488211
9/21/2012,394.65,IQTR217540625,IQ27531,Private Company,IQ12933257
12/17/2012,233.3,IQTR225335133,IQ23184357,Private Company,IQ3608706
11/2/2012,90,IQTR223950555,IQ46130533,Private Company,IQ326054
12/21/2012,114.45,IQTR225551552,IQ91108,Private Company,IQ32856074
12/14/2012,76.12,IQTR225292643,IQ225292500,Assets/Products,IQ687223
10/12/2012,47.885,IQTR222900629,IQ222900372,Assets/Products,IQ876885
10/12/2012,47.885,IQTR222900629,IQ222900372,Assets/Products,IQ50264447
7/20/2012,101.64,IQTR214529667,IQ866363,Private Company,IQ731580
7/10/2012,70.75,IQTR213783942,IQ61040708,Private Company,IQ213783737
9/17/2012,52.53,IQTR217630638,IQ8955239,Private Company,IQ91829
12/21/2012,71.37,IQTR225803725,IQ34284746,Private Company,IQ22239281
12/16/2012,53,IQTR225286833,IQ225286744,Assets/Products,IQ255743
12/26/2012,208.02,IQTR225589733,IQ59606324,Private Company,IQ31232183
9/18/2012,47.88,IQTR217325884,IQ217325869,Assets/Products,IQ875924
9/14/2012,24.625,IQTR217099171,IQ217372015,Assets/Products,IQ19141
9/14/2012,24.625,IQTR217099171,IQ217372015,Assets/Products,IQ85066278
9/14/2012,24.625,IQTR217099171,IQ217372015,Assets/Products,IQ21401
9/14/2012,24.625,IQTR217099171,IQ217372015,Assets/Products,IQ277914
8/22/2012,1178.56,IQTR215902296,IQ34922,Private Company,IQ277914
12/17/2012,60,IQTR225296313,IQ2569475,Private Company,IQ874425
12/12/2012,286.84,IQTR225242614,IQ108412433,Private Company,IQ35418
11/12/2012,15.11,IQTR224175909,IQ128544,Private Company,IQ31210570
11/12/2012,15.11,IQTR224175909,IQ128544,Private Company,IQ224321137
11/12/2012,15.11,IQTR224175909,IQ128544,Private Company,IQ1144623
10/17/2012,84,IQTR223119765,IQ3465976,Private Company,IQ7757640
9/14/2012,110.29,IQTR217081427,IQ865379,Private Company,IQ6462903
12/31/2012,147.9,IQTR225674057,IQ35649399,Private Company,IQ20117
12/6/2012,31.61,IQTR225012307,IQ951773,Private Company,-
12/5/2012,27.67,IQTR224911931,IQ171882107,Private Company,IQ12204568
11/27/2012,115.93,IQTR224662852,IQ35672833,Private Company,IQ26259736
11/27/2012,87.38,IQTR224663542,IQ224663383,Private Company,IQ224663493
10/9/2012,78.35,IQTR222697831,IQ222697748,Assets/Products,IQ105659883
10/8/2012,45.8,IQTR222682157,IQ34863370,Public Company,IQ223433230
9/6/2012,100,IQTR217425320,IQ217425174,Assets/Products,IQ58217972
5/22/2012,43.16,IQTR207228677,IQ137694155,Private Company,IQ73586756
4/8/2012,110.79,IQTR183959930,IQ10438041,Private Company,IQ283857
12/31/2012,31.25,IQTR225678616,IQ100474711,Private Company,IQ6464963
12/28/2012,34.04,IQTR225630700,IQ45090413,Private Company,IQ319092
12/28/2012,30.26,IQTR225799548,IQ225799475,Assets/Products,IQ131588013
11/14/2012,106.11,IQTR224237247,IQ9390010,Private Company,IQ72526252
10/19/2012,38.4,IQTR225653727,IQ4366855,Private Company,IQ1025549
12/27/2012,91.22,IQTR225620226,IQ104485405,Private Company,IQ217830615
12/27/2012,160.28,IQTR225629772,IQ12485458,Private Company,IQ18759
7/9/2012,3760.68,IQTR213690330,IQ24801,Private Company,IQ160077
12/27/2012,54.44,IQTR225600758,IQ98386,Private Company,IQ32717
11/28/2012,151.2675,IQTR224658589,IQ6490054,Private Company,IQ6515823
11/28/2012,151.2675,IQTR224658589,IQ6490054,Private Company,IQ241488186
11/28/2012,151.2675,IQTR224658589,IQ6490054,Private Company,IQ48668690
11/28/2012,151.2675,IQTR224658589,IQ6490054,Private Company,IQ1588692
11/5/2012,622.26,IQTR223957480,IQ375571,Private Company,IQ29618
11/5/2012,999.31,IQTR223970540,IQ6921034,Private Company,IQ3206502
7/26/2012,35,IQTR214720160,IQ22009030,Private Company,IQ27292494
12/20/2012,32.53,IQTR225524898,IQ225524881,Assets/Products,IQ4276705
2/16/2012,101,IQTR170952086,IQ113070407,Private Company,IQ24246
11/26/2012,128.87,IQTR224602285,IQ871587,Private Company,IQ319791
11/8/2012,171.39,IQTR224080594,IQ367874,Private Company,IQ349515
11/5/2012,57.14,IQTR223998412,IQ223998369,Assets/Products,IQ228797472
12/31/2012,43.8333333333333,IQTR253030668,IQ253030523,Assets/Products,IQ20904544
12/31/2012,43.8333333333333,IQTR253030668,IQ253030523,Assets/Products,IQ241652038
12/31/2012,43.8333333333333,IQTR253030668,IQ253030523,Assets/Products,IQ97351862
12/19/2012,75.44,IQTR225437027,IQ225436961,Private Company,IQ874804
12/18/2012,32.58,IQTR225339831,IQ21765555,Private Company,IQ1574627
12/17/2012,68.35,IQTR225795561,IQ12438603,Private Company,IQ382553
10/19/2012,32.67,IQTR223238884,IQ96183113,Private Company,IQ33405327
12/17/2012,37.21,IQTR225334136,IQ225334079,Assets/Products,IQ106530929
10/29/2012,197.84,IQTR223636314,IQ223897597,Assets/Products,IQ124307
12/13/2012,64.98,IQTR225238603,IQ28093488,Private Company,IQ33384931
12/3/2012,50.47,IQTR224816578,IQ26593570,Private Company,IQ2523864
7/20/2012,854.41,IQTR214521578,IQ235654921,Private Company,IQ1029989
9/3/2012,2506.35,IQTR216450232,IQ322481,Private Company,IQ345779
7/31/2012,456.48,IQTR215150353,IQ47691015,Private Company,IQ160402528
12/10/2012,310.19,IQTR225070610,IQ27441,Private Company,IQ24816
11/8/2012,67.95,IQTR224079817,IQ214798109,Private Company,IQ214398858
11/6/2012,102,IQTR224018629,IQ224018555,Assets/Products,IQ107608
4/3/2012,209.99,IQTR183645638,IQ183645591,Assets/Products,IQ171116
11/11/2012,188.84,IQTR224614920,IQ49437271,Private Company,IQ61567087
12/4/2012,36.32,IQTR224967084,IQ224967011,Assets/Products,IQ223843303
12/3/2012,65.05,IQTR225472712,IQ42188009,Private Company,IQ225471609
8/15/2012,209.14,IQTR215618709,IQ215618529,Assets/Products,IQ65914087
6/20/2012,251.9,IQTR210001065,IQ130911294,Private Company,IQ7658699
4/20/2012,200.16,IQTR204678980,IQ204678567,Assets/Products,IQ4481307
12/3/2012,32.91,IQTR229121241,IQ229121201,Assets/Products,IQ106530929
11/14/2012,30.59,IQTR224217586,IQ107988784,Private Company,IQ240497495
11/6/2012,109.29,IQTR223987854,IQ76451355,Private Company,IQ22399604
10/30/2012,37.8,IQTR223846687,IQ13429681,Private Company,IQ223846677
9/21/2012,89.92,IQTR217627033,IQ217626917,Assets/Products,IQ30533300
7/10/2012,82.37,IQTR213782100,IQ366747285,Assets/Products,IQ45531671
3/23/2012,119.14,IQTR223289455,IQ4717109,Private Company,IQ224956638
10/22/2012,520.57,IQTR223288285,IQ32625483,Private Company,IQ162270
11/8/2012,37.26,IQTR224168480,IQ25119230,Private Company,IQ259627
11/26/2012,124.59,IQTR224570253,IQ3129354,Public Company,IQ796830
10/8/2012,44.67,IQTR222694729,IQ4492933,Private Company,IQ222694559
11/23/2012,32,IQTR224597664,IQ139944689,Private Company,IQ21811775
10/8/2012,53.15,IQTR222651531,IQ4492933,Private Company,IQ222694559
9/20/2012,788,IQTR217468052,IQ640076,Private Company,IQ382826
11/8/2012,333.35,IQTR224079726,IQ50038911,Private Company,IQ317627
11/1/2012,79.2,IQTR223874243,IQ26633194,Private Company,IQ96944
10/16/2012,67.06,IQTR222991624,IQ222991554,Private Company,IQ687223
11/6/2012,39.12,IQTR224024552,IQ4614857,Private Company,IQ304383
10/3/2012,92.97,IQTR222506898,IQ6667226,Private Company,IQ28606250
11/12/2012,53.49,IQTR224226126,IQ30558480,Private Company,IQ268363
11/13/2012,31.92,IQTR224231249,IQ224231217,Private Company,IQ26259736
9/12/2012,149.88,IQTR216957978,IQ355786,Private Company,IQ50876542
11/12/2012,19.665,IQTR224179003,IQ104608343,Private Company,IQ33636
11/12/2012,19.665,IQTR224179003,IQ104608343,Private Company,IQ182851961
9/19/2012,86.47,IQTR217369588,IQ9590195,Private Company,IQ747487
8/15/2012,221.64,IQTR215625270,IQ215624978,Assets/Products,IQ25062
8/14/2012,42.25,IQTR215712364,IQ215712317,Assets/Products,IQ222644532
8/14/2012,42.25,IQTR215712364,IQ215712317,Assets/Products,IQ35107804
11/6/2012,59.88,IQTR224093493,IQ78940307,Private Company,IQ877408
10/9/2012,46.58,IQTR222758681,IQ222758632,Assets/Products,IQ323452
9/27/2012,26.475,IQTR222346693,IQ23971224,Private Company,IQ19141
9/27/2012,26.475,IQTR222346693,IQ23971224,Private Company,IQ20711
8/22/2012,19.7,IQTR216796095,IQ108998194,Private Company,IQ25553237
8/22/2012,19.7,IQTR216796095,IQ108998194,Private Company,IQ64783408
11/2/2012,28.03,IQTR223909416,IQ117020603,Private Company,IQ4353697
11/1/2012,26.5,IQTR223880862,IQ30941374,Private Company,IQ250079
10/16/2012,103.55,IQTR223004922,IQ145786961,Private Company,IQ94614
9/27/2012,634.54,IQTR217850497,IQ109847631,Private Company,IQ31348
6/26/2012,26.08,IQTR224165697,IQ224165587,Assets/Products,IQ34018745
6/26/2012,26.08,IQTR224165697,IQ224165587,Assets/Products,IQ224165276
5/21/2012,3675.81,IQTR207118098,IQ13291287,Private Company,IQ35644
10/15/2012,455.27,IQTR222929298,IQ24907088,Private Company,IQ687117
10/15/2012,30.41,IQTR222976084,IQ47825529,Private Company,IQ5639104
10/4/2012,46.17,IQTR222554278,IQ848731,Private Company,IQ22399604
9/17/2012,280.3,IQTR217288714,IQ280978,Private Company,IQ254725
4/25/2012,4535.79,IQTR204871687,IQ10637389,Private Company,IQ105703474
4/10/2012,558.19,IQTR184120811,IQ6742751,Private Company,IQ173840
10/16/2012,47.56,IQTR223113201,IQ223113113,Assets/Products,IQ96944
10/29/2012,90.77,IQTR223637941,IQ223637907,Assets/Products,IQ223762221
6/26/2012,947.24,IQTR212367413,IQ212361874,Private Company,IQ879722
10/8/2012,2998.32,IQTR222657667,IQ38610394,Private Company,IQ104673
9/27/2012,25.14,IQTR217850744,IQ217850633,Assets/Products,IQ222954013
10/24/2012,48.22,IQTR223384140,IQ223383259,Assets/Products,IQ370279
8/13/2012,223.6,IQTR215549425,IQ215549157,Assets/Products,IQ307430
10/22/2012,35.67,IQTR223303883,IQ40819904,Private Company,IQ273276
10/23/2012,127.29,IQTR223355885,IQ6526495,Private Company,IQ4298785
8/27/2012,178.65,IQTR216069354,IQ46876812,Private Company,IQ882406
10/16/2012,57.91,IQTR223116472,IQ22695571,Private Company,IQ34783
10/16/2012,26.46,IQTR223119621,IQ30743616,Private Company,IQ34783
10/8/2012,42.47,IQTR222691162,IQ46277135,Private Company,IQ4803544
9/6/2012,75.22,IQTR216643551,IQ216643414,Assets/Products,IQ8101165
10/15/2012,28.97,IQTR222962715,IQ30666,Private Company,IQ843132
6/8/2012,87.76,IQTR216424971,IQ882224,Private Company,IQ873964
10/11/2012,42.76,IQTR222849064,IQ115026782,Private Company,IQ108522
10/10/2012,32.5,IQTR222800415,IQ29228440,Private Company,IQ411220
10/10/2012,28.15,IQTR222917177,IQ222916748,Assets/Products,IQ3022950
6/4/2012,413.68,IQTR208324288,IQ26988229,Private Company,IQ36040
10/9/2012,137.51,IQTR222696023,IQ50238579,Private Company,IQ877699
10/8/2012,204.25,IQTR222677184,IQ24456407,Private Company,IQ317627
8/28/2012,6.002,IQTR216170066,IQ9994690,Public Company,IQ99861
8/28/2012,6.002,IQTR216170066,IQ9994690,Public Company,IQ41311090
8/28/2012,6.002,IQTR216170066,IQ9994690,Public Company,IQ22074422
8/28/2012,6.002,IQTR216170066,IQ9994690,Public Company,IQ58859794
8/28/2012,6.002,IQTR216170066,IQ9994690,Public Company,IQ49679052
10/8/2012,38.54,IQTR222661797,IQ51738168,Private Company,IQ30253
10/10/2012,52,IQTR222858392,IQ222858284,Assets/Products,IQ106848682
9/19/2012,84.18,IQTR217408435,IQ31315691,Private Company,IQ317627
8/24/2012,124.79,IQTR216017427,IQ25497514,Private Company,IQ32591432
9/24/2012,77.48,IQTR217634632,IQ62130841,Private Company,IQ21609
10/1/2012,77.42,IQTR222430195,IQ222429984,Assets/Products,IQ222430159
10/1/2012,205.15,IQTR222438244,IQ7879508,Private Company,IQ346200
8/27/2012,94.28,IQTR216156452,IQ216155907,Assets/Products,IQ24309590
8/3/2012,43.69,IQTR215142911,IQ5755261,Private Company,IQ2422852
7/17/2012,232.11,IQTR214341625,IQ5498805,Private Company,IQ9248638
7/17/2012,69.98,IQTR214356867,IQ5510376,Private Company,IQ9248638
5/28/2012,33.12,IQTR207721674,IQ207721513,Private Company,IQ873679
5/1/2012,70.32,IQTR205268053,IQ4457855,Private Company,IQ4235275
9/6/2012,495,IQTR216732816,IQ216732780,Assets/Products,IQ109049328
8/13/2012,202.54,IQTR215562047,IQ215561675,Assets/Products,IQ162270
10/5/2012,37.85,IQTR222883730,IQ222883703,Assets/Products,IQ277914
10/4/2012,90.04,IQTR222558344,IQ30046720,Private Company,IQ58102918
9/28/2012,82.86,IQTR222363958,IQ222361918,Assets/Products,IQ8956582
9/27/2012,179.09,IQTR217828853,IQ217828812,Private Company,IQ346200
8/31/2012,254.89,IQTR216412229,IQ50232026,Private Company,IQ171135784
7/16/2012,1825.53,IQTR214244647,IQ294957,Private Company,IQ23307
3/21/2012,28.25,IQTR182741586,IQ13501124,Private Company,IQ182737541
10/1/2012,65.8,IQTR222433406,IQ222432622,Assets/Products,IQ54170691
9/24/2012,102.65,IQTR217696045,IQ217695926,Assets/Products,IQ345779
9/25/2012,59.94,IQTR217748094,IQ217747972,Private Company,IQ217749448
7/19/2012,330,IQTR214461872,IQ28446307,Private Company,IQ873964
6/11/2012,138.68,IQTR208552042,IQ31079,Private Company,IQ22607598
10/30/2012,61.67,IQTR223750032,IQ4717238,Private Company,IQ12344550
9/19/2012,82.65,IQTR217383983,IQ9664036,Private Company,IQ29753
7/16/2012,754.2,IQTR214246397,IQ6529000,Private Company,IQ97023
7/24/2012,30.295,IQTR214625135,IQ10062524,Private Company,IQ215382636
7/24/2012,30.295,IQTR214625135,IQ10062524,Private Company,IQ39349879
9/12/2012,46.47,IQTR217238420,IQ217237970,Assets/Products,IQ277914
9/10/2012,111.84,IQTR216888359,IQ38790717,Private Company,IQ13291287
9/7/2012,64.14,IQTR216826981,IQ879868,Public Company,IQ25359781
8/31/2012,40.56,IQTR216421525,IQ30950655,Private Company,IQ875515
8/8/2012,25.42,IQTR215374595,IQ172003285,Private Company,IQ20384612
8/30/2012,343.85,IQTR216342535,IQ84932047,Private Company,IQ34219
4/5/2012,158.01,IQTR183802796,IQ24623,Private Company,IQ371481
3/6/2012,367.97,IQTR172833811,IQ4245830,Private Company,IQ133840736
8/17/2012,592.9,IQTR215697445,IQ687117,Private Company,IQ19685
4/2/2012,34.34,IQTR183796157,IQ4324432,Private Company,IQ4183107
10/26/2012,156.91,IQTR223506570,IQ223506561,Assets/Products,IQ324452
9/18/2012,191.68,IQTR217320765,IQ217320708,Assets/Products,IQ277914
9/4/2012,53.91,IQTR216496573,IQ216495646,Private Company,IQ216496505
8/31/2012,75.56,IQTR216407562,IQ106850365,Private Company,IQ111790273
8/20/2012,49.41,IQTR215758000,IQ215757702,Assets/Products,IQ879382
8/20/2012,60.75,IQTR215768656,IQ35555262,Private Company,IQ311760
7/24/2012,131.7,IQTR214574908,IQ51615705,Private Company,IQ294382
7/2/2012,38.97,IQTR212808873,IQ212807247,Assets/Products,IQ231661835
6/8/2012,295.19,IQTR211861905,IQ882224,Private Company,IQ873964
4/4/2012,145.21,IQTR206886143,IQ206885933,Private Company,IQ39739485
3/30/2012,36.72,IQTR183560468,IQ183555104,Private Company,IQ878060
2/16/2012,85.78,IQTR170970932,IQ170970902,Assets/Products,IQ405201
7/23/2012,148.62,IQTR214569025,IQ27164626,Private Company,IQ275510560
8/6/2012,31.25,IQTR215156071,IQ8792910,Private Company,IQ120514
7/16/2012,48.51,IQTR214248030,IQ28706202,Private Company,IQ11128002
8/27/2012,51.48,IQTR216093118,IQ30513579,Private Company,IQ103678
8/8/2012,61.24,IQTR215312721,IQ215561489,Assets/Products,IQ2214205
7/30/2012,1155.28,IQTR214842120,IQ365092,Private Company,IQ22751
8/21/2012,25.28,IQTR216059436,IQ216059121,Assets/Products,IQ277914
7/2/2012,861.41,IQTR212801732,IQ230297,Private Company,IQ19023
7/18/2012,36.88,IQTR214392504,IQ214939249,Assets/Products,IQ843722
7/17/2012,221.01,IQTR214310081,IQ6927396,Private Company,IQ34783
6/25/2012,268.35,IQTR212019906,IQ212018890,Private Company,IQ1011949
5/31/2012,186.22,IQTR208166593,IQ208165357,Assets/Products,-
6/13/2012,336.43,IQTR208640553,IQ22071207,Private Company,IQ2989485
7/17/2012,403.55,IQTR214324704,IQ39282433,Private Company,IQ31044307
5/31/2012,59.1,IQTR216060728,IQ216060086,Assets/Products,IQ277914
7/1/2012,3545.5,IQTR212738118,IQ30839,Private Company,IQ874425
6/29/2012,5476.47,IQTR212731877,IQ24846,Private Company,IQ25798
6/11/2012,910,IQTR208552079,IQ8134583,Private Company,IQ106667
6/11/2012,910,IQTR208552079,IQ8134583,Private Company,IQ21007
6/17/2012,43.22,IQTR209006403,IQ7658035,Public Company,-
6/19/2012,5271.57,IQTR209629244,IQ225389440,Private Company,IQ93624
4/19/2012,2835.78,IQTR204614583,IQ29617,Private Company,IQ275442
4/30/2012,3110.63,IQTR205036152,IQ3053288,Private Company,IQ108544
8/8/2012,33.15,IQTR215378694,IQ30764218,Private Company,IQ220168
8/1/2012,43.91,IQTR214977722,IQ214977323,Assets/Products,IQ326651
7/4/2012,100,IQTR214141049,IQ1925747,Private Company,IQ29931274
6/4/2012,198.61,IQTR208331377,IQ31346,Private Company,IQ30643
5/30/2012,168.49,IQTR213620392,IQ213620219,Assets/Products,IQ4223329
6/27/2012,25.68,IQTR212636120,IQ38686002,Private Company,IQ11367675
7/25/2012,34.66,IQTR214648632,IQ84214528,Private Company,IQ30253
6/8/2012,72.93,IQTR208539475,IQ1461637,Private Company,IQ250123
7/25/2012,330.06,IQTR214701020,IQ12531084,Private Company,IQ24790160
6/11/2012,243.16,IQTR208577710,IQ208577693,Assets/Products,IQ4223329
5/7/2012,40.44,IQTR206351514,IQ24466999,Private Company,IQ884259
7/23/2012,100.28,IQTR214547340,IQ214547304,Assets/Products,IQ29814917
5/2/2012,1159.84,IQTR206208588,IQ4730782,Private Company,IQ25392162
5/2/2012,46.99,IQTR206418922,IQ81833069,Private Company,IQ51591844
6/6/2012,28.36,IQTR208447717,IQ208447640,Private Company,IQ28958752
3/27/2012,32.63,IQTR183214736,IQ4740782,Private Company,IQ183481479
7/19/2012,62.81,IQTR214567689,IQ26988308,Private Company,IQ30814
7/13/2012,47.75,IQTR214217186,IQ51752847,Private Company,IQ393488
6/7/2012,30.34,IQTR208459841,IQ357445,Private Company,IQ8746747
4/30/2012,507.5,IQTR205025815,IQ126601,Private Company,IQ139011
4/30/2012,507.5,IQTR205025815,IQ126601,Private Company,IQ2862785
2/1/2012,72.005,IQTR159200546,IQ30716190,Private Company,IQ4191857
2/1/2012,72.005,IQTR159200546,IQ30716190,Private Company,IQ25360519
9/8/2012,58.66,IQTR216819514,IQ558652,Private Company,IQ45980660
9/8/2012,58.66,IQTR216819514,IQ558652,Private Company,IQ21007
7/11/2012,106.57,IQTR214035822,IQ214035738,Assets/Products,IQ115881768
7/9/2012,48.78,IQTR213701569,IQ237533810,Private Company,IQ411496
4/10/2012,252.33,IQTR184124624,IQ7687675,Private Company,IQ24816
7/9/2012,52.84,IQTR213699418,IQ733365,Private Company,IQ356983
6/21/2012,224.63,IQTR212073181,IQ21826518,Private Company,IQ21465
6/21/2012,224.63,IQTR212073181,IQ21826518,Private Company,IQ1502364
5/30/2012,203.2,IQTR207971993,IQ126886036,Private Company,IQ8031630
5/25/2012,215.95,IQTR207386467,IQ49334500,Private Company,IQ114210448
4/10/2012,323.8,IQTR184111578,IQ356983,Private Company,IQ20641
7/2/2012,80,IQTR213534125,IQ153945583,Private Company,IQ12168217
7/2/2012,59.43,IQTR215766821,IQ41955667,Private Company,IQ31232183
6/4/2012,154.13,IQTR208318816,IQ3138596,Private Company,IQ646944
5/9/2012,509.82,IQTR212624935,IQ206556264,Private Company,IQ5718501
4/27/2012,44.16,IQTR205266008,IQ30589237,Private Company,IQ184264622
4/23/2012,44.18,IQTR204731781,IQ204731734,Assets/Products,IQ31913
4/18/2012,3343.56,IQTR203472560,IQ93831,Private Company,IQ4436594
2/21/2012,31.7,IQTR171077139,IQ99612814,Private Company,IQ32938
2/21/2012,60.6,IQTR171079696,IQ99612814,Private Company,IQ83037141
1/30/2012,38.17,IQTR206242730,IQ4280579,Private Company,IQ4277423
7/2/2012,30.3,IQTR212781877,IQ13449159,Private Company,IQ141444312
5/3/2012,83.63,IQTR206240086,IQ206240055,Assets/Products,IQ247483
4/26/2012,260,IQTR204926850,IQ60800271,Private Company,IQ875980
4/13/2012,51.52,IQTR226538428,IQ226538374,Assets/Products,IQ49618290
3/30/2012,25.2,IQTR183539993,IQ30947672,Private Company,IQ5554742
6/7/2012,50.96,IQTR208507795,IQ4306163,Private Company,IQ4238773
6/7/2012,45.23,IQTR213123079,IQ213122983,Assets/Products,IQ228797472
5/14/2012,116.78,IQTR206809163,IQ27811497,Private Company,IQ12168804
4/5/2012,234.85,IQTR183799693,IQ32525,Private Company,IQ31232183
6/22/2012,38.58,IQTR217318512,IQ33709002,Private Company,IQ5747068
5/17/2012,1691.38,IQTR206983750,IQ1543318,Private Company,IQ5491214
5/1/2012,122.97,IQTR205272652,IQ205272518,Assets/Products,IQ205259447
3/26/2012,37.53,IQTR183332372,IQ30749264,Private Company,IQ183330453
6/19/2012,56.73,IQTR209807297,IQ209785898,Assets/Products,IQ209800668
4/23/2012,961.92,IQTR204724506,IQ31339527,Private Company,IQ336774
6/18/2012,37.37,IQTR210437305,IQ29762535,Private Company,IQ46308654
6/15/2012,349.1,IQTR208762927,IQ32507,Private Company,IQ345779
5/3/2012,299,IQTR206219190,IQ345667,Private Company,IQ410412
6/16/2012,74.3,IQTR212272308,IQ47269083,Private Company,IQ139036
6/18/2012,77.19,IQTR209211899,IQ209210007,Assets/Products,IQ336520
6/13/2012,20.525,IQTR224610684,IQ224610370,Assets/Products,IQ36140573
6/13/2012,20.525,IQTR224610684,IQ224610370,Assets/Products,IQ127489102
4/26/2012,528.75,IQTR204923196,IQ28546928,Private Company,IQ6724933
4/25/2012,542.65,IQTR204835271,IQ24425622,Private Company,IQ205097670
6/14/2012,40,IQTR209322274,IQ209316424,Assets/Products,IQ46775252
6/11/2012,256.8,IQTR208574818,IQ22583880,Private Company,IQ9851739
3/17/2012,101.77,IQTR182503106,IQ23673264,Private Company,IQ33328
3/8/2012,1017.97,IQTR178652051,IQ3187087,Private Company,IQ317627
6/7/2012,60,IQTR208748316,IQ208748249,Assets/Products,IQ12868975
6/6/2012,34.98,IQTR208446441,IQ5559290,Public Company,IQ41556114
4/23/2012,952.06,IQTR204753144,IQ134035286,Private Company,IQ23771
3/26/2012,413.95,IQTR183087050,IQ24352,Public Company,IQ19095
4/11/2012,610.2,IQTR184249360,IQ6648223,Private Company,IQ2985275
6/15/2012,26.59,IQTR212020790,IQ212019970,Assets/Products,IQ112628417
6/3/2012,28.27,IQTR223398153,IQ223398101,Assets/Products,IQ4534057
5/31/2012,46.15,IQTR208086977,IQ11281663,Private Company,IQ874804
5/31/2012,46.96,IQTR208278412,IQ24965048,Private Company,IQ879592
5/16/2012,216.87,IQTR206886505,IQ47869263,Private Company,IQ3129354
5/16/2012,499.27,IQTR206890444,IQ4457862,Private Company,IQ206497374
4/19/2012,123.74,IQTR204606579,IQ204606346,Assets/Products,IQ26241
2/27/2012,51.81,IQTR171548427,IQ25106878,Private Company,IQ4882499
5/30/2012,25.04,IQTR207902968,IQ47193362,Private Company,IQ879402
8/1/2012,32.36,IQTR215009276,IQ215009256,Assets/Products,IQ405201
4/26/2012,78.5,IQTR204931962,IQ204931657,Assets/Products,IQ4372185
4/24/2012,119.25,IQTR204820987,IQ264112,Private Company,IQ23278711
4/11/2012,28.98,IQTR184258542,IQ184257228,Private Company,IQ339447
4/5/2012,135,IQTR183789532,IQ49496737,Private Company,IQ137717
6/25/2012,64.08,IQTR212037187,IQ34535025,Private Company,IQ307430
1/31/2012,286.29,IQTR157728263,IQ49612724,Private Company,IQ4803544
5/15/2012,76.56,IQTR206834007,IQ419225,Private Company,IQ275442
5/2/2012,121.8,IQTR206220144,IQ598507,Private Company,IQ32401
5/30/2012,85.48,IQTR208040760,IQ208040280,Private Company,IQ908742
2/5/2012,25.4,IQTR162946145,IQ115498899,Private Company,IQ20356815
3/19/2012,237.18,IQTR182449158,IQ34931,Private Company,IQ31232183
5/14/2012,40.68,IQTR206893943,IQ36830010,Public Company,-
5/7/2012,47.01,IQTR206382308,IQ10080506,Private Company,IQ48933961
1/4/2012,33.2583333333333,IQTR154172955,IQ154172707,Public Company,IQ10578456
1/4/2012,33.2583333333333,IQTR154172955,IQ154172707,Public Company,IQ18783
1/4/2012,33.2583333333333,IQTR154172955,IQ154172707,Public Company,IQ20259
1/4/2012,33.2583333333333,IQTR154172955,IQ154172707,Public Company,IQ22315
1/4/2012,33.2583333333333,IQTR154172955,IQ154172707,Public Company,IQ142009119
1/4/2012,33.2583333333333,IQTR154172955,IQ154172707,Public Company,IQ97178032
5/3/2012,80.4,IQTR206272710,IQ139361831,Private Company,IQ33471
4/18/2012,54.14,IQTR203091230,IQ203087084,Assets/Products,IQ345779
3/22/2012,76.55,IQTR182797734,IQ182797182,Private Company,IQ31232183
3/28/2012,383.55,IQTR183264343,IQ4248816,Private Company,IQ19695
2/29/2012,59.76,IQTR171957456,IQ171957374,Assets/Products,IQ6859700
2/9/2012,300,IQTR170172555,IQ5919954,Private Company,IQ881495
1/9/2012,590,IQTR145703329,IQ145703304,Assets/Products,IQ874425
3/9/2012,83.89,IQTR184472907,IQ140948470,Private Company,IQ184472056
4/26/2012,67.98,IQTR204900421,IQ54880595,Private Company,IQ254571
3/12/2012,1685.3,IQTR181937693,IQ318412,Private Company,IQ874120
3/7/2012,252.24,IQTR173950788,IQ337101,Private Company,IQ346200
2/29/2012,1969.48,IQTR171888747,IQ107005912,Private Company,IQ876269
4/20/2012,173.3,IQTR213587606,IQ109859050,Private Company,IQ31232183
2/13/2012,62.07,IQTR170187162,IQ962022,Private Company,IQ2918947
4/12/2012,130.57,IQTR184444102,IQ9363262,Private Company,IQ385727
3/5/2012,116.29,IQTR172307700,IQ4027381,Private Company,IQ9560513
4/16/2012,76.51,IQTR195942166,IQ195909200,Assets/Products,IQ24545059
4/11/2012,73,IQTR184386043,IQ184382456,Assets/Products,IQ878991
3/8/2012,95,IQTR181928883,IQ22685810,Private Company,IQ60045334
5/15/2012,56.98,IQTR214835967,IQ214835877,Assets/Products,IQ131345245
4/2/2012,78.86,IQTR183552868,IQ25838016,Private Company,IQ18613
4/2/2012,37.1,IQTR183571267,IQ183571233,Assets/Products,IQ370279
3/15/2012,244.31,IQTR182256540,IQ50088911,Private Company,IQ26289168
1/9/2012,133.4,IQTR145712637,IQ145711852,Assets/Products,IQ4260336
7/21/2012,64.07,IQTR215573144,IQ215573010,Private Company,-
3/29/2012,28.64,IQTR206497460,IQ206497219,Assets/Products,IQ25050498
3/22/2012,53.51,IQTR182845660,IQ182843626,Assets/Products,IQ36536184
3/19/2012,47.63,IQTR182457980,IQ143475967,Private Company,IQ8746747
3/13/2012,140.12,IQTR182061966,IQ182061951,Assets/Products,IQ345779
3/13/2012,55.66,IQTR182097431,IQ8087546,Public Company,IQ879440
2/14/2012,428.09,IQTR170229386,IQ33356859,Private Company,IQ29726
2/9/2012,355,IQTR167982969,IQ7389817,Private Company,IQ20075
1/26/2012,702.77,IQTR154147520,IQ36398439,Private Company,IQ258769
3/6/2012,32.45,IQTR216938910,IQ133744958,Private Company,IQ42373867
2/28/2012,27.67,IQTR171714632,IQ171714379,Assets/Products,IQ36190710
1/31/2012,49.15,IQTR157719512,IQ6532274,Private Company,IQ26782
1/26/2012,772.21,IQTR154143510,IQ135613,Private Company,IQ24816
1/19/2012,99.98,IQTR154011255,IQ20345727,Private Company,IQ9830326
1/11/2012,221.44,IQTR145830568,IQ24765,Private Company,IQ36033
1/5/2012,70.7,IQTR145634527,IQ145634201,Assets/Products,IQ26259736
2/27/2012,170,IQTR171710432,IQ171709997,Private Company,IQ24390698
1/31/2012,152.89,IQTR158349728,IQ158346518,Assets/Products,IQ29926600
1/26/2012,173,IQTR154143192,IQ157104,Private Company,IQ34490826
2/21/2012,79.145,IQTR171065433,IQ171065397,Assets/Products,IQ4369853
2/21/2012,79.145,IQTR171065433,IQ171065397,Assets/Products,IQ277914
2/20/2012,29.11,IQTR171157381,IQ33062937,Private Company,IQ35510496
2/29/2012,30,IQTR207235058,IQ27570795,Private Company,IQ876595
2/10/2012,72.27,IQTR170173354,IQ30983698,Private Company,IQ5898985
2/10/2012,25.9,IQTR170207369,IQ170207249,Assets/Products,IQ23352259
1/7/2012,2027.96,IQTR145676473,IQ29930,Private Company,IQ25798
2/12/2012,45.11,IQTR170186915,IQ109481745,Private Company,IQ103678
2/8/2012,32.18,IQTR167796453,IQ516031,Private Company,IQ415042
2/1/2012,37.97,IQTR159630127,IQ162881070,Private Company,IQ35987213
2/14/2012,55.56,IQTR170212507,IQ996415,Private Company,IQ93624
2/6/2012,50.5,IQTR163214389,IQ163213761,Assets/Products,IQ290203
2/14/2012,92.32,IQTR170267332,IQ170267247,Assets/Products,IQ23500974
1/5/2012,148.44,IQTR145632248,IQ9363415,Private Company,IQ3176566
1/27/2012,160,IQTR157487086,IQ145630768,Assets/Products,IQ884200
1/11/2012,59.6,IQTR145839234,IQ29032512,Private Company,IQ113073
1/9/2012,285.79,IQTR145699229,IQ363675,Private Company,IQ23615034
1/31/2012,38.27,IQTR158327093,IQ58797355,Private Company,IQ139148043
1/24/2012,302.11,IQTR154012305,IQ11668321,Private Company,IQ36478
1/16/2012,55,IQTR146043708,IQ146043649,Assets/Products,IQ5470931
1/9/2012,33.85,IQTR145699774,IQ13357293,Private Company,IQ319092
1/9/2012,31.41,IQTR145701020,IQ7845256,Private Company,IQ955448
1/3/2012,38.65,IQTR145516671,IQ29836030,Private Company,IQ361335
2/29/2012,37.44,IQTR208395025,IQ7715209,Private Company,IQ1348220
2/16/2012,159.02,IQTR170947449,IQ170947325,Assets/Products,IQ1463779
2/16/2012,159.02,IQTR170947449,IQ170947325,Assets/Products,IQ277914
1/4/2012,40.68,IQTR145577910,IQ34303261,Private Company,-
1/4/2012,54.14,IQTR213554318,IQ213553944,Private Company,IQ165266
1/5/2012,121.09,IQTR145598338,IQ7607334,Private Company,IQ339447
1/4/2012,210.99,IQTR145587861,IQ9637814,Private Company,IQ12168804
1/3/2012,26.79,IQTR145511335,IQ503029,Private Company,IQ32931
7/20/2012,82.15,IQTR270362309,IQ46985759,Private Company,IQ54338827
2/7/2012,96.53,IQTR164034830,IQ164034203,Assets/Products,IQ324452
1/26/2012,33.03,IQTR156579819,IQ156579096,Assets/Products,IQ267906
2/3/2012,158.19,IQTR182422794,IQ39281117,Private Company,IQ1063732
6/15/2012,28,IQTR209636243,IQ209636188,Assets/Products,IQ844579
