7/30/2007,61.65,IQTR36039217,IQ36039178,Private Company,IQ883662
9/21/2007,35.52,IQTR37259286,IQ33256589,Private Company,IQ2558806
9/21/2007,224.5,IQTR37291891,IQ4220683,Foundation/Charitable Institution,IQ969387
8/24/2007,25.57,IQTR36513106,IQ36512931,Assets/Products,IQ6527580
9/19/2007,105.71,IQTR37186722,IQ794669,Private Company,IQ531375
9/28/2007,75.49,IQTR37457260,IQ34009647,Private Company,IQ9206772
9/24/2007,9.43333333333333,IQTR41661888,IQ32449865,Private Company,IQ41661850
9/24/2007,9.43333333333333,IQTR41661888,IQ32449865,Private Company,IQ41661812
9/24/2007,9.43333333333333,IQTR41661888,IQ32449865,Private Company,IQ41661819
8/6/2007,137.66,IQTR36142295,IQ301635,Private Company,IQ185648
8/27/2007,71.77,IQTR36549389,IQ36549326,Assets/Products,IQ4372185
8/30/2007,206.52,IQTR36575768,IQ1782152,Private Company,IQ26510
8/15/2007,964.02,IQTR36253212,IQ4307524,Private Company,-
8/30/2007,68.11,IQTR36633262,IQ4264113,Private Company,IQ9426442
8/2/2007,80,IQTR36034539,IQ12519165,Private Company,IQ879338
9/26/2007,72.64,IQTR37374314,IQ25778492,Private Company,IQ4484388
9/21/2007,221.22,IQTR46301779,IQ9950645,Private Company,IQ6496739
8/9/2007,44.15,IQTR36197282,IQ23927248,Private Company,IQ23049465
7/18/2007,25.28,IQTR35674480,IQ35674460,Private Company,IQ884259
7/6/2007,43.08,IQTR35493685,IQ31260,Private Company,IQ34780
7/2/2007,4390.69,IQTR35349410,IQ319205,Private Company,IQ23333
9/29/2007,135,IQTR37500914,IQ37500896,Private Company,IQ687223
7/25/2007,511.32,IQTR35884683,IQ33184,Private Company,IQ20641
7/19/2007,76.03,IQTR35751399,IQ36136,Private Company,IQ20394693
8/28/2007,26.26,IQTR36546022,IQ36545938,Assets/Products,IQ1348220
9/11/2007,133.65,IQTR36809944,IQ36809926,Private Company,IQ4481757
9/11/2007,38.87,IQTR36849730,IQ4276415,Private Company,IQ4204329
9/10/2007,42.48,IQTR36807954,IQ36807595,Assets/Products,IQ13619447
9/7/2007,284.06,IQTR36729986,IQ22475837,Private Company,IQ4469416
7/16/2007,1127.49,IQTR35621345,IQ424126,Private Company,IQ29900834
8/13/2007,323.54,IQTR36254678,IQ9466547,Private Company,IQ9426442
8/7/2007,208.83,IQTR36167629,IQ334763,Private Company,IQ268799
7/16/2007,105.52,IQTR35619855,IQ135650,Private Company,IQ694234
8/3/2007,73.96,IQTR36057515,IQ10958270,Private Company,IQ7657914
8/7/2007,137.05,IQTR36146024,IQ29415,Private Company,IQ1348220
8/23/2007,34.82,IQTR36476810,IQ7917177,Private Company,IQ264048
7/30/2007,2927.21,IQTR35924274,IQ135443,Private Company,IQ31348
9/6/2007,57.2,IQTR36730845,IQ6500101,Private Company,IQ4107517
8/27/2007,132.72,IQTR36568323,IQ34930219,Assets/Products,IQ883948
9/11/2007,53.46,IQTR39175773,IQ4456212,Private Company,IQ30643
8/27/2007,1124.86,IQTR36544936,IQ33130,Private Company,IQ1541811
8/15/2007,196.51,IQTR83494348,IQ83494215,Assets/Products,IQ877819
7/25/2007,5232.9,IQTR35886803,IQ3433861,Public Company,IQ4196890
8/6/2007,50.54,IQTR36145897,IQ30029458,Private Company,IQ30012
8/2/2007,2010.79,IQTR36062067,IQ3550659,Private Company,IQ882406
9/24/2007,392.51,IQTR37295652,IQ5770501,Private Company,IQ25798
8/8/2007,26.42,IQTR36197204,IQ36197157,Private Company,IQ3102789
9/18/2007,431.07,IQTR37187181,IQ22533855,Private Company,IQ249205
9/4/2007,143.43,IQTR36634815,IQ123379,Private Company,IQ401184
7/22/2007,275.88,IQTR53977508,IQ365092,Private Company,IQ775032
7/23/2007,556.19,IQTR35783097,IQ28684,Private Company,IQ2952485
7/14/2007,57.29,IQTR35649453,IQ35649439,Assets/Products,IQ35649399
9/5/2007,102.49,IQTR36685041,IQ954560,Private Company,IQ21959621
8/14/2007,299.27,IQTR36212540,IQ36212519,Private Company,IQ22614982
8/7/2007,171.72,IQTR36146480,IQ882343,Private Company,IQ423967
7/24/2007,1579.46,IQTR35786843,IQ317840,Private Company,IQ6686902
9/30/2007,31.9,IQTR37504152,IQ20881699,Private Company,IQ30292
9/30/2007,52.31,IQTR37504453,IQ37504308,Assets/Products,IQ873964
9/6/2007,37.47,IQTR36728818,IQ36728788,Private Company,IQ787109
8/29/2007,241.44,IQTR36549455,IQ36549345,Private Company,IQ3198922
8/11/2007,46.29,IQTR36220068,IQ36220050,Private Company,IQ22277393
8/6/2007,37.68,IQTR37791703,IQ37790951,Assets/Products,IQ27049995
9/27/2007,92.91,IQTR37413588,IQ26764443,Private Company,IQ30300
9/26/2007,36.19,IQTR37456218,IQ37456138,Assets/Products,IQ6424916
9/4/2007,70.39,IQTR36601281,IQ22511044,Private Company,IQ24720
9/24/2007,222.99,IQTR37292828,IQ37292746,Assets/Products,IQ336774
7/11/2007,80.05,IQTR35539748,IQ290847,Private Company,IQ5533743
8/13/2007,190,IQTR36248437,IQ22663711,Private Company,IQ879338
9/14/2007,29.61,IQTR37089576,IQ11168506,Public Company,IQ37089384
7/25/2007,257.35,IQTR35886808,IQ3160802,Private Company,IQ288502
9/10/2007,50.9,IQTR36809503,IQ4540610,Private Company,IQ35644
7/9/2007,502.69,IQTR35495967,IQ4058330,Private Company,IQ27133
8/2/2007,33.9,IQTR36207040,IQ36207025,Private Company,IQ22613423
9/5/2007,36.13,IQTR36658832,IQ13592233,Private Company,IQ939028
9/5/2007,35.52,IQTR36660939,IQ36660896,Private Company,IQ33951806
9/4/2007,29.84,IQTR36662118,IQ36662106,Private Company,IQ36197
9/4/2007,20,IQTR116322224,IQ116322169,Assets/Products,IQ114657545
9/4/2007,20,IQTR116322224,IQ116322169,Assets/Products,IQ116322133
8/15/2007,66,IQTR36253943,IQ6700764,Private Company,IQ395921
8/2/2007,49.67,IQTR36115434,IQ30743290,Private Company,IQ347535
7/30/2007,38.91,IQTR65934180,IQ30773277,Private Company,IQ28671
8/31/2007,36.66,IQTR37291905,IQ291968271,Private Company,IQ24964598
8/31/2007,33.25,IQTR37559943,IQ25119045,Private Company,IQ37559910
8/30/2007,26.13,IQTR36568574,IQ29711,Private Company,IQ28119
8/3/2007,135,IQTR36070176,IQ36070159,Private Company,-
7/16/2007,376.4,IQTR35619092,IQ1881637,Private Company,IQ6562238
8/30/2007,44.73,IQTR36575907,IQ25119380,Private Company,IQ884397
8/23/2007,73.7,IQTR36465021,IQ36464998,Assets/Products,IQ26322
8/22/2007,27.14,IQTR36438193,IQ29458213,Private Company,IQ18511
7/24/2007,37.84,IQTR35881447,IQ35881435,Private Company,IQ10524873
7/20/2007,573.38,IQTR35751307,IQ2432734,Private Company,IQ8101165
8/19/2007,47.47,IQTR36377186,IQ36377175,Assets/Products,IQ20387228
7/9/2007,99.88,IQTR35509919,IQ12648974,Private Company,IQ292369
7/18/2007,34.33,IQTR35700398,IQ35700336,Private Company,IQ427845
8/13/2007,73.37,IQTR36309553,IQ36309516,Assets/Products,IQ12344550
8/9/2007,74,IQTR36376479,IQ36376202,Private Company,IQ1670857
7/25/2007,105.06,IQTR35902706,IQ24650,Private Company,IQ3176566
8/6/2007,32.97,IQTR36140877,IQ3263867,Private Company,IQ293928
7/2/2007,38.14,IQTR35386529,IQ35386474,Assets/Products,IQ32852490
7/30/2007,295.84,IQTR35992421,IQ131457,Private Company,IQ2207403
7/9/2007,220.16,IQTR35495392,IQ24737,Private Company,IQ160077
7/5/2007,123.57,IQTR35441519,IQ4404133,Private Company,IQ879338
8/1/2007,29.24,IQTR40489525,IQ40489514,Assets/Products,IQ324452
7/31/2007,91.245,IQTR36019224,IQ36019183,Private Company,IQ99861
7/31/2007,91.245,IQTR36019224,IQ36019183,Private Company,IQ19143
7/31/2007,637.9,IQTR98514375,IQ25966464,Private Company,IQ21145
7/24/2007,28.17,IQTR35884001,IQ35883951,Private Company,IQ26241
7/30/2007,399.39,IQTR35990933,IQ8295492,Private Company,IQ30321506
7/4/2007,25.16,IQTR35415134,IQ7901226,Private Company,IQ128628
7/24/2007,60,IQTR115132497,IQ115132470,Assets/Products,IQ115132445
7/24/2007,60,IQTR115132497,IQ115132470,Assets/Products,IQ115132419
7/20/2007,33.02,IQTR35792107,IQ35791617,Private Company,IQ1432337
7/18/2007,361.98,IQTR35678602,IQ6701888,Private Company,-
7/17/2007,45.32,IQTR35641984,IQ142654953,Assets/Products,IQ9573447
7/12/2007,129.92,IQTR35576194,IQ6085061,Private Company,IQ1944751
7/12/2007,29.06,IQTR35576268,IQ32667478,Private Company,IQ35858221
7/11/2007,93.5,IQTR35575846,IQ157104,Private Company,IQ142610
7/6/2007,73.33,IQTR35534359,IQ9935468,Private Company,IQ135579
7/6/2007,47,IQTR35995758,IQ35995127,Private Company,IQ35994951
7/5/2007,257.44,IQTR38018768,IQ6911683,Private Company,IQ29053334
7/2/2007,51.49,IQTR35422718,IQ35422256,Private Company,IQ3129354
7/2/2007,29.34,IQTR35492265,IQ35492198,Private Company,IQ29900834
7/1/2007,26.65,IQTR35344518,IQ25849029,Private Company,IQ107911
8/1/2007,88.22,IQTR36119802,IQ36119316,Assets/Products,IQ36119132
7/10/2007,20.1633333333333,IQTR139267040,IQ139217518,Assets/Products,IQ139218210
7/10/2007,20.1633333333333,IQTR139267040,IQ139217518,Assets/Products,IQ139218276
7/10/2007,20.1633333333333,IQTR139267040,IQ139217518,Assets/Products,IQ25008059
