nodes,clustering,weighted_clus,closeness,information,weighted_info,betweenness,weighted_bet,harmonic,snd_order
IQ33122,0,0,0.6666666666666666,0.3333333333333333,18.64485734466841,0.0,0.0,1.5,6.206623967033917
IQ26241,0,0,1.0,0.5,33.7427314645727,1.0,1.0,2.0,2.6425261033921204
IQ135242,0,0,0.6666666666666666,0.3333333333333333,28.349537417053448,0.0,0.0,1.5,3.793750119259816
IQ5523551,0,0,1.0,1.0,30.78,0.0,0.0,1.0,0.0
IQ5523545,0,0,1.0,1.0,30.78,0.0,0.0,1.0,0.0
IQ25596,0,0,1.0,1.0,6501.71,0.0,0.0,1.0,0.0
IQ29726,0,0,1.0,1.0,6501.71,0.0,0.0,1.0,0.0
IQ3479494,0,0,0.5555555555555556,0.1111111111111111,13.661623212398728,0.0,0.0,3.0,14.662968555542092
IQ1497356,0,0,0.5555555555555556,0.1111111111111111,9.325605016528318,0.0,0.0,3.0,21.73892282191071
IQ3811491,0,0,0.5555555555555556,0.1111111111111111,13.896247413651201,0.0,0.0,3.0,14.340475336265607
IQ5434885,0,0,0.5555555555555556,0.1111111111111111,8.709032649506561,0.0,0.0,3.0,23.0225242572433
IQ345779,0,0,1.0,0.2,20.412108068393934,1.0,1.0,5.0,5.6387653953021
IQ106770,0,0,0.5555555555555556,0.1111111111111111,13.568485713403687,0.0,0.0,3.0,14.792069224798562
IQ31191,0,0,0.5,0.125,14.439066360088354,0.0,0.0,2.333333333333333,26.761132901906233
IQ120286,0,0,0.6666666666666666,0.16666666666666666,29.371001244094717,0.5,0.5,3.0,10.974533378493476
IQ343534,0,0,0.5,0.125,27.37343565611286,0.0,0.0,2.333333333333333,12.746675544702233
IQ9858139,0,0,0.4444444444444444,0.1111111111111111,11.788867062304009,0.0,0.0,2.1666666666666665,31.298224218093814
IQ260494,0,0,0.8,0.2,30.48357566409958,0.8333333333333333,0.8333333333333333,3.5,9.97074863594333
IQ1869343,0,0,0.6666666666666666,0.3333333333333333,15.010537753442875,0.0,0.0,1.5,20.485695068122023
IQ33543,0,0,1.0,0.5,29.737607242322383,1.0,1.0,2.0,10.096771650985595
IQ7985527,0,0,0.6666666666666666,0.3333333333333333,29.186432624807292,0.0,0.0,1.5,10.395204973287152
IQ327481,0,0,1.0,0.3333333333333333,26.795636842883763,1.0,1.0,3.0,12.33054655957594
IQ3796454,0,0,0.6,0.2,9.27287919621632,0.0,0.0,2.0,37.30940367678642
IQ335457,0,0,0.6,0.2,25.831029414238188,0.0,0.0,2.0,13.287050039826118
IQ393599,0,0,0.6,0.2,24.973127246438793,0.0,0.0,2.0,14.139620276313684
IQ34177,0,0,1.0,1.0,234.41,0.0,0.0,1.0,0.0
IQ1006594,0,0,1.0,1.0,234.41,0.0,0.0,1.0,0.0
IQ425068,0,0,0.3333333333333333,0.05555555555555558,7.072523195343371,0.0,0.0,2.5833333333333335,60.649021700137425
IQ30219,0,0,0.6,0.10000000000000002,11.299503398228499,0.5333333333333333,0.5333333333333333,4.0,34.80535400751929
IQ264048,0,0,0.42857142857142855,0.07142857142857144,11.965025398223244,0.0,0.0,3.083333333333333,31.334134177783653
IQ2952485,0,0,0.46153846153846156,0.07692307692307694,8.36139870893102,0.3333333333333333,0.3333333333333333,3.5000000000000004,51.592586314340835
IQ12113336,0,0,0.42857142857142855,0.07142857142857144,8.010959067333005,0.0,0.0,3.083333333333333,53.90549628709498
IQ363313,0,0,0.6666666666666666,0.11111111111111113,12.206245296935583,0.8,0.8,4.833333333333333,30.0798272699822
IQ140591,0,0,0.42857142857142855,0.07142857142857145,4.485728640811364,0.0,0.0,3.083333333333333,86.49360673677455
IQ28949,0,0,1.0,1.0,36.97,0.0,0.0,1.0,0.0
IQ27542,0,0,1.0,1.0,36.97,0.0,0.0,1.0,0.0
IQ35507610,0,0,1.0,1.0,49.18,0.0,0.0,1.0,0.0
IQ35790,0,0,1.0,1.0,49.18,0.0,0.0,1.0,0.0
IQ18613,0,0,0.6666666666666666,0.1111111111111111,2.463995269336281,0.7333333333333333,0.7333333333333333,4.5,26.823338046794348
IQ4361216,0,0,0.5,0.08333333333333333,2.1646818152215666,0.3333333333333333,0.3333333333333333,3.666666666666667,32.671434426105755
IQ6721749,0,0,0.6,0.1,2.104123634758915,0.6,0.6,4.333333333333333,33.90954195307394
IQ2219961,0,0,0.42857142857142855,0.07142857142857142,2.3856198554914068,0.0,0.0,3.0000000000000004,28.322427657548186
IQ1048447,0,0,0.4,0.06666666666666667,1.216073392085718,0.0,0.0,2.9166666666666665,57.46028970463596
IQ108941,0,0,0.4,0.06666666666666667,1.216073392085726,0.0,0.0,2.9166666666666665,57.46028970463596
IQ3759074,0,0,0.35294117647058826,0.058823529411764705,1.800213951079268,0.0,0.0,2.6666666666666665,40.58704103451249
IQ92852,0,0,1.0,0.3333333333333333,13.440468294375549,1.0,1.0,3.0,4.612712252460326
IQ658762,0,0,0.6,0.2,11.554719509088587,0.0,0.0,2.0,6.5574864375767765
IQ682281,0,0,0.6,0.2,7.286719147518102,0.0,0.0,2.0,11.562409095084256
IQ26505,0,0,0.6,0.2,6.746265844319661,0.0,0.0,2.0,12.383792839953458
IQ6526379,0,0,1.0,1.0,87.7,0.0,0.0,1.0,0.0
IQ182949,0,0,1.0,1.0,87.7,0.0,0.0,1.0,0.0
IQ6022480,0,0,0.6666666666666666,0.3333333333333333,46.0169141024664,0.0,0.0,1.5,22.76100296206333
IQ29364,0,0,1.0,0.5,91.32863154729239,1.0,1.0,2.0,11.248962565677504
IQ111049,0,0,0.6666666666666666,0.3333333333333333,89.95016972983065,0.0,0.0,1.5,11.51662008494744
IQ734865,0,0,1.0,1.0,100.0,0.0,0.0,1.0,0.0
IQ620883,0,0,1.0,1.0,100.0,0.0,0.0,1.0,0.0
IQ840063,0,0,0.6,0.2,23.235168177061272,0.0,0.0,2.0,10.441843125789234
IQ35440,0,0,0.6,0.2,34.14463724012712,0.0,0.0,2.0,6.421798833210288
IQ899163,0,0,0.6,0.2,19.63535541284047,0.0,0.0,2.0,12.162706481170707
IQ293680,0,0,1.0,0.3333333333333333,40.56665950854122,1.0,1.0,3.0,4.287434251443129
IQ677596,0,0,1.0,1.0,26.27,0.0,0.0,1.0,0.0
IQ6011606,0,0,1.0,1.0,26.27,0.0,0.0,1.0,0.0
IQ102719,0,0,0.2894736842105263,0.013157894736842105,0.9473021242102422,0.0,0.0,7.316666666666666,270.25395879595897
IQ303372,0,0,0.38596491228070173,0.017543859649122806,1.4324417384635908,0.0,0.0,9.733333333333333,190.85822561243944
IQ2117908,0,0,0.38596491228070173,0.017543859649122806,2.128662988322987,0.0,0.0,9.733333333333333,114.21782073198959
IQ19897,0,0,0.3548387096774194,0.016129032258064512,1.9105620027357908,0.24675324675324675,0.24675324675324675,9.033333333333333,136.15147606476654
IQ31344,0,0,0.3235294117647059,0.014705882352941173,1.310492286403843,0.0,0.0,7.866666666666664,207.55516948067574
IQ11777420,0,0,0.27848101265822783,0.012658227848101267,1.7428824860624728,0.1774891774891775,0.1774891774891775,7.983333333333333,153.9275922787901
IQ917899,0,0,0.3055555555555556,0.013888888888888888,1.05380614185389,0.09090909090909091,0.09090909090909091,8.116666666666665,249.2233081689838
IQ32587,0,0,0.46808510638297873,0.02127659574468085,2.28576325295097,0.3852813852813853,0.3852813852813853,11.583333333333334,98.68849044136255
IQ315782,0,0,0.38596491228070173,0.017543859649122806,2.171564045938795,0.0,0.0,9.733333333333334,109.97883635650321
-,0,0,0.6111111111111112,0.02777777777777779,2.7024475500812453,0.9177489177489178,0.9177489177489178,17.166666666666668,53.21573657765081
IQ326028,0,0,0.23655913978494625,0.010752688172043015,0.6173343830015746,0.0,0.0,6.135714285714286,361.6843033502555
IQ138462518,0,0,0.38596491228070173,0.017543859649122813,2.280518231833771,0.0,0.0,9.733333333333334,99.20913862324547
IQ369607,0,0,0.38596491228070173,0.017543859649122816,1.1297908792642593,0.0,0.0,9.733333333333334,235.74751083578806
IQ294957,0,0,0.41509433962264153,0.018867924528301893,2.4232294282885305,0.17316017316017315,0.17316017316017315,10.649999999999999,84.84115046351415
IQ298014,0,0,0.38596491228070173,0.017543859649122813,2.001598956164754,0.0,0.0,9.733333333333334,126.88386252846935
IQ12070780,0,0,0.38596491228070173,0.01754385964912282,1.1241263540748536,0.0,0.0,9.733333333333334,236.7141985583353
IQ10158679,0,0,0.38596491228070173,0.01754385964912282,2.259241394339085,0.0,0.0,9.733333333333334,101.31796253317361
IQ18733,0,0,0.22,0.010000000000000005,1.5724097333241762,0.0,0.0,5.909523809523811,173.3882121872628
IQ135020,0,0,0.38596491228070173,0.01754385964912282,1.9892136734812933,0.0,0.0,9.733333333333333,128.13291639220319
IQ671980,0,0,0.22,0.010000000000000005,1.5724097333241762,0.0,0.0,5.909523809523811,173.38821218726284
IQ30829982,0,0,0.38596491228070173,0.017543859649122823,1.365809859451823,0.0,0.0,9.733333333333333,199.78585400284513
IQ35915,0,0,0.4,0.018181818181818202,1.3730177658934508,0.09090909090909091,0.09090909090909091,10.399999999999999,198.79838124225273
IQ6153030,0,0,0.38596491228070173,0.017543859649122823,1.2525926599062378,0.0,0.0,9.733333333333333,216.0810809078232
IQ5665844,0,0,1.0,1.0,55.61,0.0,0.0,1.0,0.0
IQ5665845,0,0,1.0,1.0,55.61,0.0,0.0,1.0,0.0
IQ34620,0,0,0.6666666666666666,0.3333333333333333,17.22710988397344,0.0,0.0,1.5,3.8355189862833323
IQ311760,0,0,1.0,0.5,26.30749763122986,1.0,1.0,2.0,1.4225217559649541
IQ5576940,0,0,0.6666666666666666,0.3333333333333333,17.861005467996137,0.0,0.0,1.5,3.661507181042824
IQ138973,0,0,0.6,0.2,3.46666666666666,0.0,0.0,2.0,7.348469228349531
IQ6479063,0,0,1.0,0.3333333333333333,5.777777777777767,1.0,1.0,3.0,2.4494897427831774
IQ2827929,0,0,0.6,0.2,3.46666666666666,0.0,0.0,2.0,7.348469228349531
IQ436067,0,0,0.6,0.2,3.46666666666666,0.0,0.0,2.0,7.348469228349531
IQ6151983,0,0,1.0,1.0,47.88,0.0,0.0,1.0,0.0
IQ6151980,0,0,1.0,1.0,47.88,0.0,0.0,1.0,0.0
IQ33102937,0,0,1.0,1.0,80.0,0.0,0.0,1.0,0.0
IQ5753192,0,0,1.0,1.0,80.0,0.0,0.0,1.0,0.0
IQ33420,0,0,1.0,0.5,29.35213507068642,1.0,1.0,2.0,1.414489605427368
IQ4524474,0,0,0.6666666666666666,0.3333333333333333,19.50386339199819,0.0,0.0,1.5,3.7577270363679123
IQ299335,0,0,0.6666666666666666,0.3333333333333333,19.63274109940188,0.0,0.0,1.5,3.7260423695202363
IQ255199,0,0,0.5714285714285714,0.14285714285714285,27.32579003959618,0.0,0.0,2.5,18.693500933745703
IQ4340969,0,0,0.5714285714285714,0.14285714285714285,14.24512611613334,0.0,0.0,2.5,43.916735086222594
IQ24809,0,0,1.0,0.25,27.84146332095879,1.0,1.0,4.0,17.82113598199188
IQ25771,0,0,0.5714285714285714,0.14285714285714285,11.820995458074187,0.0,0.0,2.5,51.04131462461211
IQ1004557,0,0,0.5714285714285714,0.14285714285714285,16.65739184203283,0.0,0.0,2.5,38.090976223801476
IQ998587,0,0,0.6,0.2,8.228894141081092,0.0,0.0,2.0,10.058010256691457
IQ681424,0,0,0.6,0.2,10.836804805162865,0.0,0.0,2.0,7.639267670441211
IQ5636139,0,0,0.6,0.2,12.357455053267579,0.0,0.0,2.0,6.460485153307467
IQ134377,0,0,1.0,0.3333333333333333,16.96502805766307,1.0,1.0,3.0,3.093392507800296
IQ774953,0,0,0.4117647058823529,0.05882352941176472,1.4082760562367556,0.0,0.0,3.333333333333333,21.934288132084966
IQ6151993,0,0,0.4666666666666667,0.06666666666666668,1.5358691296696942,0.2857142857142857,0.2857142857142857,4.0,19.56283109967753
IQ1029032,0,0,0.6363636363636364,0.09090909090909093,1.762950476954854,0.7142857142857142,0.7142857142857142,5.333333333333333,15.581999555481884
IQ124114,0,0,0.3333333333333333,0.04761904761904764,1.2871727584463535,0.0,0.0,2.9166666666666665,24.342613589459102
IQ22347,0,0,0.4117647058823529,0.05882352941176472,1.0213391880058116,0.0,0.0,3.4166666666666665,30.494095127694866
IQ23081,0,0,0.4117647058823529,0.05882352941176472,1.0213391880058118,0.0,0.0,3.4166666666666665,30.494095127694866
IQ21937,0,0,0.4117647058823529,0.05882352941176473,1.0213391880058118,0.0,0.0,3.4166666666666665,30.494095127694866
IQ18829,0,0,0.6363636363636364,0.09090909090909093,1.7629504769548534,0.6666666666666666,0.6666666666666666,5.0,15.58199955548189
IQ5546884,0,0,1.0,1.0,142.61,0.0,0.0,1.0,0.0
IQ422714,0,0,1.0,1.0,142.61,0.0,0.0,1.0,0.0
IQ2329597,0,0,1.0,1.0,40.57,0.0,0.0,1.0,0.0
IQ357173,0,0,1.0,1.0,40.57,0.0,0.0,1.0,0.0
IQ776876,0,0,0.6666666666666666,0.3333333333333333,15.14032955715757,0.0,0.0,1.5,5.76171336567468
IQ4269290,0,0,0.6666666666666666,0.3333333333333333,22.140451807228914,0.0,0.0,1.5,3.6598368337377805
IQ27189,0,0,1.0,0.5,26.974788990825687,1.0,1.0,2.0,2.3913070299640764
IQ5503572,0,0,1.0,1.0,286.55,0.0,0.0,1.0,0.0
IQ264209,0,0,1.0,1.0,286.55,0.0,0.0,1.0,0.0
IQ372969,0,0,1.0,0.3333333333333333,29.707817257130177,1.0,1.0,3.0,4.546521975061271
IQ34968,0,0,0.6,0.2,19.639066088596007,0.0,0.0,2.0,9.363276582395565
IQ25942,0,0,0.6,0.2,12.89495690216108,0.0,0.0,2.0,13.822451058696727
IQ5828026,0,0,0.6,0.2,25.102131886171556,0.0,0.0,2.0,6.6819444129955325
IQ5566951,0,0,1.0,1.0,157.0,0.0,0.0,1.0,0.0
IQ3161357,0,0,1.0,1.0,157.0,0.0,0.0,1.0,0.0
IQ249205,0,0,1.0,0.5,59.853065704876904,1.0,1.0,2.0,2.157411645268337
IQ5448616,0,0,0.6666666666666666,0.3333333333333333,47.86593930273388,0.0,0.0,1.5,3.557952714356907
IQ405627,0,0,0.6666666666666666,0.3333333333333333,34.210181948552474,0.0,0.0,1.5,5.349121191195566
IQ114070,0,0,1.0,1.0,43.0,0.0,0.0,1.0,0.0
IQ11670209,0,0,1.0,1.0,43.0,0.0,0.0,1.0,0.0
IQ31024,0,0,0.6666666666666666,0.3333333333333333,24.508291122753192,0.0,0.0,2.0,4.918711638066175
IQ205233,0,0,1.0,0.5,26.80225848316029,1.0,1.0,1.5,4.192151329488584
IQ5577403,0,0,0.6666666666666666,0.3333333333333333,14.059092267587626,0.0,0.0,1.5,9.037529511333107
IQ5468736,0,0,0.6666666666666666,0.3333333333333333,42.9879455030383,0.0,0.0,1.5,3.594517688666744
IQ968114,0,0,1.0,0.5,62.14933176975671,1.0,1.0,1.5,1.4475290875812477
IQ121279,0,0,0.6666666666666666,0.3333333333333333,39.986408603800605,0.0,0.0,2.0,3.944127898893605
IQ23577,0,0,1.0,1.0,62.17,0.0,0.0,1.0,0.0
IQ5569812,0,0,1.0,1.0,62.17,0.0,0.0,1.0,0.0
IQ2457663,0,0,1.0,1.0,70.09,0.0,0.0,1.0,0.0
IQ25092116,0,0,1.0,1.0,70.09,0.0,0.0,1.0,0.0
IQ107608,0,0,0.8333333333333334,0.16666666666666666,3.993603234654479,0.9,0.9,4.5,15.865497180179103
IQ1342959,0,0,0.625,0.125,2.542862612547247,0.4,0.4,3.5,29.423406633446263
IQ3017647,0,0,0.5,0.1,3.0970254322572526,0.0,0.0,2.833333333333333,23.733684066795497
IQ142236,0,0,0.4166666666666667,0.08333333333333333,1.4728150736764378,0.0,0.0,2.5,45.757868964833186
IQ1332409,0,0,0.5,0.1,3.293050020454632,0.0,0.0,2.8333333333333335,21.924289001865386
IQ4995777,0,0,0.5,0.1,3.7160921743443347,0.0,0.0,2.8333333333333335,18.223261010504388
IQ129616,0,0,1.0,1.0,29.060000000000002,0.0,0.0,1.0,0.0
IQ20169,0,0,1.0,1.0,29.060000000000002,0.0,0.0,1.0,0.0
IQ1973103,0,0,1.0,1.0,25.63,0.0,0.0,1.0,0.0
IQ2851259,0,0,1.0,1.0,25.63,0.0,0.0,1.0,0.0
IQ21239,0,0,0.6,0.2,23.720818796388222,0.0,0.0,2.0,7.980148287631371
IQ154183,0,0,0.6,0.2,23.720818796388222,0.0,0.0,2.0,7.980148287631371
IQ29971,0,0,1.0,0.3333333333333333,28.572773760036444,1.0,1.0,3.0,5.442944074506499
IQ4148254,0,0,0.6,0.2,11.028077100595617,0.0,0.0,2.0,17.16148329239311
IQ4993827,0,0,1.0,1.0,25.019999999999996,0.0,0.0,1.0,0.0
IQ282848,0,0,1.0,1.0,25.019999999999996,0.0,0.0,1.0,0.0
IQ11793422,0,0,0.6666666666666666,0.3333333333333333,63.549604515450106,0.0,0.0,1.5,3.528252844930294
IQ3572119,0,0,1.0,0.5,89.66874760400637,1.0,1.0,2.0,1.503908691147099
IQ12435896,0,0,0.6666666666666666,0.3333333333333333,56.4310727513677,0.0,0.0,1.5,4.106109913139223
IQ92699,0,0,1.0,1.0,83.48,0.0,0.0,1.0,0.0
IQ27093,0,0,1.0,1.0,83.48,0.0,0.0,1.0,0.0
IQ21407,0,0,0.75,0.25000000000000006,7.419248192771084,0.6666666666666666,0.6666666666666666,2.5,3.5126318732775506
IQ18759,0,0,0.5,0.16666666666666669,4.980569395017794,0.0,0.0,1.8333333333333333,6.65872230064938
IQ265308,0,0,0.75,0.25000000000000006,7.419248192771084,0.6666666666666666,0.6666666666666666,2.5,3.512631873277552
IQ34333334,0,0,0.5,0.16666666666666666,4.845747560591755,0.0,0.0,1.8333333333333333,6.859099364675235
IQ32586,0,0,0.6666666666666666,0.3333333333333333,33.189646182495345,0.0,0.0,1.5,3.489949088778804
IQ825199,0,0,0.6666666666666666,0.3333333333333333,24.972453411797677,0.0,0.0,1.5,4.957770738795017
IQ26449,0,0,1.0,0.5,42.75087550971456,1.0,1.0,2.0,1.9369685253364393
IQ20803,0,0,1.0,1.0,58.31000000000001,0.0,0.0,1.0,0.0
IQ183195,0,0,1.0,1.0,58.31000000000001,0.0,0.0,1.0,0.0
IQ26873,0,0,1.0,1.0,49.2,0.0,0.0,1.0,0.0
IQ30239,0,0,1.0,1.0,49.2,0.0,0.0,1.0,0.0
IQ31400,0,0,0.5384615384615384,0.07692307692307693,18.91664735659856,0.0,0.0,4.0,54.368578703690396
IQ4338497,0,0,0.5384615384615384,0.07692307692307693,30.10882624164403,0.0,0.0,4.0,33.31721624827159
IQ12367861,0,0,0.5384615384615384,0.07692307692307693,19.684794250873725,0.0,0.0,4.0,52.55630729774596
IQ1069278,0,0,0.5384615384615384,0.07692307692307693,23.699643208332628,0.0,0.0,4.0,44.201355323055644
IQ385872,0,0,1.0,0.14285714285714285,42.067764468799915,1.0,1.0,7.0,14.937254063189405
IQ250312,0,0,0.5384615384615384,0.07692307692307693,29.723290210038655,0.0,0.0,4.0,33.919087002791485
IQ2036203,0,0,0.5384615384615384,0.07692307692307693,14.096961260322892,0.0,0.0,4.0,68.21821006540758
IQ282053,0,0,0.5384615384615384,0.07692307692307693,39.41261294509234,0.0,0.0,4.0,19.327508803781054
IQ293711,0,0,1.0,0.5,27.3283531007752,1.0,1.0,2.0,3.5890791376531395
IQ1347802,0,0,0.6666666666666666,0.3333333333333333,24.391030200297507,0.0,0.0,1.5,4.438803426424127
IQ26240,0,0,0.6666666666666666,0.3333333333333333,14.539655414183494,0.0,0.0,1.5,7.918615372857203
IQ288991,0,0,0.5714285714285714,0.14285714285714285,35.617366564210194,0.0,0.0,2.5,17.83552132985171
IQ12190434,0,0,0.5714285714285714,0.14285714285714285,13.044331673961475,0.0,0.0,2.5,54.93486570904893
IQ881524,0,0,0.5714285714285714,0.14285714285714285,24.71398628997673,0.0,0.0,2.5,31.723734675607485
IQ11503877,0,0,0.5714285714285714,0.14285714285714285,21.17525740763555,0.0,0.0,2.5,37.17711537323807
IQ409298,0,0,1.0,0.25,36.37767949609622,1.0,1.0,4.0,16.89671182714527
IQ12144489,0,0,0.45,0.05,5.867796630948591,0.0,0.0,4.5,110.42027019354487
IQ685347,0,0,0.4090909090909091,0.045454545454545456,12.139851650252185,0.0,0.0,4.166666666666666,45.943207053365526
IQ29868742,0,0,0.45,0.05,3.857560784200764,0.0,0.0,4.5,149.5380815577658
IQ11737122,0,0,0.45,0.05,9.224633962945049,0.0,0.0,4.5,71.3550446138261
IQ595206,0,0,0.45,0.05,7.13462009039024,0.0,0.0,4.5,93.42241176631207
IQ25281,0,0,0.4090909090909091,0.045454545454545456,4.851536392800102,0.0,0.0,4.166666666666666,127.59407767973148
IQ12419294,0,0,0.4090909090909091,0.045454545454545456,13.221777410952074,0.0,0.0,4.166666666666666,36.591843053419566
IQ687140,0,0,0.6428571428571429,0.07142857142857142,14.037892013004042,0.5833333333333333,0.5833333333333333,6.5,28.904796071065846
IQ3198944,0,0,0.45,0.05,12.676718689678948,0.0,0.0,4.5,41.368167816142865
IQ382553,0,0,0.75,0.08333333333333333,14.1650251892497,0.8333333333333333,0.8333333333333333,7.5,27.609404088959753
IQ6618085,0,0,1.0,1.0,686.81,0.0,0.0,1.0,0.0
IQ32271,0,0,1.0,1.0,686.81,0.0,0.0,1.0,0.0
IQ24106,0,0,0.45454545454545453,0.045454545454545456,7.029200720971075,0.0,0.0,5.0,186.3647766896697
IQ257462,0,0,0.45454545454545453,0.045454545454545456,13.390603187427212,0.0,0.0,5.0,67.34424633125083
IQ249652,0,0,0.5,0.05,13.97563949015782,0.2,0.2,5.0,56.022199707644674
IQ814451,0,0,0.45454545454545453,0.045454545454545456,10.430413227691577,0.0,0.0,5.666666666666666,118.34182947820949
IQ30985,0,0,0.37037037037037035,0.037037037037037035,4.777933908073757,0.0,0.0,5.0,254.32555857833142
IQ32507,0,0,0.45454545454545453,0.045454545454545456,6.329853604278982,0.0,0.0,4.25,204.33925489888793
IQ30010,0,0,0.37037037037037035,0.037037037037037035,4.323211462368739,0.0,0.0,4.25,272.97859713074877
IQ387307,0,0,0.3448275862068966,0.034482758620689655,6.650303161504209,0.0,0.0,4.0,195.83999705067714
IQ29389,0,0,0.45454545454545453,0.045454545454545456,7.377493307238299,0.0,0.0,5.0,178.13199146595807
IQ139677,0,0,0.7692307692307693,0.07692307692307693,14.064586098461078,0.9111111111111111,0.9111111111111111,8.5,54.187684967182776
IQ351429,0,0,0.5555555555555556,0.05555555555555555,13.46956187369467,0.37777777777777777,0.37777777777777777,6.333333333333333,65.87604049552681
IQ318668,0,0,1.0,1.0,38.1,0.0,0.0,1.0,0.0
IQ159309,0,0,1.0,1.0,38.1,0.0,0.0,1.0,0.0
IQ364553,0,0,0.6666666666666666,0.16666666666666666,39.04799302002812,0.5,0.5,3.0,6.617590699600122
IQ695365,0,0,0.8,0.2,41.506300812362795,0.8333333333333333,0.8333333333333333,3.5,5.4639116712221645
IQ961321,0,0,0.5,0.125,19.66484793763154,0.0,0.0,2.3333333333333335,16.60586600154518
IQ4931885,0,0,0.5,0.125,22.5085435154951,0.0,0.0,2.3333333333333335,14.72132268731151
IQ9747237,0,0,0.4444444444444444,0.1111111111111111,23.985005763647344,0.0,0.0,2.1666666666666665,13.841455527133517
IQ4287835,0,0,1.0,1.0,323.12,0.0,0.0,1.0,0.0
IQ657860,0,0,1.0,1.0,323.12,0.0,0.0,1.0,0.0
IQ28166,0,0,1.0,1.0,34.11,0.0,0.0,1.0,0.0
IQ321244,0,0,1.0,1.0,34.11,0.0,0.0,1.0,0.0
IQ301667,0,0,1.0,1.0,213.82999999999998,0.0,0.0,1.0,0.0
IQ955557,0,0,1.0,1.0,213.82999999999998,0.0,0.0,1.0,0.0
IQ28871,0,0,1.0,1.0,53.75,0.0,0.0,1.0,0.0
IQ1011195,0,0,1.0,1.0,53.75,0.0,0.0,1.0,0.0
IQ763582,0,0,0.6666666666666666,0.3333333333333333,27.9953522155843,0.0,0.0,1.5,3.5527517286956143
IQ970510,0,0,0.6666666666666666,0.3333333333333333,25.337165862766454,0.0,0.0,1.5,4.036424099219268
IQ34235,0,0,1.0,0.5,39.900022052067385,1.0,1.0,2.0,1.4774819358968665
IQ124117,0,0,1.0,1.0,48.6,0.0,0.0,1.0,0.0
IQ30257,0,0,1.0,1.0,48.6,0.0,0.0,1.0,0.0
IQ970554,0,0,1.0,1.0,143.28,0.0,0.0,1.0,0.0
IQ34922,0,0,1.0,1.0,143.28,0.0,0.0,1.0,0.0
IQ30806,0,0,0.4,0.10000000000000003,17.741109122865648,0.0,0.0,2.083333333333333,21.140163209796317
IQ36235,0,0,0.4,0.10000000000000002,17.160490162775417,0.0,0.0,2.083333333333333,21.836231601289306
IQ30253,0,0,0.5714285714285714,0.1428571428571429,18.40493771605943,0.5,0.5,2.833333333333333,20.371976386687667
IQ25253,0,0,0.5714285714285714,0.1428571428571429,18.70812092385226,0.5,0.5,2.833333333333333,20.03012463567746
IQ554444,0,0,0.6666666666666666,0.1666666666666667,22.950887513984135,0.6666666666666666,0.6666666666666666,3.0,15.691075345238286
IQ4877145,0,0,1.0,1.0,50.21000000000001,0.0,0.0,1.0,0.0
IQ30012,0,0,1.0,1.0,50.21000000000001,0.0,0.0,1.0,0.0
IQ917501,0,0,0.6666666666666666,0.3333333333333333,13.763770466481311,0.0,0.0,1.5,3.8489754388037967
IQ263232,0,0,1.0,0.5,21.06789218583757,1.0,1.0,2.0,1.4248610658511065
IQ361258,0,0,0.6666666666666666,0.3333333333333333,14.338506718159147,0.0,0.0,1.5,3.6519218716145727
IQ322481,0,0,1.0,0.5,52.52075929549903,1.0,1.0,1.5,1.66028236525522
IQ25115,0,0,0.6666666666666666,0.3333333333333333,31.889386882129287,0.0,0.0,1.5,4.444333801884937
IQ4494941,0,0,0.6666666666666666,0.3333333333333333,38.81704946485393,0.0,0.0,2.0,3.4685133298446926
IQ33924,0,0,0.6,0.2,112.11329839223374,0.0,0.0,2.0,8.456650002602359
IQ873661,0,0,0.6,0.2,133.78842530335197,0.0,0.0,2.0,6.61879015030105
IQ288502,0,0,1.0,0.3333333333333333,164.33851002435313,1.0,1.0,3.0,4.143350945360263
IQ400903,0,0,0.6,0.2,71.27091794512873,0.0,0.0,2.0,13.019893060250508
IQ875122,0,0,1.0,1.0,31.0,0.0,0.0,1.0,0.0
IQ20992606,0,0,1.0,1.0,31.0,0.0,0.0,1.0,0.0
IQ20619,0,0,1.0,1.0,31.38,0.0,0.0,1.0,0.0
IQ120154,0,0,1.0,1.0,31.38,0.0,0.0,1.0,0.0
IQ332954,0,0,1.0,0.5,24.34118291347206,1.0,1.0,2.0,1.937058736512254
IQ135437,0,0,0.6666666666666666,0.3333333333333333,14.218490083173378,0.0,0.0,1.5,4.957932420586377
IQ103463,0,0,0.6666666666666666,0.3333333333333333,18.897534013605434,0.0,0.0,1.5,3.489969750068152
IQ2756469,0,0,0.6666666666666666,0.3333333333333333,22.368333333333336,0.0,0.0,1.5,3.7416573867739413
IQ20449,0,0,0.6666666666666666,0.3333333333333333,22.368333333333336,0.0,0.0,1.5,3.7416573867739413
IQ155107,0,0,1.0,0.5,33.5525,1.0,1.0,2.0,1.4142135623730951
IQ6574313,0,0,0.6666666666666666,0.3333333333333333,9.232092433932666,0.0,0.0,1.5,3.7353170168164653
IQ521791,0,0,0.6666666666666666,0.3333333333333333,9.207648333132747,0.0,0.0,1.5,3.748071425561112
IQ396177,0,0,1.0,0.5,13.829781272595802,1.0,1.0,2.0,1.4142582951657992
IQ20801,0,0,0.6666666666666666,0.3333333333333333,31.030000000000005,0.0,0.0,1.5,3.7416573867739413
IQ31731,0,0,1.0,0.5,46.545,1.0,1.0,2.0,1.4142135623730951
IQ21853,0,0,0.6666666666666666,0.3333333333333333,31.030000000000005,0.0,0.0,1.5,3.7416573867739413
IQ7911223,0,0,1.0,1.0,90.84000000000002,0.0,0.0,1.0,0.0
IQ21915,0,0,1.0,1.0,90.84000000000002,0.0,0.0,1.0,0.0
IQ4181217,0,0,1.0,1.0,317.78,0.0,0.0,1.0,0.0
IQ13701564,0,0,1.0,1.0,317.78,0.0,0.0,1.0,0.0
IQ2929890,0,0,1.0,1.0,115.04,0.0,0.0,1.0,0.0
IQ24801,0,0,1.0,1.0,115.04,0.0,0.0,1.0,0.0
IQ11793613,0,0,0.6,0.2,6.577335143431105,0.0,0.0,2.0,12.991730544340689
IQ1378523,0,0,0.6,0.2,7.263545960875213,0.0,0.0,2.0,11.900699264611582
IQ258769,0,0,1.0,0.3333333333333333,13.29215557133291,1.0,1.0,3.0,4.8541042718263245
IQ34323,0,0,0.6,0.2,11.567292917149315,0.0,0.0,2.0,6.691330628201436
IQ902439,0,0,1.0,1.0,49.74,0.0,0.0,1.0,0.0
IQ144185,0,0,1.0,1.0,49.74,0.0,0.0,1.0,0.0
IQ650622,0,0,1.0,0.25,25.960521249269306,1.0,1.0,4.0,5.896093919789105
IQ4110559,0,0,0.5714285714285714,0.14285714285714285,12.981796797161346,0.0,0.0,2.5,17.564701459885466
IQ2385372,0,0,0.5714285714285714,0.14285714285714285,20.915763272643566,0.0,0.0,2.5,10.04029831632865
IQ28175,0,0,0.5714285714285714,0.14285714285714285,10.572577511252707,0.0,0.0,2.5,20.81578506806447
IQ937535,0,0,0.5714285714285714,0.14285714285714285,19.914720948765975,0.0,0.0,2.5,10.857776524356996
IQ172182,0,0,1.0,1.0,47.220000000000006,0.0,0.0,1.0,0.0
IQ4058466,0,0,1.0,1.0,47.220000000000006,0.0,0.0,1.0,0.0
IQ2901533,0,0,1.0,1.0,140.28,0.0,0.0,1.0,0.0
IQ2901534,0,0,1.0,1.0,140.28,0.0,0.0,1.0,0.0
IQ877463,0,0,1.0,1.0,163.42,0.0,0.0,1.0,0.0
IQ25605,0,0,1.0,1.0,163.42,0.0,0.0,1.0,0.0
IQ27755301,0,0,1.0,1.0,51.11,0.0,0.0,1.0,0.0
IQ36204,0,0,1.0,1.0,51.11,0.0,0.0,1.0,0.0
IQ1004347,0,0,0.5,0.1,18.62984370026153,0.0,0.0,2.8333333333333335,33.04743192641698
IQ94639,0,0,0.5,0.1,21.620779300941038,0.0,0.0,2.8333333333333335,29.033402411076437
IQ320596,0,0,0.625,0.125,39.44395374585315,0.4,0.4,3.5,11.898411280350722
IQ433088,0,0,0.8333333333333334,0.16666666666666666,40.874201944696594,0.9,0.9,4.5,10.573608686798202
IQ279253,0,0,0.5,0.1,23.519738098869777,0.0,0.0,2.8333333333333335,26.788385731222583
IQ325801,0,0,0.4166666666666667,0.08333333333333333,19.757175503687176,0.0,0.0,2.5,31.453900610252493
IQ434566,0,0,1.0,0.5,127.07220552884615,1.0,1.0,2.0,1.8515777943013898
IQ2112915,0,0,0.6666666666666666,0.3333333333333333,97.34434896033147,0.0,0.0,1.5,3.473652818635369
IQ386844,0,0,0.6666666666666666,0.3333333333333333,74.98604527454341,0.0,0.0,1.5,4.803690012619107
IQ1663342,0,0,1.0,1.0,32.64,0.0,0.0,1.0,0.0
IQ279728,0,0,1.0,1.0,32.64,0.0,0.0,1.0,0.0
IQ1442715,0,0,0.6,0.2,11.856753179161245,0.0,0.0,2.0,14.116517321354534
IQ24215,0,0,1.0,0.3333333333333333,20.992465491831805,1.0,1.0,3.0,6.305364187178694
IQ126957596,0,0,0.6,0.2,9.825306979727065,0.0,0.0,2.0,16.58500636592437
IQ2434396,0,0,0.6,0.2,19.20765268130005,0.0,0.0,2.0,7.680839499732877
IQ254291,0,0,1.0,0.5,47.77576785178968,1.0,1.0,2.0,5.376895342801491
IQ267538,0,0,0.6666666666666666,0.3333333333333333,45.028538363301436,0.0,0.0,1.5,5.941452156872333
IQ1855290,0,0,0.6666666666666666,0.3333333333333333,24.639523073307693,0.0,0.0,1.5,11.280698733004037
IQ254571,0,0,1.0,0.5,141.6623010525449,1.0,1.0,2.0,2.0707456685666283
IQ28775,0,0,0.6666666666666666,0.3333333333333333,81.61242115915219,0.0,0.0,1.5,5.195910646084824
IQ1054418,0,0,0.6666666666666666,0.3333333333333333,112.05628869784205,0.0,0.0,1.5,3.527385813508307
IQ1137679,0,0,0.5714285714285714,0.14285714285714285,5.319508250647673,0.0,0.0,2.5,16.149837262121892
IQ33401,0,0,1.0,0.25,10.90393362390062,1.0,1.0,4.0,4.993787251724439
IQ1801139,0,0,0.5714285714285714,0.14285714285714285,6.017257296373874,0.0,0.0,2.5,14.401756916340181
IQ966124,0,0,0.5714285714285714,0.14285714285714285,5.739926012663959,0.0,0.0,2.5,15.069277541970532
IQ1826430,0,0,0.5714285714285714,0.14285714285714285,8.804683874363675,0.0,0.0,2.5,8.860549626683103
IQ5410356,0,0,0.5714285714285714,0.14285714285714285,147.5940411224456,0.0,0.0,2.5,15.890764675977637
IQ616310,0,0,0.5714285714285714,0.14285714285714285,147.8257487540507,0.0,0.0,2.5,15.835997830827605
IQ1830540,0,0,0.5714285714285714,0.14285714285714285,56.68123392617332,0.0,0.0,2.5,45.06158085337987
IQ378887,0,0,0.5714285714285714,0.14285714285714285,73.92264672460841,0.0,0.0,2.5,36.84146269508825
IQ247483,0,0,1.0,0.25,156.56368554166195,1.0,1.0,4.0,13.747984870144176
IQ4323588,0,0,0.6,0.2,12.548280323017018,0.0,0.0,2.0,7.691165515427722
IQ1685795,0,0,0.6,0.2,14.396814418152534,0.0,0.0,2.0,6.525838548490047
IQ29344,0,0,1.0,0.3333333333333333,20.981319260459905,1.0,1.0,3.0,2.7004443752147496
IQ1065148,0,0,0.6,0.2,11.216393008724149,0.0,0.0,2.0,8.629936402619402
IQ31152,0,0,1.0,1.0,108.4,0.0,0.0,1.0,0.0
IQ126788,0,0,1.0,1.0,108.4,0.0,0.0,1.0,0.0
IQ418901,0,0,1.0,1.0,64.02,0.0,0.0,1.0,0.0
IQ329470,0,0,1.0,1.0,64.02,0.0,0.0,1.0,0.0
IQ520516,0,0,1.0,1.0,171.63,0.0,0.0,1.0,0.0
IQ32410,0,0,1.0,1.0,171.63,0.0,0.0,1.0,0.0
IQ1439935,0,0,0.6666666666666666,0.3333333333333333,17.701807235673563,0.0,0.0,1.5,10.810074767359202
IQ1589431,0,0,0.6666666666666666,0.3333333333333333,32.10298250372985,0.0,0.0,1.5,5.722476869095433
IQ317975,0,0,1.0,0.5,34.23049134097402,1.0,1.0,2.0,5.1303890299514014
IQ621668,0,0,1.0,0.5,115.40808772788294,1.0,1.0,2.0,2.795000941049163
IQ1025643,0,0,0.6666666666666666,0.3333333333333333,63.26006519855297,0.0,0.0,1.5,6.478394993286315
IQ12917125,0,0,0.6666666666666666,0.3333333333333333,98.1648008025528,0.0,0.0,1.5,3.8846556621264896
IQ125396,0,0,1.0,1.0,34.49,0.0,0.0,1.0,0.0
IQ1745701,0,0,1.0,1.0,34.49,0.0,0.0,1.0,0.0
IQ921230,0,0,1.0,1.0,63.26,0.0,0.0,1.0,0.0
IQ33637,0,0,1.0,1.0,63.26,0.0,0.0,1.0,0.0
IQ171900,0,0,0.6666666666666666,0.3333333333333333,237.81928789837676,0.0,0.0,1.5,3.520219042977274
IQ361335,0,0,1.0,0.5,334.3246712633067,1.0,1.0,2.0,1.514744924012787
IQ598809,0,0,0.6666666666666666,0.3333333333333333,209.71219833514297,0.0,0.0,1.5,4.132834234949748
IQ8141878,0,0,1.0,0.5,25.90477829675605,1.0,1.0,2.0,2.4630265360956467
IQ1703489,0,0,0.6666666666666666,0.3333333333333333,14.469827734095793,0.0,0.0,1.5,5.8884273964941976
IQ1625274,0,0,0.6666666666666666,0.3333333333333333,21.413538900936175,0.0,0.0,1.5,3.69579780071545
IQ12056599,0,0,0.6,0.2,18.17271608205537,0.0,0.0,2.0,7.028655504139861
IQ1430029,0,0,0.6,0.2,8.75442498351365,0.0,0.0,2.0,15.204305535825123
IQ1022672,0,0,1.0,0.3333333333333333,21.41052396392675,1.0,1.0,3.0,4.883802619743403
IQ1023119,0,0,0.6,0.2,15.558264675823535,0.0,0.0,2.0,8.82008522023117
IQ97461,0,0,1.0,0.3333333333333333,21.903656042808716,1.0,1.0,3.0,5.679805542232891
IQ32540,0,0,0.6,0.2,8.72085991269933,0.0,0.0,2.0,17.31710134927689
IQ32509,0,0,0.6,0.2,19.35695202081787,0.0,0.0,2.0,7.45336298223252
IQ12367876,0,0,0.6,0.2,16.143671779480265,0.0,0.0,2.0,9.768699099027131
IQ1891325,0,0,1.0,1.0,141.37,0.0,0.0,1.0,0.0
IQ517984,0,0,1.0,1.0,141.37,0.0,0.0,1.0,0.0
IQ698626,0,0,1.0,1.0,76.67,0.0,0.0,1.0,0.0
IQ368090,0,0,1.0,1.0,76.67,0.0,0.0,1.0,0.0
IQ387097,0,0,1.0,1.0,1139.98,0.0,0.0,1.0,0.0
IQ598804,0,0,1.0,1.0,1139.98,0.0,0.0,1.0,0.0
IQ121234,0,0,1.0,1.0,34.85,0.0,0.0,1.0,0.0
IQ556909,0,0,1.0,1.0,34.85,0.0,0.0,1.0,0.0
IQ27441,0,0,0.6666666666666666,0.3333333333333333,20.141432136018103,0.0,0.0,1.5,3.621048291583098
IQ693991,0,0,0.6666666666666666,0.3333333333333333,13.975571750684491,0.0,0.0,1.5,5.6162279489069
IQ115478,0,0,1.0,0.5,24.752000285245664,1.0,1.0,2.0,2.3088528365428536
IQ737058,0,0,1.0,1.0,105.25,0.0,0.0,1.0,0.0
IQ879338,0,0,1.0,1.0,105.25,0.0,0.0,1.0,0.0
IQ1076405,0,0,0.6666666666666666,0.3333333333333333,25.505130550292893,0.0,0.0,1.5,5.657669626466082
IQ1759773,0,0,0.6666666666666666,0.3333333333333333,36.914432047402926,0.0,0.0,1.5,3.631807364897319
IQ413190,0,0,1.0,0.5,45.25059305335547,1.0,1.0,2.0,2.332348616221822
IQ21975,0,0,1.0,1.0,32.67,0.0,0.0,1.0,0.0
IQ1780102,0,0,1.0,1.0,32.67,0.0,0.0,1.0,0.0
IQ1726180,0,0,1.0,1.0,30.0,0.0,0.0,1.0,0.0
IQ1726191,0,0,1.0,1.0,30.0,0.0,0.0,1.0,0.0
IQ646194,0,0,1.0,1.0,130.6,0.0,0.0,1.0,0.0
IQ4503221,0,0,1.0,1.0,130.6,0.0,0.0,1.0,0.0
IQ403593,0,0,1.0,0.5,18.111618372769833,1.0,1.0,2.0,1.6513615096052188
IQ1598454,0,0,0.6666666666666666,0.3333333333333333,13.359727459398917,0.0,0.0,1.5,3.4697621463574224
IQ59009578,0,0,0.6666666666666666,0.3333333333333333,11.014707195075028,0.0,0.0,1.5,4.426705866073921
IQ26731,0,0,1.0,1.0,26.860000000000003,0.0,0.0,1.0,0.0
IQ27483,0,0,1.0,1.0,26.860000000000003,0.0,0.0,1.0,0.0
IQ28062,0,0,1.0,1.0,42.91,0.0,0.0,1.0,0.0
IQ26393,0,0,1.0,1.0,42.91,0.0,0.0,1.0,0.0
IQ220168,0,0,1.0,1.0,50.400000000000006,0.0,0.0,1.0,0.0
IQ1474111,0,0,1.0,1.0,50.400000000000006,0.0,0.0,1.0,0.0
IQ1462090,0,0,1.0,1.0,29.0,0.0,0.0,1.0,0.0
IQ209445,0,0,1.0,1.0,29.0,0.0,0.0,1.0,0.0
IQ29342508,0,0,1.0,1.0,110.7,0.0,0.0,1.0,0.0
IQ29342426,0,0,1.0,1.0,110.7,0.0,0.0,1.0,0.0
IQ876125,0,0,1.0,1.0,62.69,0.0,0.0,1.0,0.0
IQ30950655,0,0,1.0,1.0,62.69,0.0,0.0,1.0,0.0
IQ1543242,0,0,1.0,1.0,156.98,0.0,0.0,1.0,0.0
IQ29747,0,0,1.0,1.0,156.98,0.0,0.0,1.0,0.0
IQ1478437,0,0,1.0,1.0,59.87,0.0,0.0,1.0,0.0
IQ12048788,0,0,1.0,1.0,59.87,0.0,0.0,1.0,0.0
IQ1273875,0,0,0.45454545454545453,0.09090909090909091,4.772433763965444,0.0,0.0,2.6666666666666665,90.22922752628484
IQ35426,0,0,0.7142857142857143,0.14285714285714285,15.207912722357795,0.7000000000000001,0.7000000000000001,4.0,24.24816398937181
IQ553924,0,0,0.45454545454545453,0.09090909090909091,14.730738434945081,0.0,0.0,4.0,26.455067939317562
IQ185801,0,0,0.7142857142857143,0.14285714285714285,15.2079127223578,0.7000000000000001,0.7000000000000001,2.6666666666666665,24.248163989371836
IQ1253996,0,0,0.45454545454545453,0.09090909090909091,14.50560011803595,0.0,0.0,2.6666666666666665,27.481295572800377
IQ1048356,0,0,0.45454545454545453,0.09090909090909091,5.88129673010416,0.0,0.0,2.6666666666666665,77.88399802398881
IQ128277,0,0,1.0,1.0,90.89,0.0,0.0,1.0,0.0
IQ27988,0,0,1.0,1.0,90.89,0.0,0.0,1.0,0.0
IQ409256,0,0,0.6666666666666666,0.3333333333333333,15.458593216427367,0.0,0.0,1.5,34.73986065282568
IQ385727,0,0,0.6666666666666666,0.3333333333333333,30.61279468987997,0.0,0.0,1.5,17.457501576659137
IQ109528,0,0,1.0,0.5,30.815052150669544,1.0,1.0,2.0,17.283647065806466
IQ33548,0,0,0.6666666666666666,0.3333333333333333,45.54688885289084,0.0,0.0,1.5,10.985978424260376
IQ399147,0,0,1.0,0.5,46.31525967305868,1.0,1.0,2.0,10.704614227692293
IQ1051214,0,0,0.6666666666666666,0.3333333333333333,23.354624764580652,0.0,0.0,1.5,21.685297020798373
IQ762967,0,0,0.5714285714285714,0.14285714285714285,5.962098441902876,0.0,0.0,2.5,33.0262190090946
IQ1022830,0,0,0.5714285714285714,0.14285714285714285,13.184847871961214,0.0,0.0,2.5,16.2664261160124
IQ895051,0,0,0.5714285714285714,0.14285714285714285,16.642338970536798,0.0,0.0,2.5,11.08698971544506
IQ645614,0,0,0.5714285714285714,0.14285714285714285,12.044831232501183,0.0,0.0,2.5,18.142241036683377
IQ27504,0,0,1.0,0.25,18.102744951221602,1.0,1.0,4.0,8.90709359947947
IQ419388,0,0,1.0,1.0,42.51,0.0,0.0,1.0,0.0
IQ35743,0,0,1.0,1.0,42.51,0.0,0.0,1.0,0.0
IQ28801555,0,0,1.0,1.0,25.53,0.0,0.0,1.0,0.0
IQ29830769,0,0,1.0,1.0,25.53,0.0,0.0,1.0,0.0
IQ28556,0,0,1.0,1.0,147.91,0.0,0.0,1.0,0.0
IQ626234,0,0,1.0,1.0,147.91,0.0,0.0,1.0,0.0
IQ172207,0,0,1.0,0.5,675.9537509706827,1.0,1.0,2.0,1.8469290265200684
IQ306654,0,0,0.6666666666666666,0.3333333333333333,399.11933509808864,0.0,0.0,1.5,4.795230149022259
IQ254765,0,0,0.6666666666666666,0.3333333333333333,517.4223443851091,0.0,0.0,1.5,3.472967313828308
IQ32347,0,0,1.0,1.0,53.07,0.0,0.0,1.0,0.0
IQ5843381,0,0,1.0,1.0,53.07,0.0,0.0,1.0,0.0
IQ228635,0,0,1.0,1.0,80.05,0.0,0.0,1.0,0.0
IQ4204371,0,0,1.0,1.0,80.05,0.0,0.0,1.0,0.0
IQ282005,0,0,1.0,0.5,111.71542080117602,1.0,1.0,1.5,2.4856115963736642
IQ411320,0,0,0.6666666666666666,0.3333333333333333,92.54632527552822,0.0,0.0,1.5,3.7075203707700095
IQ5841981,0,0,0.6666666666666666,0.3333333333333333,62.31093391275827,0.0,0.0,2.0,5.9283739541683405
IQ5523961,0,0,1.0,1.0,43.33,0.0,0.0,1.0,0.0
IQ4484388,0,0,1.0,1.0,43.33,0.0,0.0,1.0,0.0
IQ29929,0,0,1.0,1.0,219.51000000000002,0.0,0.0,1.0,0.0
IQ606639,0,0,1.0,1.0,219.51000000000002,0.0,0.0,1.0,0.0
IQ705288,0,0,1.0,1.0,586.7,0.0,0.0,1.0,0.0
IQ94844,0,0,1.0,1.0,586.7,0.0,0.0,1.0,0.0
IQ275442,0,0,1.0,1.0,1720.37,0.0,0.0,1.0,0.0
IQ255357,0,0,1.0,1.0,1720.37,0.0,0.0,1.0,0.0
IQ876873,0,0,1.0,1.0,51.6,0.0,0.0,1.0,0.0
IQ260324,0,0,1.0,1.0,51.6,0.0,0.0,1.0,0.0
IQ33560,0,0,1.0,1.0,45.42000000000001,0.0,0.0,1.0,0.0
IQ843867,0,0,1.0,1.0,45.42000000000001,0.0,0.0,1.0,0.0
IQ632518,0,0,1.0,1.0,399.73,0.0,0.0,1.0,0.0
IQ4160808,0,0,1.0,1.0,399.73,0.0,0.0,1.0,0.0
IQ34677,0,0,0.4444444444444444,0.1111111111111111,21.6549595564277,0.0,0.0,2.1666666666666665,29.819453411081998
IQ30867,0,0,0.5,0.125,39.91562242870217,0.0,0.0,2.333333333333333,15.273894616043858
IQ33485,0,0,0.5,0.125,18.324652229806677,0.0,0.0,2.333333333333333,33.90819742051285
IQ269027,0,0,0.8,0.2,46.84932667226572,0.8333333333333333,0.8333333333333333,3.5,10.870750038050305
IQ27762,0,0,0.6666666666666666,0.16666666666666666,45.87479052074035,0.5,0.5,3.0,11.500061163936847
IQ881657,0,0,1.0,1.0,46.54,0.0,0.0,1.0,0.0
IQ125074,0,0,1.0,1.0,46.54,0.0,0.0,1.0,0.0
IQ298893,0,0,1.0,1.0,28.99,0.0,0.0,1.0,0.0
IQ591198,0,0,1.0,1.0,28.99,0.0,0.0,1.0,0.0
IQ3199215,0,0,0.6666666666666666,0.3333333333333333,21.108433734939748,0.0,0.0,1.5,5.809298168064663
IQ672224,0,0,0.6666666666666666,0.3333333333333333,31.008849557522115,0.0,0.0,1.5,3.673115955414123
IQ22003,0,0,1.0,0.5,37.67741935483869,1.0,1.0,2.0,2.4182525106943342
IQ30213967,0,0,1.0,1.0,26.33,0.0,0.0,1.0,0.0
IQ883468,0,0,1.0,1.0,26.33,0.0,0.0,1.0,0.0
IQ29941,0,0,0.5714285714285714,0.14285714285714285,19.293762395326876,0.0,0.0,2.5,32.85680655749285
IQ30374432,0,0,0.5714285714285714,0.14285714285714285,7.455939476714568,0.0,0.0,2.5,73.41851791390528
IQ21609,0,0,0.5714285714285714,0.14285714285714285,25.498918828826753,0.0,0.0,2.5,20.46608785409902
IQ271057,0,0,0.5714285714285714,0.14285714285714285,22.38281969022973,0.0,0.0,2.5,26.549273815221696
IQ107534,0,0,1.0,0.25,25.940726016423106,1.0,1.0,4.0,19.592658670772014
IQ6068126,0,0,1.0,1.0,32.18,0.0,0.0,1.0,0.0
IQ4252498,0,0,1.0,1.0,32.18,0.0,0.0,1.0,0.0
IQ428206,0,0,1.0,1.0,31.25,0.0,0.0,1.0,0.0
IQ36018,0,0,1.0,1.0,31.25,0.0,0.0,1.0,0.0
IQ263842,0,0,1.0,1.0,67.48,0.0,0.0,1.0,0.0
IQ25223,0,0,1.0,1.0,67.48,0.0,0.0,1.0,0.0
IQ5546439,0,0,1.0,1.0,79044.23,0.0,0.0,1.0,0.0
IQ303560,0,0,1.0,1.0,79044.23,0.0,0.0,1.0,0.0
IQ93396,0,0,1.0,1.0,54.13000000000001,0.0,0.0,1.0,0.0
IQ30970,0,0,1.0,1.0,54.13000000000001,0.0,0.0,1.0,0.0
IQ881255,0,0,1.0,1.0,39.45,0.0,0.0,1.0,0.0
IQ32184,0,0,1.0,1.0,39.45,0.0,0.0,1.0,0.0
IQ27058,0,0,1.0,1.0,1103.92,0.0,0.0,1.0,0.0
IQ27115,0,0,1.0,1.0,1103.92,0.0,0.0,1.0,0.0
IQ29732020,0,0,1.0,1.0,35.89,0.0,0.0,1.0,0.0
IQ667335,0,0,1.0,1.0,35.89,0.0,0.0,1.0,0.0
IQ31348,0,0,1.0,0.16666666666666666,41.14305772212831,1.0,1.0,6.0,14.323985923787703
IQ32863,0,0,0.5454545454545454,0.09090909090909091,23.602513851356242,0.0,0.0,3.5,38.61380675874455
IQ36277,0,0,0.5454545454545454,0.09090909090909091,25.82058372999822,0.0,0.0,3.5,35.0989284684512
IQ28074,0,0,0.5454545454545454,0.09090909090909091,12.064509627189075,0.0,0.0,3.5,66.14746449394728
IQ893644,0,0,0.5454545454545454,0.09090909090909091,28.51483235155622,0.0,0.0,3.5,31.167896853125864
IQ34671,0,0,0.5454545454545454,0.09090909090909091,23.459957050215728,0.0,0.0,3.5,38.85040052514408
IQ31609,0,0,0.5454545454545454,0.09090909090909091,38.94140009493298,0.0,0.0,3.5,17.406899675566763
IQ103678,0,0,1.0,1.0,32.0,0.0,0.0,1.0,0.0
IQ624041,0,0,1.0,1.0,32.0,0.0,0.0,1.0,0.0
IQ246988,0,0,1.0,1.0,614.11,0.0,0.0,1.0,0.0
IQ842095,0,0,1.0,1.0,614.11,0.0,0.0,1.0,0.0
IQ350381,0,0,1.0,1.0,41.68,0.0,0.0,1.0,0.0
IQ664138,0,0,1.0,1.0,41.68,0.0,0.0,1.0,0.0
IQ400166,0,0,0.6666666666666666,0.3333333333333333,50.4623335545653,0.0,0.0,1.5,6.148290453847732
IQ658668,0,0,1.0,0.5,91.15492010207754,1.0,1.0,1.5,2.609693250065974
IQ25606,0,0,0.6666666666666666,0.3333333333333333,76.36943536468127,0.0,0.0,2.0,3.7750521575634397
IQ26269,0,0,1.0,1.0,49.88,0.0,0.0,1.0,0.0
IQ26008,0,0,1.0,1.0,49.88,0.0,0.0,1.0,0.0
IQ24816,0,0,0.8,0.2,76.07639104897076,0.8333333333333333,0.8333333333333333,3.5,22.423626983097307
IQ2116856,0,0,0.5,0.125,30.23861886329738,0.0,0.0,2.333333333333333,66.59058114824957
IQ29791,0,0,0.6666666666666666,0.16666666666666666,75.77630719011778,0.5,0.5,2.1666666666666665,22.651486724647693
IQ1690301,0,0,0.4444444444444444,0.1111111111111111,52.73311193545167,0.0,0.0,3.0,40.63130721173663
IQ30552,0,0,0.5,0.125,37.63061005140537,0.0,0.0,2.3333333333333335,56.147621344396114
IQ544157,0,0,0.6,0.2,40.66705934757885,0.0,0.0,2.0,11.552302374726768
IQ346012,0,0,1.0,0.3333333333333333,56.072410201768065,1.0,1.0,2.0,6.76972327371305
IQ866495,0,0,0.6,0.2,22.148873049565648,0.0,0.0,2.0,20.00292610303973
IQ213080,0,0,0.6,0.2,51.46292900625187,0.0,0.0,3.0,8.157692221969858
IQ631102,0,0,1.0,1.0,34.36,0.0,0.0,1.0,0.0
IQ127881,0,0,1.0,1.0,34.36,0.0,0.0,1.0,0.0
IQ631113,0,0,1.0,1.0,28.28,0.0,0.0,1.0,0.0
IQ170571,0,0,1.0,1.0,28.28,0.0,0.0,1.0,0.0
IQ391086,0,0,0.6666666666666666,0.3333333333333333,23.439885797655577,0.0,0.0,1.5,3.599997255814658
IQ28338,0,0,1.0,0.5,28.956781230577995,1.0,1.0,2.0,2.2612194992912573
IQ127009,0,0,0.6666666666666666,0.3333333333333333,16.40948860634663,0.0,0.0,1.5,5.532231726708665
IQ28163,0,0,1.0,1.0,122.73,0.0,0.0,1.0,0.0
IQ983882,0,0,1.0,1.0,122.73,0.0,0.0,1.0,0.0
IQ34924,0,0,1.0,0.5,111.17250000000001,1.0,1.0,2.0,1.4142135623730951
IQ23787,0,0,0.6666666666666666,0.3333333333333333,74.11500000000001,0.0,0.0,1.5,3.7416573867739413
IQ102627,0,0,0.6666666666666666,0.3333333333333333,74.115,0.0,0.0,1.5,3.7416573867739413
IQ32062,0,0,0.35294117647058826,0.058823529411764705,6.317784840082511,0.0,0.0,2.6666666666666665,33.54128619293683
IQ438729,0,0,0.35294117647058826,0.058823529411764705,5.733185004894894,0.0,0.0,2.6666666666666665,36.53993697069589
IQ2524909,0,0,0.35294117647058826,0.058823529411764705,5.547291860288656,0.0,0.0,3.6666666666666665,37.56690694697588
IQ1194838,0,0,0.5,0.08333333333333333,6.375026442586283,0.3333333333333333,0.3333333333333333,2.6666666666666665,33.2642848054258
IQ431808,0,0,0.5,0.08333333333333333,9.323338952341674,0.3333333333333333,0.3333333333333333,3.6666666666666665,21.462427627657377
IQ24804,0,0,0.5,0.08333333333333333,10.622418209182667,0.3333333333333333,0.3333333333333333,3.6666666666666665,17.024765846839376
IQ23893,0,0,0.6666666666666666,0.1111111111111111,11.120045428488018,0.8,0.8,4.5,15.32935799617774
IQ875822,0,0,1.0,1.0,32.66,0.0,0.0,1.0,0.0
IQ178118,0,0,1.0,1.0,32.66,0.0,0.0,1.0,0.0
IQ257662,0,0,0.6666666666666666,0.3333333333333333,14.883346913193357,0.0,0.0,1.5,3.6265763494849637
IQ198975,0,0,0.6666666666666666,0.3333333333333333,14.09908267774974,0.0,0.0,1.5,3.8875828244175983
IQ409956,0,0,1.0,0.5,21.72090555682598,1.0,1.0,2.0,1.4328542309216528
IQ36478,0,0,1.0,0.5,172.65916658106482,1.0,1.0,1.5,2.744423785042585
IQ664920,0,0,0.6666666666666666,0.3333333333333333,94.88391841035673,0.0,0.0,2.0,6.388082107887366
IQ383101,0,0,0.6666666666666666,0.3333333333333333,146.28270024078205,0.0,0.0,1.5,3.8537924882415124
IQ668495,0,0,1.0,1.0,93.75,0.0,0.0,1.0,0.0
IQ24165,0,0,1.0,1.0,93.75,0.0,0.0,1.0,0.0
IQ33365,0,0,1.0,1.0,38.72,0.0,0.0,1.0,0.0
IQ30666,0,0,1.0,1.0,38.72,0.0,0.0,1.0,0.0
IQ792955,0,0,1.0,0.5,39.255004704652364,1.0,1.0,2.0,1.935594982548269
IQ4804661,0,0,0.6666666666666666,0.3333333333333333,22.933918885902752,0.0,0.0,1.5,4.955308755443422
IQ127673,0,0,0.6666666666666666,0.3333333333333333,30.469375963645202,0.0,0.0,1.5,3.4896353420602475
IQ35276,0,0,1.0,1.0,34.04,0.0,0.0,1.0,0.0
IQ27236,0,0,1.0,1.0,34.04,0.0,0.0,1.0,0.0
IQ12632911,0,0,1.0,1.0,30.810000000000002,0.0,0.0,1.0,0.0
IQ12632932,0,0,1.0,1.0,30.810000000000002,0.0,0.0,1.0,0.0
IQ20117,0,0,0.8333333333333334,0.16666666666666666,4.339134658166163,0.9,0.9,4.5,15.759535767504463
IQ2567756,0,0,0.5,0.1,3.365560094748537,0.0,0.0,2.833333333333333,23.549500368527003
IQ661684,0,0,0.4166666666666667,0.08333333333333333,1.587482826533305,0.0,0.0,2.5,45.64222279383402
IQ26277,0,0,0.5,0.1,3.9864439251935226,0.0,0.0,2.833333333333333,18.493689492662863
IQ124869,0,0,0.625,0.125,2.750150304045174,0.4,0.4,3.5,29.325406713726842
IQ27133,0,0,0.5,0.1,3.754985272589514,0.0,0.0,2.833333333333333,20.323373085073467
IQ26322,0,0,1.0,0.5,264.7299101940601,1.0,1.0,2.0,1.414294651047761
IQ24872,0,0,0.6666666666666666,0.3333333333333333,176.80216096216543,0.0,0.0,1.5,3.733137987327158
IQ1366624,0,0,0.6666666666666666,0.3333333333333333,176.1721770169551,0.0,0.0,1.5,3.750310329490945
IQ1241530,0,0,0.6,0.2,6.7387218721354145,0.0,0.0,2.0,14.31155186276743
IQ19095,0,0,1.0,0.3333333333333333,13.395886646651368,1.0,1.0,3.0,5.638090842040476
IQ668314,0,0,0.6,0.2,7.055103713224602,0.0,0.0,2.0,13.755231162886439
IQ681273,0,0,0.6,0.2,12.032036600693882,0.0,0.0,2.0,7.186226458231275
IQ700305,0,0,1.0,1.0,79.93,0.0,0.0,1.0,0.0
IQ3483429,0,0,1.0,1.0,79.93,0.0,0.0,1.0,0.0
IQ437684,0,0,1.0,1.0,900.5200000000001,0.0,0.0,1.0,0.0
IQ36533,0,0,1.0,1.0,900.5200000000001,0.0,0.0,1.0,0.0
IQ11419439,0,0,1.0,1.0,96.26,0.0,0.0,1.0,0.0
IQ11883454,0,0,1.0,1.0,96.26,0.0,0.0,1.0,0.0
IQ1286494,0,0,0.5,0.16666666666666669,39.231505184637115,0.0,0.0,2.5,12.968050578329416
IQ31945,0,0,0.5,0.16666666666666666,63.466343383594726,0.0,0.0,1.8333333333333333,8.226423281610643
IQ32631,0,0,0.75,0.25,86.6858732018382,0.6666666666666666,0.6666666666666666,1.8333333333333333,4.908948561060394
IQ268363,0,0,0.75,0.25000000000000006,86.68587320183818,0.6666666666666666,0.6666666666666666,2.5,4.908948561060394
IQ531375,0,0,1.0,1.0,513.44,0.0,0.0,1.0,0.0
IQ1849011,0,0,1.0,1.0,513.44,0.0,0.0,1.0,0.0
IQ124932,0,0,1.0,1.0,214.77,0.0,0.0,1.0,0.0
IQ682208,0,0,1.0,1.0,214.77,0.0,0.0,1.0,0.0
IQ8082968,0,0,1.0,1.0,51.19,0.0,0.0,1.0,0.0
IQ93473,0,0,1.0,1.0,51.19,0.0,0.0,1.0,0.0
IQ34764,0,0,1.0,1.0,267.61,0.0,0.0,1.0,0.0
IQ540470,0,0,1.0,1.0,267.61,0.0,0.0,1.0,0.0
IQ1600393,0,0,1.0,1.0,34.62,0.0,0.0,1.0,0.0
IQ217948,0,0,1.0,1.0,34.62,0.0,0.0,1.0,0.0
IQ668697,0,0,1.0,1.0,102.31999999999998,0.0,0.0,1.0,0.0
IQ668702,0,0,1.0,1.0,102.31999999999998,0.0,0.0,1.0,0.0
IQ112017,0,0,1.0,1.0,32.39,0.0,0.0,1.0,0.0
IQ1593178,0,0,1.0,1.0,32.39,0.0,0.0,1.0,0.0
IQ668762,0,0,1.0,1.0,47.35,0.0,0.0,1.0,0.0
IQ347983,0,0,1.0,1.0,47.35,0.0,0.0,1.0,0.0
IQ428293,0,0,1.0,1.0,256.66,0.0,0.0,1.0,0.0
IQ28076,0,0,1.0,1.0,256.66,0.0,0.0,1.0,0.0
IQ32409672,0,0,0.6666666666666666,0.3333333333333333,54.68666666666667,0.0,0.0,1.5,3.7416573867739413
IQ666715,0,0,0.6666666666666666,0.3333333333333333,54.68666666666667,0.0,0.0,1.5,3.7416573867739413
IQ25831,0,0,1.0,0.5,82.03000000000002,1.0,1.0,2.0,1.4142135623730951
IQ679130,0,0,1.0,1.0,37.8,0.0,0.0,1.0,0.0
IQ679132,0,0,1.0,1.0,37.8,0.0,0.0,1.0,0.0
IQ113073,0,0,1.0,1.0,523.92,0.0,0.0,1.0,0.0
IQ21465,0,0,1.0,1.0,523.92,0.0,0.0,1.0,0.0
IQ11941785,0,0,1.0,1.0,70.87,0.0,0.0,1.0,0.0
IQ11941803,0,0,1.0,1.0,70.87,0.0,0.0,1.0,0.0
IQ35106,0,0,1.0,1.0,70.72,0.0,0.0,1.0,0.0
IQ678974,0,0,1.0,1.0,70.72,0.0,0.0,1.0,0.0
IQ35707,0,0,1.0,1.0,58.29,0.0,0.0,1.0,0.0
IQ94613,0,0,1.0,1.0,58.29,0.0,0.0,1.0,0.0
IQ7844145,0,0,1.0,1.0,129.84,0.0,0.0,1.0,0.0
IQ998568,0,0,1.0,1.0,129.84,0.0,0.0,1.0,0.0
IQ12422835,0,0,1.0,1.0,60.93,0.0,0.0,1.0,0.0
IQ108544,0,0,1.0,1.0,60.93,0.0,0.0,1.0,0.0
IQ29617,0,0,1.0,1.0,147.91,0.0,0.0,1.0,0.0
IQ131544,0,0,1.0,1.0,147.91,0.0,0.0,1.0,0.0
IQ365321,0,0,1.0,1.0,642.31,0.0,0.0,1.0,0.0
IQ135144,0,0,1.0,1.0,642.31,0.0,0.0,1.0,0.0
IQ881503,0,0,1.0,1.0,161.7,0.0,0.0,1.0,0.0
IQ1080613,0,0,1.0,1.0,161.7,0.0,0.0,1.0,0.0
IQ19115,0,0,1.0,1.0,2090.81,0.0,0.0,1.0,0.0
IQ127587,0,0,1.0,1.0,2090.81,0.0,0.0,1.0,0.0
IQ26076,0,0,1.0,1.0,34.62,0.0,0.0,1.0,0.0
IQ260381228,0,0,1.0,1.0,34.62,0.0,0.0,1.0,0.0
IQ694234,0,0,1.0,1.0,1038.14,0.0,0.0,1.0,0.0
IQ306132,0,0,1.0,1.0,1038.14,0.0,0.0,1.0,0.0
IQ31675,0,0,1.0,1.0,320.92,0.0,0.0,1.0,0.0
IQ30896,0,0,1.0,1.0,320.92,0.0,0.0,1.0,0.0
IQ25321,0,0,1.0,1.0,31.019999999999996,0.0,0.0,1.0,0.0
IQ681395,0,0,1.0,1.0,31.019999999999996,0.0,0.0,1.0,0.0
IQ531764,0,0,1.0,1.0,37.08,0.0,0.0,1.0,0.0
IQ127800,0,0,1.0,1.0,37.08,0.0,0.0,1.0,0.0
IQ1371049,0,0,0.5555555555555556,0.1111111111111111,5.3289957856498615,0.0,0.0,3.0,19.167467616304332
IQ699359,0,0,0.5555555555555556,0.1111111111111111,4.892903449259731,0.0,0.0,3.0,20.75158825984125
IQ694299,0,0,0.5555555555555556,0.1111111111111111,7.418812172128648,0.0,0.0,3.0,12.943326788055455
IQ154589,0,0,0.5555555555555556,0.1111111111111111,6.890308979231848,0.0,0.0,3.0,14.374306743942268
IQ36040,0,0,1.0,0.2,10.09498991133686,1.0,1.0,5.0,5.6941236426649375
IQ1453245,0,0,0.5555555555555556,0.1111111111111111,4.554205504154563,0.0,0.0,3.0,22.092932010969573
IQ433501,0,0,1.0,1.0,44.99,0.0,0.0,1.0,0.0
IQ351457,0,0,1.0,1.0,44.99,0.0,0.0,1.0,0.0
IQ217502,0,0,1.0,1.0,193.58,0.0,0.0,1.0,0.0
IQ983520,0,0,1.0,1.0,193.58,0.0,0.0,1.0,0.0
IQ1006891,0,0,1.0,1.0,91.98,0.0,0.0,1.0,0.0
IQ370279,0,0,1.0,1.0,91.98,0.0,0.0,1.0,0.0
IQ700452,0,0,1.0,1.0,70.74,0.0,0.0,1.0,0.0
IQ93958,0,0,1.0,1.0,70.74,0.0,0.0,1.0,0.0
IQ34141,0,0,0.6666666666666666,0.16666666666666666,27.656326047806303,0.5,0.5,3.0,105.57635795791042
IQ34206,0,0,0.4444444444444444,0.1111111111111111,12.607582022059791,0.0,0.0,2.1666666666666665,278.6120210131981
IQ313219,0,0,0.5,0.125,27.64125895112106,0.0,0.0,2.333333333333333,105.72003621879203
IQ319639,0,0,0.5,0.125,9.87266246138585,0.0,0.0,2.333333333333333,333.86953360150295
IQ162270,0,0,0.8,0.2,27.667706748758008,0.8333333333333333,0.8333333333333333,3.5,105.46780694220448
IQ686397,0,0,0.5,0.125,12.380925699734284,0.0,0.0,2.3333333333333335,19.31684414604854
IQ30643,0,0,0.8,0.2,24.45484258111966,0.8333333333333333,0.8333333333333333,3.5,7.169597543456264
IQ906198,0,0,0.5,0.125,10.058655815247342,0.0,0.0,2.3333333333333335,22.882089487151102
IQ27559,0,0,0.6666666666666666,0.16666666666666666,23.490177203507304,0.5,0.5,3.0,8.059268151402593
IQ36060,0,0,0.4444444444444444,0.1111111111111111,17.615724056712107,0.0,0.0,2.1666666666666665,13.397403388710632
IQ32458,0,0,1.0,1.0,285.15,0.0,0.0,1.0,0.0
IQ27159,0,0,1.0,1.0,285.15,0.0,0.0,1.0,0.0
IQ682051,0,0,0.6,0.2,17.228740425791827,0.0,0.0,2.0,31.987014572514727
IQ27031,0,0,0.6,0.2,44.28332117126456,0.0,0.0,2.0,11.909329280916193
IQ31577,0,0,1.0,0.3333333333333333,45.752870017465966,1.0,1.0,3.0,11.126780804540653
IQ701368,0,0,0.6,0.2,34.89384657373411,0.0,0.0,2.0,17.113051645211517
IQ303397,0,0,1.0,1.0,58.49999999999999,0.0,0.0,1.0,0.0
IQ28542,0,0,1.0,1.0,58.49999999999999,0.0,0.0,1.0,0.0
IQ19627,0,0,0.75,0.25000000000000006,12.92710034237556,0.6666666666666666,0.6666666666666666,2.5,9.557138442262248
IQ9466547,0,0,0.5,0.16666666666666666,12.074833948339483,0.0,0.0,1.8333333333333333,10.444847196608702
IQ144218,0,0,0.75,0.25,12.92710034237556,0.6666666666666666,0.6666666666666666,2.5,9.557138442262248
IQ21185,0,0,0.5,0.16666666666666669,7.867318480525724,0.0,0.0,1.8333333333333333,15.910057824555087
IQ882224,0,0,1.0,1.0,41.74,0.0,0.0,1.0,0.0
IQ165081,0,0,1.0,1.0,41.74,0.0,0.0,1.0,0.0
IQ425044,0,0,1.0,1.0,145.15,0.0,0.0,1.0,0.0
IQ317149,0,0,1.0,1.0,145.15,0.0,0.0,1.0,0.0
IQ22939,0,0,1.0,1.0,2652.23,0.0,0.0,1.0,0.0
IQ303058,0,0,1.0,1.0,2652.23,0.0,0.0,1.0,0.0
IQ24336,0,0,1.0,0.5,44.46280696963075,1.0,1.0,2.0,1.4950577152693223
IQ682370,0,0,0.6666666666666666,0.3333333333333333,28.06112137612464,0.0,0.0,1.5,4.083574589616327
IQ24210,0,0,0.6666666666666666,0.3333333333333333,31.411347482153186,0.0,0.0,1.5,3.535591383484731
IQ136641,0,0,1.0,1.0,292.49,0.0,0.0,1.0,0.0
IQ99186,0,0,1.0,1.0,292.49,0.0,0.0,1.0,0.0
IQ691066,0,0,1.0,1.0,78.35,0.0,0.0,1.0,0.0
IQ691067,0,0,1.0,1.0,78.35,0.0,0.0,1.0,0.0
IQ391968,0,0,1.0,1.0,65.21,0.0,0.0,1.0,0.0
IQ682241,0,0,1.0,1.0,65.21,0.0,0.0,1.0,0.0
IQ30839,0,0,1.0,1.0,127.12000000000002,0.0,0.0,1.0,0.0
IQ191072,0,0,1.0,1.0,127.12000000000002,0.0,0.0,1.0,0.0
IQ3642001,0,0,0.6,0.2,10.442523222193216,0.0,0.0,2.0,6.330718135494025
IQ687490,0,0,0.6,0.2,8.58420416728043,0.0,0.0,2.0,8.140233635806723
IQ3259859,0,0,0.6,0.2,6.609574922417075,0.0,0.0,3.0,10.498728245932746
IQ398784,0,0,1.0,0.3333333333333333,13.75322889590529,1.0,1.0,2.0,3.310653472140262
IQ31211,0,0,1.0,1.0,47.3,0.0,0.0,1.0,0.0
IQ27320,0,0,1.0,1.0,47.3,0.0,0.0,1.0,0.0
IQ1883611,0,0,1.0,1.0,38.36,0.0,0.0,1.0,0.0
IQ3470690,0,0,1.0,1.0,38.36,0.0,0.0,1.0,0.0
IQ699272,0,0,1.0,1.0,493.21,0.0,0.0,1.0,0.0
IQ25495,0,0,1.0,1.0,493.21,0.0,0.0,1.0,0.0
IQ23621,0,0,1.0,1.0,151.61,0.0,0.0,1.0,0.0
IQ131968,0,0,1.0,1.0,151.61,0.0,0.0,1.0,0.0
IQ691795,0,0,0.6666666666666666,0.3333333333333333,75.06546416335964,0.0,0.0,1.5,7.542796686920777
IQ2847849,0,0,0.6666666666666666,0.3333333333333333,123.8649529269068,0.0,0.0,1.5,4.285365419850803
IQ261825,0,0,1.0,0.5,140.2195851348149,1.0,1.0,2.0,3.38402537348277
IQ6764948,0,0,1.0,1.0,42.93,0.0,0.0,1.0,0.0
IQ127548,0,0,1.0,1.0,42.93,0.0,0.0,1.0,0.0
IQ35690,0,0,1.0,1.0,39.85,0.0,0.0,1.0,0.0
IQ696211,0,0,1.0,1.0,39.85,0.0,0.0,1.0,0.0
IQ33304,0,0,0.5,0.10000000000000003,13.371968515752899,0.4,0.4,3.1666666666666665,13.034602678679816
IQ18511,0,0,0.625,0.12500000000000003,15.944655464333174,0.7000000000000001,0.7000000000000001,3.8333333333333335,8.94603519577689
IQ99236,0,0,0.625,0.12500000000000003,15.944655464333174,0.6000000000000001,0.6000000000000001,3.5,8.946035195776888
IQ157104,0,0,0.4166666666666667,0.08333333333333336,9.564875390604902,0.0,0.0,2.583333333333333,19.788754811918736
IQ20075,0,0,0.35714285714285715,0.07142857142857145,11.965121232484167,0.0,0.0,2.333333333333333,15.342426166475544
IQ112650720,0,0,0.4166666666666667,0.08333333333333336,5.348190371639355,0.0,0.0,2.583333333333333,31.710036580057853
IQ31340,0,0,0.6666666666666666,0.3333333333333333,202.15052162811014,0.0,0.0,1.5,3.492241888821684
IQ93016,0,0,0.6666666666666666,0.3333333333333333,173.14147860573652,0.0,0.0,1.5,4.2517568725489845
IQ31312,0,0,1.0,0.5,279.78726053688433,1.0,1.0,2.0,1.566728432965226
IQ108718,0,0,0.6,0.2,13.873317945737789,0.0,0.0,2.0,7.944071342615244
IQ317226,0,0,0.6,0.2,13.489709424956436,0.0,0.0,2.0,8.176947216928218
IQ849629,0,0,0.6,0.2,16.410672409368328,0.0,0.0,2.0,6.534236336623282
IQ706066,0,0,1.0,0.3333333333333333,24.137407869328523,1.0,1.0,3.0,2.640023756570778
IQ407863,0,0,1.0,0.5,16.56946635730859,1.0,1.0,2.0,1.5243832296556539
IQ2116967,0,0,0.6666666666666666,0.3333333333333333,11.823576158940398,0.0,0.0,1.5,3.513829825818103
IQ10157728,0,0,0.6666666666666666,0.3333333333333333,10.364934687953559,0.0,0.0,1.5,4.1559260230985995
IQ32256,0,0,1.0,1.0,104.46,0.0,0.0,1.0,0.0
IQ419846,0,0,1.0,1.0,104.46,0.0,0.0,1.0,0.0
IQ246886,0,0,1.0,1.0,312.54,0.0,0.0,1.0,0.0
IQ10015009,0,0,1.0,1.0,312.54,0.0,0.0,1.0,0.0
IQ936412,0,0,0.6666666666666666,0.3333333333333333,22.098109090909087,0.0,0.0,1.5,5.110352132313193
IQ384522,0,0,1.0,0.5,38.176344945745285,1.0,1.0,2.0,2.0225087598162816
IQ739588,0,0,0.6666666666666666,0.3333333333333333,30.00304308797127,0.0,0.0,1.5,3.5124079349400725
IQ31954,0,0,1.0,1.0,170.58,0.0,0.0,1.0,0.0
IQ111018,0,0,1.0,1.0,170.58,0.0,0.0,1.0,0.0
IQ399443,0,0,1.0,1.0,394.27,0.0,0.0,1.0,0.0
IQ780260,0,0,1.0,1.0,394.27,0.0,0.0,1.0,0.0
IQ407831,0,0,1.0,1.0,37.74,0.0,0.0,1.0,0.0
IQ699565,0,0,1.0,1.0,37.74,0.0,0.0,1.0,0.0
IQ308202,0,0,1.0,1.0,109.74,0.0,0.0,1.0,0.0
IQ353040,0,0,1.0,1.0,109.74,0.0,0.0,1.0,0.0
IQ1508119,0,0,1.0,1.0,76.88,0.0,0.0,1.0,0.0
IQ1508124,0,0,1.0,1.0,76.88,0.0,0.0,1.0,0.0
IQ116541,0,0,1.0,1.0,92.63,0.0,0.0,1.0,0.0
IQ129387,0,0,1.0,1.0,92.63,0.0,0.0,1.0,0.0
IQ4240255,0,0,0.6666666666666666,0.3333333333333333,57.44787372135521,0.0,0.0,1.5,3.546079221940435
IQ1917041,0,0,0.6666666666666666,0.3333333333333333,41.33971916565901,0.0,0.0,1.5,5.292254540941942
IQ308047,0,0,1.0,0.5,72.1207662895868,1.0,1.0,2.0,2.1252122705460885
IQ32484,0,0,1.0,1.0,796.32,0.0,0.0,1.0,0.0
IQ875302,0,0,1.0,1.0,796.32,0.0,0.0,1.0,0.0
IQ137352,0,0,1.0,1.0,31.199999999999996,0.0,0.0,1.0,0.0
IQ31632,0,0,1.0,1.0,31.199999999999996,0.0,0.0,1.0,0.0
IQ96565,0,0,1.0,1.0,581.33,0.0,0.0,1.0,0.0
IQ424383,0,0,1.0,1.0,581.33,0.0,0.0,1.0,0.0
IQ34105,0,0,1.0,1.0,148.95,0.0,0.0,1.0,0.0
IQ28007,0,0,1.0,1.0,148.95,0.0,0.0,1.0,0.0
IQ316929,0,0,1.0,1.0,36.64,0.0,0.0,1.0,0.0
IQ139449,0,0,1.0,1.0,36.64,0.0,0.0,1.0,0.0
IQ29653,0,0,1.0,1.0,62.5,0.0,0.0,1.0,0.0
IQ25593,0,0,1.0,1.0,62.5,0.0,0.0,1.0,0.0
IQ32931,0,0,1.0,1.0,26.2,0.0,0.0,1.0,0.0
IQ705757,0,0,1.0,1.0,26.2,0.0,0.0,1.0,0.0
IQ135311,0,0,1.0,1.0,77.72,0.0,0.0,1.0,0.0
IQ705762,0,0,1.0,1.0,77.72,0.0,0.0,1.0,0.0
IQ78886517,0,0,1.0,1.0,28.75,0.0,0.0,1.0,0.0
IQ78886572,0,0,1.0,1.0,28.75,0.0,0.0,1.0,0.0
IQ1027499,0,0,1.0,1.0,204.86,0.0,0.0,1.0,0.0
IQ1235966,0,0,1.0,1.0,204.86,0.0,0.0,1.0,0.0
IQ687994,0,0,1.0,1.0,45.07,0.0,0.0,1.0,0.0
IQ107910,0,0,1.0,1.0,45.07,0.0,0.0,1.0,0.0
IQ1934069,0,0,1.0,1.0,32.05,0.0,0.0,1.0,0.0
IQ33949236,0,0,1.0,1.0,32.05,0.0,0.0,1.0,0.0
IQ18771,0,0,1.0,1.0,67.97,0.0,0.0,1.0,0.0
IQ94220,0,0,1.0,1.0,67.97,0.0,0.0,1.0,0.0
IQ3200630,0,0,0.6,0.2,14.365648820942978,0.0,0.0,2.0,6.22979683784432
IQ26782,0,0,1.0,0.3333333333333333,17.67186495661954,1.0,1.0,3.0,3.8020536361787225
IQ1543251,0,0,0.6,0.2,9.109242468944498,0.0,0.0,2.0,10.673703775068509
IQ892572,0,0,0.6,0.2,9.657496559452747,0.0,0.0,2.0,10.11303166500785
IQ664143,0,0,1.0,1.0,44.29,0.0,0.0,1.0,0.0
IQ277399,0,0,1.0,1.0,44.29,0.0,0.0,1.0,0.0
IQ370782,0,0,0.6666666666666666,0.3333333333333333,41.72786803388319,0.0,0.0,1.5,3.4822282706296557
IQ107589,0,0,0.6666666666666666,0.3333333333333333,31.70153366752473,0.0,0.0,1.5,4.892784716494111
IQ324990,0,0,1.0,0.5,54.04527543596258,1.0,1.0,2.0,1.900802778340286
IQ693629,0,0,1.0,1.0,28.04,0.0,0.0,1.0,0.0
IQ2180971,0,0,1.0,1.0,28.04,0.0,0.0,1.0,0.0
IQ20823368,0,0,1.0,1.0,225.19,0.0,0.0,1.0,0.0
IQ22868750,0,0,1.0,1.0,225.19,0.0,0.0,1.0,0.0
IQ300035,0,0,1.0,1.0,91.75,0.0,0.0,1.0,0.0
IQ32259,0,0,1.0,1.0,91.75,0.0,0.0,1.0,0.0
IQ19947,0,0,1.0,1.0,419.81,0.0,0.0,1.0,0.0
IQ863968,0,0,1.0,1.0,419.81,0.0,0.0,1.0,0.0
IQ36549037,0,0,1.0,1.0,224.31000000000003,0.0,0.0,1.0,0.0
IQ12218345,0,0,1.0,1.0,224.31000000000003,0.0,0.0,1.0,0.0
IQ124256,0,0,1.0,1.0,43.91,0.0,0.0,1.0,0.0
IQ678615,0,0,1.0,1.0,43.91,0.0,0.0,1.0,0.0
IQ1440637,0,0,1.0,1.0,36.6,0.0,0.0,1.0,0.0
IQ1440668,0,0,1.0,1.0,36.6,0.0,0.0,1.0,0.0
IQ28818516,0,0,1.0,1.0,55.53,0.0,0.0,1.0,0.0
IQ426479,0,0,1.0,1.0,55.53,0.0,0.0,1.0,0.0
IQ25341,0,0,1.0,1.0,2050.32,0.0,0.0,1.0,0.0
IQ1341470,0,0,1.0,1.0,2050.32,0.0,0.0,1.0,0.0
IQ1030012,0,0,0.75,0.25000000000000006,12.905208924712056,0.6666666666666666,0.6666666666666666,1.8333333333333333,13.040828957994599
IQ1172228,0,0,0.5,0.16666666666666669,12.42709355444966,0.0,0.0,1.8333333333333333,13.674966106517555
IQ405201,0,0,0.75,0.25000000000000006,12.905208924712056,0.6666666666666666,0.6666666666666666,2.5,13.040828957994584
IQ1495607,0,0,0.5,0.16666666666666666,7.803168595443128,0.0,0.0,2.5,21.40037560768026
IQ5503045,0,0,0.4166666666666667,0.08333333333333333,7.681984237708566,0.0,0.0,2.5,15.057671780165302
IQ125899,0,0,0.5,0.1,7.067302034154471,0.0,0.0,2.833333333333333,16.36521163621108
IQ559067,0,0,0.8333333333333334,0.16666666666666666,12.870994387860646,0.9,0.9,4.5,6.023743503320176
IQ1061327,0,0,0.5,0.1,8.874648627903355,0.0,0.0,2.833333333333333,12.776873155290456
IQ2231152,0,0,0.5,0.1,7.067302034154471,0.0,0.0,2.833333333333333,16.36521163621107
IQ22111,0,0,0.625,0.125,9.124471107619822,0.4,0.4,3.5,12.330969906941023
IQ95940,0,0,1.0,1.0,78.61,0.0,0.0,1.0,0.0
IQ2760918,0,0,1.0,1.0,78.61,0.0,0.0,1.0,0.0
IQ26841613,0,0,1.0,1.0,63.9,0.0,0.0,1.0,0.0
IQ881495,0,0,1.0,1.0,63.9,0.0,0.0,1.0,0.0
IQ4143828,0,0,1.0,1.0,381.82,0.0,0.0,1.0,0.0
IQ4143809,0,0,1.0,1.0,381.82,0.0,0.0,1.0,0.0
IQ133215,0,0,1.0,1.0,46.66,0.0,0.0,1.0,0.0
IQ98386,0,0,1.0,1.0,46.66,0.0,0.0,1.0,0.0
IQ337451,0,0,0.6,0.2,7.902590026090441,0.0,0.0,2.0,13.069489815471218
IQ847209,0,0,0.6,0.2,12.04066264477964,0.0,0.0,2.0,8.791845431163598
IQ1442519,0,0,0.6,0.2,14.872238396614838,0.0,0.0,2.0,6.579858594335374
IQ1348220,0,0,1.0,0.3333333333333333,18.06149099178401,1.0,1.0,3.0,4.21472148593073
IQ107911,0,0,1.0,1.0,66.98,0.0,0.0,1.0,0.0
IQ918746,0,0,1.0,1.0,66.98,0.0,0.0,1.0,0.0
IQ13011780,0,0,1.0,1.0,29.33,0.0,0.0,1.0,0.0
IQ2445974,0,0,1.0,1.0,29.33,0.0,0.0,1.0,0.0
IQ407572,0,0,1.0,1.0,59.99000000000001,0.0,0.0,1.0,0.0
IQ1416168,0,0,1.0,1.0,59.99000000000001,0.0,0.0,1.0,0.0
IQ1337064,0,0,1.0,1.0,34.03,0.0,0.0,1.0,0.0
IQ1337035,0,0,1.0,1.0,34.03,0.0,0.0,1.0,0.0
IQ36635,0,0,1.0,1.0,196.9,0.0,0.0,1.0,0.0
IQ27321,0,0,1.0,1.0,196.9,0.0,0.0,1.0,0.0
IQ406706,0,0,0.6666666666666666,0.3333333333333333,34.35242259019925,0.0,0.0,1.5,3.6466893649839442
IQ404203,0,0,1.0,0.5,50.40639932836191,1.0,1.0,2.0,1.426287958005042
IQ887802,0,0,0.6666666666666666,0.3333333333333333,32.88800322216852,0.0,0.0,1.5,3.8565714528663877
IQ25360,0,0,1.0,1.0,372.39,0.0,0.0,1.0,0.0
IQ401184,0,0,1.0,1.0,372.39,0.0,0.0,1.0,0.0
IQ254131,0,0,1.0,1.0,30.05,0.0,0.0,1.0,0.0
IQ1255378,0,0,1.0,1.0,30.05,0.0,0.0,1.0,0.0
IQ1309710,0,0,1.0,1.0,39.36,0.0,0.0,1.0,0.0
IQ762942,0,0,1.0,1.0,39.36,0.0,0.0,1.0,0.0
IQ35133087,0,0,0.6,0.2,14.584781061716523,0.0,0.0,2.0,13.89395097257374
IQ701244,0,0,0.6,0.2,25.330504514747435,0.0,0.0,2.0,7.148399104687731
IQ2336884,0,0,0.6,0.2,14.504753443870127,0.0,0.0,2.0,13.960227400612991
IQ36146,0,0,1.0,0.3333333333333333,28.250881067224256,1.0,1.0,3.0,5.584307822859997
IQ1286505,0,0,0.6666666666666666,0.3333333333333333,13.033569736116076,0.0,0.0,1.5,6.5784785731583595
IQ258332,0,0,1.0,0.5,23.84225448284053,1.0,1.0,2.0,2.850939949976706
IQ846748,0,0,0.6666666666666666,0.3333333333333333,20.365737688289304,0.0,0.0,1.5,3.919555160265296
IQ21531,0,0,1.0,1.0,38.56,0.0,0.0,1.0,0.0
IQ35673079,0,0,1.0,1.0,38.56,0.0,0.0,1.0,0.0
IQ325880,0,0,1.0,1.0,1088.98,0.0,0.0,1.0,0.0
IQ25798,0,0,1.0,1.0,1088.98,0.0,0.0,1.0,0.0
IQ4237096,0,0,1.0,1.0,42.97,0.0,0.0,1.0,0.0
IQ1227672,0,0,1.0,1.0,42.97,0.0,0.0,1.0,0.0
IQ125434,0,0,1.0,1.0,28.98,0.0,0.0,1.0,0.0
IQ31501,0,0,1.0,1.0,28.98,0.0,0.0,1.0,0.0
IQ4493654,0,0,1.0,1.0,26.750000000000004,0.0,0.0,1.0,0.0
IQ875894,0,0,1.0,1.0,26.750000000000004,0.0,0.0,1.0,0.0
IQ1331858,0,0,1.0,1.0,26.64,0.0,0.0,1.0,0.0
IQ20477,0,0,1.0,1.0,26.64,0.0,0.0,1.0,0.0
IQ28848170,0,0,1.0,1.0,128.11,0.0,0.0,1.0,0.0
IQ683131,0,0,1.0,1.0,128.11,0.0,0.0,1.0,0.0
IQ22548195,0,0,1.0,1.0,61.73,0.0,0.0,1.0,0.0
IQ875980,0,0,1.0,1.0,61.73,0.0,0.0,1.0,0.0
IQ25793184,0,0,1.0,1.0,32.67,0.0,0.0,1.0,0.0
IQ29459424,0,0,1.0,1.0,32.67,0.0,0.0,1.0,0.0
IQ806942,0,0,1.0,1.0,27.889999999999997,0.0,0.0,1.0,0.0
IQ391386,0,0,1.0,1.0,27.889999999999997,0.0,0.0,1.0,0.0
IQ1011949,0,0,0.4444444444444444,0.05555555555555555,4.169197274753863,0.0,0.0,4.083333333333334,30.289305872768576
IQ20335,0,0,0.4444444444444444,0.05555555555555555,4.169197274753863,0.0,0.0,4.083333333333334,30.289305872768576
IQ21495,0,0,0.3076923076923077,0.038461538461538464,2.784304563852861,0.0,0.0,3.083333333333333,43.57740625305084
IQ2432734,0,0,0.7272727272727273,0.09090909090909093,6.758277784834244,0.8928571428571428,0.8928571428571428,6.833333333333334,12.705984820317314
IQ686423,0,0,0.42105263157894735,0.05263157894736842,3.861985142280627,0.25,0.25,4.166666666666667,32.77835417682442
IQ23349,0,0,0.4444444444444444,0.05555555555555555,4.169197274753862,0.0,0.0,4.083333333333334,30.289305872768583
IQ23333,0,0,0.5714285714285714,0.07142857142857142,5.337685875796897,0.42857142857142855,0.42857142857142855,5.0,22.032749493745317
IQ20515,0,0,0.4444444444444444,0.05555555555555555,4.169197274753862,0.0,0.0,4.083333333333334,30.289305872768583
IQ2468910,0,0,0.4444444444444444,0.05555555555555555,4.169197274753862,0.0,0.0,4.083333333333334,30.289305872768583
IQ5542188,0,0,1.0,1.0,177.18,0.0,0.0,1.0,0.0
IQ382256,0,0,1.0,1.0,177.18,0.0,0.0,1.0,0.0
IQ34225,0,0,1.0,1.0,271.29,0.0,0.0,1.0,0.0
IQ416856,0,0,1.0,1.0,271.29,0.0,0.0,1.0,0.0
IQ128696,0,0,1.0,1.0,178.02,0.0,0.0,1.0,0.0
IQ94884,0,0,1.0,1.0,178.02,0.0,0.0,1.0,0.0
IQ29484455,0,0,1.0,1.0,33.24,0.0,0.0,1.0,0.0
IQ877440,0,0,1.0,1.0,33.24,0.0,0.0,1.0,0.0
IQ346516,0,0,0.6666666666666666,0.3333333333333333,119.12156508593253,0.0,0.0,1.5,3.5889979771905973
IQ692472,0,0,1.0,0.5,147.59037141096735,1.0,1.0,2.0,2.2353192878734895
IQ120950,0,0,0.6666666666666666,0.3333333333333333,83.81004744377424,0.0,0.0,1.5,5.486561319571489
IQ258133,0,0,1.0,1.0,89.26,0.0,0.0,1.0,0.0
IQ288426,0,0,1.0,1.0,89.26,0.0,0.0,1.0,0.0
IQ679153,0,0,1.0,1.0,736.84,0.0,0.0,1.0,0.0
IQ355053,0,0,1.0,1.0,736.84,0.0,0.0,1.0,0.0
IQ24846,0,0,0.6666666666666666,0.3333333333333333,12.846614156907453,0.0,0.0,1.5,5.103304211544908
IQ30300,0,0,0.6666666666666666,0.3333333333333333,17.42559640120897,0.0,0.0,1.5,3.5112466277742436
IQ285467,0,0,1.0,0.5,22.184694407158837,1.0,1.0,2.0,2.0185423828410447
IQ881420,0,0,0.6666666666666666,0.3333333333333333,37.46604383178074,0.0,0.0,1.5,3.9783187391193895
IQ631740,0,0,1.0,0.5,43.57351578156313,1.0,1.0,1.5,2.9425236370821533
IQ1022959,0,0,0.6666666666666666,0.3333333333333333,23.720107046670986,0.0,0.0,2.0,6.742789243622214
IQ90256,0,0,1.0,1.0,37.43,0.0,0.0,1.0,0.0
IQ1478196,0,0,1.0,1.0,37.43,0.0,0.0,1.0,0.0
IQ762838,0,0,1.0,0.5,17.065,1.0,1.0,2.0,1.4142135623730951
IQ1145321,0,0,0.6666666666666666,0.3333333333333333,11.376666666666667,0.0,0.0,1.5,3.7416573867739413
IQ18783,0,0,0.6666666666666666,0.3333333333333333,11.376666666666667,0.0,0.0,1.5,3.7416573867739413
IQ878728,0,0,1.0,1.0,70.48,0.0,0.0,1.0,0.0
IQ1078965,0,0,1.0,1.0,70.48,0.0,0.0,1.0,0.0
IQ26200,0,0,0.5454545454545454,0.09090909090909091,7.7971692718812635,0.0,0.0,3.5,32.37605349926848
IQ252615,0,0,0.5454545454545454,0.09090909090909091,8.695630150393784,0.0,0.0,3.5,29.092332339313355
IQ119025,0,0,0.5454545454545454,0.09090909090909091,6.211137831549594,0.0,0.0,3.5,39.33253186505594
IQ317627,0,0,1.0,0.16666666666666666,15.123002349591383,1.0,1.0,6.0,10.093897789905649
IQ123949,0,0,0.5454545454545454,0.09090909090909091,7.897615084907505,0.0,0.0,3.5,31.990043398631045
IQ30207,0,0,0.5454545454545454,0.09090909090909091,13.613666082659263,0.0,0.0,3.5,14.613522919394105
IQ26079,0,0,0.5454545454545454,0.09090909090909091,8.127462520603943,0.0,0.0,3.5,31.12585811683588
IQ730346,0,0,1.0,1.0,52.379999999999995,0.0,0.0,1.0,0.0
IQ26447526,0,0,1.0,1.0,52.379999999999995,0.0,0.0,1.0,0.0
IQ365092,0,0,1.0,1.0,436.4200000000001,0.0,0.0,1.0,0.0
IQ4730973,0,0,1.0,1.0,436.4200000000001,0.0,0.0,1.0,0.0
IQ30322485,0,0,1.0,1.0,49.09,0.0,0.0,1.0,0.0
IQ26084394,0,0,1.0,1.0,49.09,0.0,0.0,1.0,0.0
IQ21457,0,0,0.6,0.2,23.836000000000006,0.0,0.0,2.0,7.348469228349531
IQ879206,0,0,0.6,0.2,23.836000000000006,0.0,0.0,2.0,7.348469228349531
IQ139011,0,0,0.6,0.2,23.836000000000006,0.0,0.0,2.0,7.348469228349531
IQ27150,0,0,1.0,0.3333333333333333,39.72666666666667,1.0,1.0,3.0,2.4494897427831765
IQ1104811,0,0,1.0,1.0,119.4,0.0,0.0,1.0,0.0
IQ395921,0,0,1.0,1.0,119.4,0.0,0.0,1.0,0.0
IQ274902,0,0,1.0,1.0,78.84,0.0,0.0,1.0,0.0
IQ1019078,0,0,1.0,1.0,78.84,0.0,0.0,1.0,0.0
IQ121278,0,0,1.0,1.0,28.54,0.0,0.0,1.0,0.0
IQ402498,0,0,1.0,1.0,28.54,0.0,0.0,1.0,0.0
IQ991483,0,0,1.0,1.0,40.55,0.0,0.0,1.0,0.0
IQ36351,0,0,1.0,1.0,40.55,0.0,0.0,1.0,0.0
IQ27487,0,0,1.0,1.0,33.02,0.0,0.0,1.0,0.0
IQ32877,0,0,1.0,1.0,33.02,0.0,0.0,1.0,0.0
IQ26647,0,0,1.0,1.0,37.41,0.0,0.0,1.0,0.0
IQ30781,0,0,1.0,1.0,37.41,0.0,0.0,1.0,0.0
IQ131991,0,0,1.0,1.0,91.45,0.0,0.0,1.0,0.0
IQ20407643,0,0,1.0,1.0,91.45,0.0,0.0,1.0,0.0
IQ127878,0,0,1.0,1.0,30.78,0.0,0.0,1.0,0.0
IQ896728,0,0,1.0,1.0,30.78,0.0,0.0,1.0,0.0
IQ20641,0,0,1.0,1.0,112.27000000000001,0.0,0.0,1.0,0.0
IQ33184,0,0,1.0,1.0,112.27000000000001,0.0,0.0,1.0,0.0
IQ320186,0,0,1.0,0.5,20.380040187541866,1.0,1.0,2.0,2.680752004312064
IQ28237829,0,0,0.6666666666666666,0.3333333333333333,11.237498461159673,0.0,0.0,1.5,6.274620502177616
IQ979348,0,0,0.6666666666666666,0.3333333333333333,17.177681595784723,0.0,0.0,1.5,3.8159263746524315
IQ412674,0,0,1.0,1.0,36.78,0.0,0.0,1.0,0.0
IQ263905,0,0,1.0,1.0,36.78,0.0,0.0,1.0,0.0
IQ771431,0,0,1.0,1.0,311.0,0.0,0.0,1.0,0.0
IQ24807973,0,0,1.0,1.0,311.0,0.0,0.0,1.0,0.0
IQ716912,0,0,1.0,1.0,46.62,0.0,0.0,1.0,0.0
IQ264347,0,0,1.0,1.0,46.62,0.0,0.0,1.0,0.0
IQ319092,0,0,1.0,1.0,51.96,0.0,0.0,1.0,0.0
IQ898158,0,0,1.0,1.0,51.96,0.0,0.0,1.0,0.0
IQ873727,0,0,1.0,1.0,112.30000000000001,0.0,0.0,1.0,0.0
IQ11437426,0,0,1.0,1.0,112.30000000000001,0.0,0.0,1.0,0.0
IQ996394,0,0,0.6666666666666666,0.3333333333333333,42.095697112683965,0.0,0.0,1.5,3.5938479584059424
IQ19903,0,0,1.0,0.5,60.84667099707697,1.0,1.0,2.0,1.4479007726382689
IQ2432655,0,0,0.6666666666666666,0.3333333333333333,39.14068734983808,0.0,0.0,1.5,3.9454201409854845
IQ910694,0,0,1.0,0.5,52.546315592729314,1.0,1.0,1.5,1.4647784348999517
IQ113925,0,0,0.6666666666666666,0.3333333333333333,36.66472237618597,0.0,0.0,2.0,3.567985918990815
IQ28219,0,0,0.6666666666666666,0.3333333333333333,33.5364338542288,0.0,0.0,1.5,3.9996694611708894
IQ36758,0,0,1.0,1.0,98.01,0.0,0.0,1.0,0.0
IQ26036,0,0,1.0,1.0,98.01,0.0,0.0,1.0,0.0
IQ837188,0,0,1.0,1.0,211.98,0.0,0.0,1.0,0.0
IQ837061,0,0,1.0,1.0,211.98,0.0,0.0,1.0,0.0
IQ26920,0,0,1.0,1.0,57.48,0.0,0.0,1.0,0.0
IQ90443,0,0,1.0,1.0,57.48,0.0,0.0,1.0,0.0
IQ22475837,0,0,1.0,1.0,311.89,0.0,0.0,1.0,0.0
IQ423967,0,0,1.0,1.0,311.89,0.0,0.0,1.0,0.0
IQ973375,0,0,1.0,1.0,64.94,0.0,0.0,1.0,0.0
IQ375131,0,0,1.0,1.0,64.94,0.0,0.0,1.0,0.0
IQ40131790,0,0,1.0,1.0,112.89,0.0,0.0,1.0,0.0
IQ8390774,0,0,1.0,1.0,112.89,0.0,0.0,1.0,0.0
IQ424885,0,0,1.0,1.0,61.620000000000005,0.0,0.0,1.0,0.0
IQ1011109,0,0,1.0,1.0,61.620000000000005,0.0,0.0,1.0,0.0
IQ9475677,0,0,1.0,1.0,69.95,0.0,0.0,1.0,0.0
IQ33368,0,0,1.0,1.0,69.95,0.0,0.0,1.0,0.0
IQ24821,0,0,1.0,1.0,28.33,0.0,0.0,1.0,0.0
IQ6687588,0,0,1.0,1.0,28.33,0.0,0.0,1.0,0.0
IQ723675,0,0,1.0,1.0,250.15,0.0,0.0,1.0,0.0
IQ342988,0,0,1.0,1.0,250.15,0.0,0.0,1.0,0.0
IQ7652947,0,0,1.0,1.0,26.32,0.0,0.0,1.0,0.0
IQ27994571,0,0,1.0,1.0,26.32,0.0,0.0,1.0,0.0
IQ24178824,0,0,1.0,1.0,26.18,0.0,0.0,1.0,0.0
IQ882368,0,0,1.0,1.0,26.18,0.0,0.0,1.0,0.0
IQ27247,0,0,1.0,0.5,17.572679266259033,1.0,1.0,2.0,1.4798601828774538
IQ2417679,0,0,0.6666666666666666,0.3333333333333333,11.149091870922236,0.0,0.0,1.5,4.043025072224581
IQ778814,0,0,0.6666666666666666,0.3333333333333333,12.34169431973453,0.0,0.0,1.5,3.5501942298547378
IQ670058,0,0,1.0,1.0,74.36,0.0,0.0,1.0,0.0
IQ30275105,0,0,1.0,1.0,74.36,0.0,0.0,1.0,0.0
IQ254847,0,0,1.0,0.5,48.991318714941364,1.0,1.0,2.0,1.4161567567675968
IQ3148826,0,0,0.6666666666666666,0.3333333333333333,32.9487536868098,0.0,0.0,1.5,3.7012160512309973
IQ31814,0,0,0.6666666666666666,0.3333333333333333,32.37799137233756,0.0,0.0,1.5,3.7853004558162353
IQ173840,0,0,1.0,1.0,204.27,0.0,0.0,1.0,0.0
IQ685195,0,0,1.0,1.0,204.27,0.0,0.0,1.0,0.0
IQ6739665,0,0,1.0,1.0,136.12,0.0,0.0,1.0,0.0
IQ415760,0,0,1.0,1.0,136.12,0.0,0.0,1.0,0.0
IQ692910,0,0,0.5714285714285714,0.1428571428571429,4.521577726218094,0.5,0.5,2.833333333333333,9.613209303008444
IQ23350734,0,0,0.6666666666666666,0.1666666666666667,4.84776119402985,0.6666666666666666,0.6666666666666666,3.0,8.509629433967625
IQ469127,0,0,0.4,0.10000000000000003,2.370802919708028,0.0,0.0,2.083333333333333,19.028109877684688
IQ29589,0,0,0.5714285714285714,0.1428571428571429,3.843786982248519,0.5,0.5,2.8333333333333335,12.03443335628631
IQ21591,0,0,0.4,0.10000000000000002,3.762162162162161,0.0,0.0,2.0833333333333335,12.345598126597512
IQ881548,0,0,1.0,1.0,63.76,0.0,0.0,1.0,0.0
IQ3698572,0,0,1.0,1.0,63.76,0.0,0.0,1.0,0.0
IQ696891,0,0,1.0,1.0,55.72,0.0,0.0,1.0,0.0
IQ4210468,0,0,1.0,1.0,55.72,0.0,0.0,1.0,0.0
IQ340196,0,0,1.0,1.0,74.34,0.0,0.0,1.0,0.0
IQ140556,0,0,1.0,1.0,74.34,0.0,0.0,1.0,0.0
IQ181274,0,0,1.0,1.0,35.92,0.0,0.0,1.0,0.0
IQ1056993,0,0,1.0,1.0,35.92,0.0,0.0,1.0,0.0
IQ671670,0,0,1.0,0.5,57.18360866916181,1.0,1.0,2.0,1.427083987465771
IQ35012,0,0,0.6666666666666666,0.3333333333333333,38.99931615813843,0.0,0.0,1.5,3.6439335452009676
IQ26809707,0,0,0.6666666666666666,0.3333333333333333,37.2840633335225,0.0,0.0,1.5,3.8606465591355454
IQ26019,0,0,1.0,1.0,80.25,0.0,0.0,1.0,0.0
IQ25078,0,0,1.0,1.0,80.25,0.0,0.0,1.0,0.0
IQ49650647,0,0,1.0,1.0,152.11,0.0,0.0,1.0,0.0
IQ4279828,0,0,1.0,1.0,152.11,0.0,0.0,1.0,0.0
IQ10006018,0,0,1.0,1.0,263.6,0.0,0.0,1.0,0.0
IQ160138,0,0,1.0,1.0,263.6,0.0,0.0,1.0,0.0
IQ610365,0,0,1.0,1.0,139.47,0.0,0.0,1.0,0.0
IQ356369,0,0,1.0,1.0,139.47,0.0,0.0,1.0,0.0
IQ34554,0,0,1.0,1.0,45.08,0.0,0.0,1.0,0.0
IQ1002655,0,0,1.0,1.0,45.08,0.0,0.0,1.0,0.0
IQ22185,0,0,0.5714285714285714,0.14285714285714285,2.535714285714286,0.0,0.0,2.5,11.489125293076057
IQ1502364,0,0,0.5714285714285714,0.14285714285714285,2.535714285714286,0.0,0.0,2.5,11.489125293076057
IQ22555,0,0,0.5714285714285714,0.14285714285714285,2.535714285714286,0.0,0.0,2.5,11.489125293076057
IQ22807,0,0,0.5714285714285714,0.14285714285714285,2.535714285714286,0.0,0.0,2.5,11.489125293076057
IQ833958,0,0,1.0,0.25,4.4375,1.0,1.0,4.0,3.4641016151377544
IQ981212,0,0,1.0,1.0,54.65,0.0,0.0,1.0,0.0
IQ31186,0,0,1.0,1.0,54.65,0.0,0.0,1.0,0.0
IQ24792,0,0,1.0,1.0,627.62,0.0,0.0,1.0,0.0
IQ104673,0,0,1.0,1.0,627.62,0.0,0.0,1.0,0.0
IQ288195,0,0,1.0,1.0,395.11000000000007,0.0,0.0,1.0,0.0
IQ24563,0,0,1.0,1.0,395.11000000000007,0.0,0.0,1.0,0.0
IQ807324,0,0,1.0,1.0,218.65,0.0,0.0,1.0,0.0
IQ1163873,0,0,1.0,1.0,218.65,0.0,0.0,1.0,0.0
IQ355733,0,0,1.0,1.0,4403.96,0.0,0.0,1.0,0.0
IQ160077,0,0,1.0,1.0,4403.96,0.0,0.0,1.0,0.0
IQ2864230,0,0,0.6666666666666666,0.3333333333333333,14.670649575289564,0.0,0.0,1.5,6.335277553871004
IQ984744,0,0,1.0,0.5,26.65482238060496,1.0,1.0,2.0,2.714809111641941
IQ12763255,0,0,0.6666666666666666,0.3333333333333333,22.529279954463508,0.0,0.0,1.5,3.836039738935029
IQ951738,0,0,1.0,1.0,214.14000000000001,0.0,0.0,1.0,0.0
IQ882965,0,0,1.0,1.0,214.14000000000001,0.0,0.0,1.0,0.0
IQ97023,0,0,1.0,1.0,32.02,0.0,0.0,1.0,0.0
IQ60467542,0,0,1.0,1.0,32.02,0.0,0.0,1.0,0.0
IQ24602073,0,0,1.0,1.0,143.09,0.0,0.0,1.0,0.0
IQ94614,0,0,1.0,1.0,143.09,0.0,0.0,1.0,0.0
IQ552558,0,0,1.0,1.0,50.63000000000001,0.0,0.0,1.0,0.0
IQ685712,0,0,1.0,1.0,50.63000000000001,0.0,0.0,1.0,0.0
IQ5685483,0,0,1.0,1.0,111.83,0.0,0.0,1.0,0.0
IQ2512373,0,0,1.0,1.0,111.83,0.0,0.0,1.0,0.0
IQ27292155,0,0,1.0,1.0,53.27,0.0,0.0,1.0,0.0
IQ7728418,0,0,1.0,1.0,53.27,0.0,0.0,1.0,0.0
IQ128164,0,0,1.0,1.0,38.88,0.0,0.0,1.0,0.0
IQ3733060,0,0,1.0,1.0,38.88,0.0,0.0,1.0,0.0
IQ532006,0,0,1.0,1.0,33.75,0.0,0.0,1.0,0.0
IQ33471,0,0,1.0,1.0,33.75,0.0,0.0,1.0,0.0
IQ22299536,0,0,1.0,1.0,228.85,0.0,0.0,1.0,0.0
IQ2068472,0,0,1.0,1.0,228.85,0.0,0.0,1.0,0.0
IQ2383970,0,0,1.0,1.0,27.269999999999996,0.0,0.0,1.0,0.0
IQ91093,0,0,1.0,1.0,27.269999999999996,0.0,0.0,1.0,0.0
IQ2376119,0,0,1.0,1.0,30.5,0.0,0.0,1.0,0.0
IQ35087,0,0,1.0,1.0,30.5,0.0,0.0,1.0,0.0
IQ2520384,0,0,1.0,1.0,54.589999999999996,0.0,0.0,1.0,0.0
IQ131822,0,0,1.0,1.0,54.589999999999996,0.0,0.0,1.0,0.0
IQ2218180,0,0,1.0,1.0,25.39,0.0,0.0,1.0,0.0
IQ315700,0,0,1.0,1.0,25.39,0.0,0.0,1.0,0.0
IQ142742,0,0,1.0,1.0,27.37,0.0,0.0,1.0,0.0
IQ1051103,0,0,1.0,1.0,27.37,0.0,0.0,1.0,0.0
IQ258673,0,0,1.0,1.0,148.3,0.0,0.0,1.0,0.0
IQ11902186,0,0,1.0,1.0,148.3,0.0,0.0,1.0,0.0
IQ28536,0,0,1.0,1.0,44.16,0.0,0.0,1.0,0.0
IQ2183048,0,0,1.0,1.0,44.16,0.0,0.0,1.0,0.0
IQ34649,0,0,1.0,1.0,167.37,0.0,0.0,1.0,0.0
IQ29962,0,0,1.0,1.0,167.37,0.0,0.0,1.0,0.0
IQ2051626,0,0,1.0,1.0,53.79,0.0,0.0,1.0,0.0
IQ31335,0,0,1.0,1.0,53.79,0.0,0.0,1.0,0.0
IQ12453494,0,0,1.0,1.0,744.21,0.0,0.0,1.0,0.0
IQ687130,0,0,1.0,1.0,744.21,0.0,0.0,1.0,0.0
IQ2027691,0,0,1.0,1.0,123.64999999999999,0.0,0.0,1.0,0.0
IQ291225,0,0,1.0,1.0,123.64999999999999,0.0,0.0,1.0,0.0
IQ2026218,0,0,1.0,1.0,30.739999999999995,0.0,0.0,1.0,0.0
IQ8032895,0,0,1.0,1.0,30.739999999999995,0.0,0.0,1.0,0.0
IQ998222,0,0,1.0,1.0,253.24000000000004,0.0,0.0,1.0,0.0
IQ36229,0,0,1.0,1.0,253.24000000000004,0.0,0.0,1.0,0.0
IQ647687563,0,0,1.0,1.0,75.87,0.0,0.0,1.0,0.0
IQ31688,0,0,1.0,1.0,75.87,0.0,0.0,1.0,0.0
IQ1255718,0,0,1.0,1.0,190.21,0.0,0.0,1.0,0.0
IQ527580,0,0,1.0,1.0,190.21,0.0,0.0,1.0,0.0
IQ3000092,0,0,1.0,1.0,27.930000000000003,0.0,0.0,1.0,0.0
IQ5801533,0,0,1.0,1.0,27.930000000000003,0.0,0.0,1.0,0.0
IQ3114970,0,0,1.0,1.0,39.09,0.0,0.0,1.0,0.0
IQ22177634,0,0,1.0,1.0,39.09,0.0,0.0,1.0,0.0
IQ130838,0,0,1.0,1.0,123.69999999999999,0.0,0.0,1.0,0.0
IQ3134671,0,0,1.0,1.0,123.69999999999999,0.0,0.0,1.0,0.0
IQ882334,0,0,1.0,1.0,146.54,0.0,0.0,1.0,0.0
IQ13375232,0,0,1.0,1.0,146.54,0.0,0.0,1.0,0.0
IQ598656,0,0,1.0,1.0,27.08,0.0,0.0,1.0,0.0
IQ28932,0,0,1.0,1.0,27.08,0.0,0.0,1.0,0.0
IQ103375,0,0,1.0,1.0,61.83,0.0,0.0,1.0,0.0
IQ133142,0,0,1.0,1.0,61.83,0.0,0.0,1.0,0.0
IQ3000086,0,0,1.0,1.0,42.39,0.0,0.0,1.0,0.0
IQ31496,0,0,1.0,1.0,42.39,0.0,0.0,1.0,0.0
IQ2192119,0,0,1.0,1.0,540.0,0.0,0.0,1.0,0.0
IQ106667,0,0,1.0,1.0,540.0,0.0,0.0,1.0,0.0
IQ12465798,0,0,1.0,1.0,100.66,0.0,0.0,1.0,0.0
IQ10637389,0,0,1.0,1.0,100.66,0.0,0.0,1.0,0.0
IQ3064929,0,0,1.0,0.5,20.3025,1.0,1.0,2.0,1.4142135623730951
IQ20433,0,0,0.6666666666666666,0.3333333333333333,13.534999999999998,0.0,0.0,1.5,3.7416573867739413
IQ23179,0,0,0.6666666666666666,0.3333333333333333,13.534999999999998,0.0,0.0,1.5,3.7416573867739413
IQ857229,0,0,1.0,1.0,221.65999999999997,0.0,0.0,1.0,0.0
IQ3018493,0,0,1.0,1.0,221.65999999999997,0.0,0.0,1.0,0.0
IQ20937,0,0,1.0,1.0,86.02,0.0,0.0,1.0,0.0
IQ3176316,0,0,1.0,1.0,86.02,0.0,0.0,1.0,0.0
IQ1657242,0,0,1.0,1.0,34.58,0.0,0.0,1.0,0.0
IQ736187,0,0,1.0,1.0,34.58,0.0,0.0,1.0,0.0
IQ2948116,0,0,1.0,1.0,25.7,0.0,0.0,1.0,0.0
IQ2948115,0,0,1.0,1.0,25.7,0.0,0.0,1.0,0.0
IQ521788,0,0,1.0,1.0,44.01,0.0,0.0,1.0,0.0
IQ2911658,0,0,1.0,1.0,44.01,0.0,0.0,1.0,0.0
IQ3542928,0,0,1.0,1.0,41.93,0.0,0.0,1.0,0.0
IQ3542942,0,0,1.0,1.0,41.93,0.0,0.0,1.0,0.0
IQ24879,0,0,1.0,1.0,48.809999999999995,0.0,0.0,1.0,0.0
IQ390069,0,0,1.0,1.0,48.809999999999995,0.0,0.0,1.0,0.0
IQ364865,0,0,1.0,1.0,58.32999999999999,0.0,0.0,1.0,0.0
IQ36155,0,0,1.0,1.0,58.32999999999999,0.0,0.0,1.0,0.0
IQ35764,0,0,1.0,1.0,468.44999999999993,0.0,0.0,1.0,0.0
IQ29002,0,0,1.0,1.0,468.44999999999993,0.0,0.0,1.0,0.0
IQ416430,0,0,1.0,1.0,50.0,0.0,0.0,1.0,0.0
IQ895163,0,0,1.0,1.0,50.0,0.0,0.0,1.0,0.0
IQ159581,0,0,1.0,1.0,31.12,0.0,0.0,1.0,0.0
IQ727543,0,0,1.0,1.0,31.12,0.0,0.0,1.0,0.0
IQ835464,0,0,1.0,1.0,90.0,0.0,0.0,1.0,0.0
IQ21785,0,0,1.0,1.0,90.0,0.0,0.0,1.0,0.0
IQ364086,0,0,1.0,1.0,26.7,0.0,0.0,1.0,0.0
IQ4099885,0,0,1.0,1.0,26.7,0.0,0.0,1.0,0.0
IQ592163010,0,0,1.0,1.0,143.03,0.0,0.0,1.0,0.0
IQ5686066,0,0,1.0,1.0,143.03,0.0,0.0,1.0,0.0
IQ19143,0,0,1.0,1.0,122.78000000000002,0.0,0.0,1.0,0.0
IQ1495597,0,0,1.0,1.0,122.78000000000002,0.0,0.0,1.0,0.0
IQ30589163,0,0,1.0,1.0,150.0,0.0,0.0,1.0,0.0
IQ3544105,0,0,1.0,1.0,150.0,0.0,0.0,1.0,0.0
IQ6509098,0,0,1.0,1.0,30.329999999999995,0.0,0.0,1.0,0.0
IQ124307,0,0,1.0,1.0,30.329999999999995,0.0,0.0,1.0,0.0
IQ11797300,0,0,1.0,1.0,68.83,0.0,0.0,1.0,0.0
IQ264625,0,0,1.0,1.0,68.83,0.0,0.0,1.0,0.0
IQ24753,0,0,1.0,1.0,96.15999999999998,0.0,0.0,1.0,0.0
IQ27210,0,0,1.0,1.0,96.15999999999998,0.0,0.0,1.0,0.0
IQ521327,0,0,1.0,1.0,49.66,0.0,0.0,1.0,0.0
IQ747532,0,0,1.0,1.0,49.66,0.0,0.0,1.0,0.0
IQ4049959,0,0,1.0,1.0,40.65,0.0,0.0,1.0,0.0
IQ1221480,0,0,1.0,1.0,40.65,0.0,0.0,1.0,0.0
IQ26272,0,0,1.0,1.0,27.970000000000002,0.0,0.0,1.0,0.0
IQ794669,0,0,1.0,1.0,27.970000000000002,0.0,0.0,1.0,0.0
IQ11829805,0,0,1.0,1.0,45.12,0.0,0.0,1.0,0.0
IQ121246,0,0,1.0,1.0,45.12,0.0,0.0,1.0,0.0
IQ1541822,0,0,1.0,1.0,51.32,0.0,0.0,1.0,0.0
IQ6906733,0,0,1.0,1.0,51.32,0.0,0.0,1.0,0.0
IQ706022,0,0,1.0,1.0,118.02,0.0,0.0,1.0,0.0
IQ94585,0,0,1.0,1.0,118.02,0.0,0.0,1.0,0.0
IQ875522,0,0,1.0,1.0,173.03,0.0,0.0,1.0,0.0
IQ2462067,0,0,1.0,1.0,173.03,0.0,0.0,1.0,0.0
IQ279020,0,0,1.0,1.0,38.06,0.0,0.0,1.0,0.0
IQ3418516,0,0,1.0,1.0,38.06,0.0,0.0,1.0,0.0
IQ27291155,0,0,1.0,1.0,30.0,0.0,0.0,1.0,0.0
IQ5686531,0,0,1.0,1.0,30.0,0.0,0.0,1.0,0.0
IQ136756465,0,0,1.0,1.0,34.44,0.0,0.0,1.0,0.0
IQ397809,0,0,1.0,1.0,34.44,0.0,0.0,1.0,0.0
IQ127761,0,0,1.0,1.0,168.84,0.0,0.0,1.0,0.0
IQ248356,0,0,1.0,1.0,168.84,0.0,0.0,1.0,0.0
IQ2087645,0,0,1.0,1.0,25.69,0.0,0.0,1.0,0.0
IQ4614857,0,0,1.0,1.0,25.69,0.0,0.0,1.0,0.0
IQ23121,0,0,1.0,1.0,48.74,0.0,0.0,1.0,0.0
IQ25107,0,0,1.0,1.0,48.74,0.0,0.0,1.0,0.0
