12/18/2013,41.4,IQTR253123386,IQ253123342,Private Company,IQ26273
11/25/2013,270.71,IQTR252045538,IQ882826,Private Company,IQ2482047
11/13/2013,93.51,IQTR262236424,IQ244510755,Private Company,IQ143627394
10/4/2013,42.46,IQTR249903638,IQ249903573,Assets/Products,IQ145824389
11/18/2013,369.78,IQTR251740495,IQ312235,Private Company,IQ49276069
7/2/2013,90.33,IQTR242685499,IQ242685311,Assets/Products,IQ205259447
12/13/2013,235.14,IQTR252932510,IQ252932479,Assets/Products,IQ878525
12/30/2013,62.98,IQTR253584796,IQ145992058,Private Company,IQ1801243
7/24/2013,36.51,IQTR243559443,IQ78930214,Private Company,IQ687223
12/30/2013,81.39,IQTR253523448,IQ39361202,Private Company,IQ1371007
6/18/2013,699.3,IQTR241811246,IQ241811016,Assets/Products,IQ4481307
8/27/2013,480.03,IQTR245224062,IQ319074,Private Company,IQ248256
8/8/2013,103.07,IQTR244295048,IQ882625,Private Company,IQ5631669
12/26/2013,246.53,IQTR253436724,IQ6489182,Private Company,IQ266877629
8/27/2013,195.37,IQTR245626466,IQ144810851,Private Company,IQ61636574
8/27/2013,52.28,IQTR245315245,IQ4264295,Private Company,IQ26782
7/29/2013,1399.88,IQTR243739436,IQ243758193,Assets/Products,IQ433057
11/29/2013,90.53,IQTR252347641,IQ252347556,Assets/Products,IQ12679188
9/27/2013,619.65,IQTR247472623,IQ878091,Private Company,IQ21401
9/27/2013,619.65,IQTR247472623,IQ878091,Private Company,IQ320433
12/31/2013,81.74,IQTR253567077,IQ375114,Private Company,IQ94614
11/18/2013,1717.32,IQTR251734608,IQ4779192,Private Company,IQ23585971
11/25/2013,111.13,IQTR252082756,IQ29846313,Private Company,IQ240996410
11/19/2013,355.2925,IQTR251779758,IQ124307,Private Company,IQ21305
11/19/2013,355.2925,IQTR251779758,IQ124307,Private Company,IQ410412
11/19/2013,355.2925,IQTR251779758,IQ124307,Private Company,IQ23347
11/19/2013,355.2925,IQTR251779758,IQ124307,Private Company,IQ36706995
12/13/2013,39.74,IQTR253057429,IQ253057337,Assets/Products,IQ5606896
10/18/2013,29.94,IQTR260207997,IQ260207754,Assets/Products,IQ248868202
12/16/2013,752.26,IQTR253014929,IQ878375,Public Company,IQ23108699
8/8/2013,28.01,IQTR244423597,IQ82559845,Private Company,IQ254360152
7/23/2013,42.37,IQTR253604580,IQ6478774,Private Company,IQ133840736
12/10/2013,42.13,IQTR252765555,IQ34075129,Private Company,IQ2398528
11/5/2013,1319.47,IQTR249820019,IQ32938,Private Company,IQ28071
10/18/2013,131,IQTR259749768,IQ259749731,Assets/Products,IQ1318975
9/26/2013,49.06,IQTR247455010,IQ24854,Private Company,IQ877139
12/8/2013,704.76,IQTR252701351,IQ470828,Private Company,IQ31232183
11/26/2013,1967.15,IQTR252091419,IQ4667093,Private Company,IQ226607367
12/20/2013,46.27,IQTR253288878,IQ51824709,Private Company,IQ254059327
12/11/2013,158.84,IQTR252827920,IQ876873,Private Company,IQ13627017
12/2/2013,506.42,IQTR252352901,IQ133744958,Private Company,IQ47100672
12/23/2013,134.97,IQTR253306798,IQ253306776,Assets/Products,IQ185333
12/19/2013,650.26,IQTR253191975,IQ13706761,Private Company,IQ253191945
12/4/2013,109.32,IQTR252449933,IQ736446,Public Company,IQ5636139
11/26/2013,84.57,IQTR252104132,IQ54341931,Private Company,IQ106674904
2/15/2013,153.49,IQTR228774358,IQ228774093,Private Company,IQ4161751
12/2/2013,46.83,IQTR252388553,IQ47935899,Private Company,IQ11367675
11/5/2013,61.6,IQTR249875133,IQ249875047,Assets/Products,IQ311760
12/23/2013,992.74,IQTR253346281,IQ1432337,Public Company,-
10/3/2013,57.4,IQTR247743604,IQ2237079,Private Company,IQ248271342
3/12/2013,26.86,IQTR233466972,IQ233466837,Private Company,IQ233466955
10/24/2013,4990.37,IQTR248822127,IQ875980,Public Company,IQ254417538
12/16/2013,99.11,IQTR253049547,IQ59322382,Public Company,IQ253070774
8/28/2013,168.81,IQTR245289470,IQ118955948,Private Company,IQ6744911
6/13/2013,33.05,IQTR241674308,IQ241674003,Assets/Products,-
4/15/2013,11836.89,IQTR236486644,IQ30253,Private Company,IQ97023
2/19/2013,87.07,IQTR228767047,IQ12168804,Private Company,IQ5546570
12/19/2013,3165.68,IQTR253175225,IQ253175079,Assets/Products,IQ383605
12/2/2013,129.045,IQTR252373050,IQ879672,Public Company,IQ31212154
12/2/2013,129.045,IQTR252373050,IQ879672,Public Company,IQ41950128
7/1/2013,224.64,IQTR242368984,IQ116725959,Private Company,IQ36854371
7/30/2013,5822.06,IQTR243826715,IQ29344,Private Company,IQ26782
1/24/2013,74.75,IQTR226661370,IQ6534944,Private Company,IQ4272613
11/11/2013,2857.05,IQTR250279791,IQ36318,Private Company,IQ250525285
11/12/2013,202.02,IQTR250436887,IQ721511,Private Company,IQ687518
11/27/2013,1546.55,IQTR252175556,IQ9769654,Private Company,IQ93625
9/3/2013,341.93,IQTR245645537,IQ6699924,Private Company,IQ771431
10/28/2013,189.32,IQTR249036704,IQ534455,Private Company,IQ27716528
11/11/2013,1249.3,IQTR250282305,IQ250282209,Assets/Products,IQ734865
6/19/2013,216.35,IQTR241909363,IQ241909281,Assets/Products,IQ114259389
12/12/2013,145.41,IQTR252874016,IQ6656026,Private Company,IQ26273
7/30/2013,29.24,IQTR243985533,IQ243985331,Assets/Products,IQ880628
12/19/2013,44.43,IQTR253209181,IQ6614437,Private Company,IQ901985
12/19/2013,82.44,IQTR253231430,IQ21771338,Private Company,IQ30589163
12/17/2013,292.87,IQTR253075409,IQ23996557,Private Company,IQ6562238
11/7/2013,1608.39,IQTR249981564,IQ114041,Private Company,IQ24792150
10/10/2013,31.28,IQTR248130042,IQ226445450,Private Company,IQ248130032
9/25/2013,31.47,IQTR247321536,IQ247321306,Private Company,IQ236277570
9/20/2013,33.28,IQTR247092329,IQ247091675,Assets/Products,IQ34018745
9/20/2013,33.28,IQTR247092329,IQ247091675,Assets/Products,IQ60364502
8/14/2013,36.99,IQTR245136719,IQ33595995,Private Company,IQ473928
4/29/2013,60.94,IQTR237681225,IQ883662,Public Company,IQ5397520
3/15/2013,28.31,IQTR232018342,IQ232018330,Assets/Products,IQ51050041
12/26/2013,47.41,IQTR253437019,IQ253437006,Assets/Products,IQ370279
9/9/2013,271.11,IQTR247776926,IQ20936477,Private Company,IQ5490252
11/19/2013,362.97,IQTR251836723,IQ251836611,Assets/Products,IQ320908
11/18/2013,769.13,IQTR251762491,IQ251762222,Assets/Products,IQ2557861
9/30/2013,147.23,IQTR247634485,IQ248117611,Assets/Products,IQ217830615
3/11/2013,80.49,IQTR231783828,IQ33364824,Public Company,IQ24716431
3/11/2013,80.49,IQTR231783828,IQ33364824,Public Company,IQ39196131
12/20/2013,83.68,IQTR253303098,IQ253303054,Assets/Products,IQ46370174
11/22/2013,230.76,IQTR251959691,IQ22277393,Private Company,IQ58859794
11/18/2013,48.03,IQTR252705917,IQ252705824,Assets/Products,IQ250531282
12/24/2013,42.43,IQTR253346119,IQ41362784,Private Company,IQ266800129
12/19/2013,113.06,IQTR253224304,IQ105810828,Private Company,IQ23333
11/13/2013,158.7,IQTR250578702,IQ881604,Private Company,IQ142747
7/29/2013,6372.33,IQTR243744306,IQ269027,Private Company,IQ319092
12/18/2013,184.18,IQTR253110594,IQ29462,Private Company,IQ22299079
9/25/2013,1117.21,IQTR247322071,IQ23459732,Private Company,IQ94614
12/16/2013,202.89,IQTR253031552,IQ35511,Private Company,IQ345779
12/16/2013,26.13,IQTR253037791,IQ253225648,Private Company,IQ253224902
12/2/2013,156.45,IQTR252332109,IQ248612251,Private Company,IQ24310558
10/7/2013,32.53,IQTR247852509,IQ1688259,Private Company,IQ83350300
6/28/2013,53.9,IQTR242264898,IQ173791649,Private Company,IQ182843707
12/12/2013,47.51,IQTR253059823,IQ253059739,Assets/Products,-
12/11/2013,320.81,IQTR252838880,IQ9817151,Public Company,IQ2334713
12/9/2013,34.86,IQTR252738975,IQ721916,Private Company,IQ133247079
11/5/2013,56.03,IQTR249836965,IQ45022247,Private Company,IQ25144982
12/5/2013,32.87,IQTR252602546,IQ252602523,Assets/Products,IQ46424806
10/2/2013,215.835,IQTR247739147,IQ725692,Private Company,IQ22000191
10/2/2013,215.835,IQTR247739147,IQ725692,Private Company,IQ22111
12/4/2013,23.315,IQTR252708633,IQ252708601,Assets/Products,IQ693160
12/4/2013,23.315,IQTR252708633,IQ252708601,Assets/Products,IQ277914
9/6/2013,260,IQTR248689864,IQ7866663,Private Company,IQ30428144
2/27/2013,1411.83,IQTR229107007,IQ116852053,Private Company,IQ290203
12/4/2013,344.85,IQTR252450697,IQ142688348,Private Company,IQ35418
12/10/2013,177.29,IQTR253167252,IQ878664,Public Company,IQ59220974
11/13/2013,57.41,IQTR250596222,IQ276954616,Private Company,IQ33184
10/29/2013,70.92,IQTR249109161,IQ249109153,Assets/Products,IQ37790054
10/29/2013,191.01,IQTR249118531,IQ8591680,Private Company,IQ307430
9/26/2013,76,IQTR247370924,IQ247370766,Assets/Products,IQ879338
8/27/2013,36.07,IQTR245484704,IQ245484325,Assets/Products,IQ228797472
8/27/2013,33.15,IQTR245487033,IQ245486062,Assets/Products,IQ228797472
8/27/2013,29.85,IQTR245487592,IQ245487432,Private Company,IQ228797472
8/27/2013,41.23,IQTR245487755,IQ245487689,Assets/Products,IQ228797472
12/1/2013,295.26,IQTR252329276,IQ20383738,Private Company,IQ13529992
11/4/2013,70.25,IQTR249792600,IQ4596053,Private Company,IQ311760
10/7/2013,225,IQTR247965055,IQ10112493,Private Company,IQ1051434
8/5/2013,40.64,IQTR244286078,IQ233484098,Private Company,IQ113366044
5/8/2013,28.14,IQTR253235287,IQ253235186,Private Company,IQ216007734
12/9/2013,38.35,IQTR252762818,IQ252762782,Assets/Products,IQ343802
9/19/2013,175,IQTR247042504,IQ247034771,Assets/Products,IQ12344550
8/15/2013,39.15,IQTR244639658,IQ45563580,Public Company,IQ257068096
8/15/2013,39.15,IQTR244639658,IQ45563580,Public Company,IQ257067841
9/16/2013,396.09,IQTR246800133,IQ36019183,Private Company,IQ246799965
11/6/2013,628.62,IQTR249868442,IQ32743,Private Company,IQ8122148
5/15/2013,126.86,IQTR240487453,IQ240487324,Assets/Products,IQ9681673
11/21/2013,29.31,IQTR251939571,IQ22287535,Private Company,IQ24821
11/20/2013,97.12,IQTR251891393,IQ146264742,Private Company,IQ7009878
11/19/2013,302.77,IQTR251836563,IQ27753519,Private Company,IQ59220391
9/30/2013,934.74,IQTR247553067,IQ247553029,Assets/Products,IQ1939962
5/14/2013,26.2,IQTR240007865,IQ52784273,Private Company,IQ18863
11/21/2013,30.99,IQTR251926407,IQ251926395,Assets/Products,IQ251960195
11/15/2013,39.17,IQTR250873002,IQ29984,Private Company,IQ145125059
11/15/2013,67.38,IQTR250873422,IQ22510293,Public Company,-
10/16/2013,59.36,IQTR248432666,IQ9934462,Private Company,IQ36732
9/4/2013,200.64,IQTR245756601,IQ322437,Private Company,IQ254131
11/13/2013,33.5,IQTR253765698,IQ36070159,Private Company,IQ214692779
10/9/2013,83.76,IQTR248000635,IQ248000497,Private Company,IQ248000399
9/9/2013,28.94,IQTR246070524,IQ33424777,Private Company,IQ246069830
2/18/2013,75.77,IQTR228865576,IQ51445171,Private Company,IQ39174007
5/29/2013,44.92,IQTR240969817,IQ46985600,Private Company,IQ4165606
9/24/2013,357.35,IQTR247287350,IQ882989,Private Company,IQ247289857
10/16/2013,38.53,IQTR248415988,IQ25290,Private Company,IQ107124
9/23/2013,477.16,IQTR247194680,IQ166314,Private Company,IQ775032
11/4/2013,31.2,IQTR249793923,IQ249793884,Assets/Products,IQ46424806
11/1/2013,444.99,IQTR249291810,IQ249291708,Assets/Products,IQ65914087
8/29/2013,51.05,IQTR245409314,IQ4251422,Private Company,IQ81948445
6/28/2013,211.54,IQTR242263733,IQ23150298,Private Company,IQ28168
3/5/2013,79.66,IQTR245806631,IQ4289790,Private Company,IQ398784
10/31/2013,233.99,IQTR249929583,IQ249929189,Assets/Products,IQ20344708
10/7/2013,108.21,IQTR247855937,IQ37321950,Private Company,IQ248077018
10/7/2013,32,IQTR247887970,IQ247887742,Private Company,IQ247887671
9/5/2013,55.26,IQTR248689885,IQ51994048,Private Company,IQ24247111
4/17/2013,55.25,IQTR236766098,IQ10062312,Private Company,IQ44227727
5/13/2013,64.85,IQTR239551355,IQ308183,Private Company,IQ183443757
7/30/2013,361.24,IQTR243832803,IQ46432905,Private Company,IQ241755766
6/14/2013,98.48,IQTR242045211,IQ701555,Private Company,IQ47063987
10/14/2013,261.33,IQTR248325370,IQ36533831,Private Company,IQ991483
7/30/2013,583.86,IQTR243851996,IQ1197628,Private Company,IQ27236
5/24/2013,106.92,IQTR240821025,IQ24655991,Private Company,IQ4481200
5/24/2013,259.61,IQTR240822973,IQ24655991,Private Company,IQ4481200
10/22/2013,60.33,IQTR248697205,IQ4563800,Private Company,IQ32751
10/22/2013,86.95,IQTR248749698,IQ248749548,Private Company,IQ106530929
10/22/2013,34.85,IQTR249860940,IQ118316680,Private Company,IQ9070628
9/9/2013,93,IQTR246063261,IQ49154804,Private Company,IQ687223
9/3/2013,27.63,IQTR245685716,IQ245685489,Assets/Products,IQ30885243
8/30/2013,109.83,IQTR245489572,IQ83239219,Private Company,IQ8101165
9/23/2013,26.51,IQTR247165106,IQ22311852,Private Company,IQ1029971
9/19/2013,302.12,IQTR247017343,IQ30645210,Private Company,IQ197773
10/15/2013,326.33,IQTR248352387,IQ1787545,Private Company,IQ1341470
10/14/2013,38.78,IQTR248298408,IQ248298401,Private Company,IQ118046574
10/1/2013,121.34,IQTR248340106,IQ247590416,Public Company,IQ23935
8/13/2013,31.6,IQTR244543289,IQ9548839,Public Company,IQ22771976
10/14/2013,138.76,IQTR248299463,IQ37089761,Private Company,IQ301667
10/10/2013,73.9,IQTR248152992,IQ248152893,Assets/Products,IQ20356678
9/5/2013,672.35,IQTR245831007,IQ34934,Private Company,IQ4204729
6/14/2013,78.67,IQTR248205858,IQ11340328,Public Company,IQ39454958
10/10/2013,192.86,IQTR248133962,IQ879722,Public Company,-
5/10/2013,47.53,IQTR239648643,IQ83652242,Private Company,IQ239648624
9/12/2013,70.1,IQTR246288363,IQ246288314,Assets/Products,IQ216699132
8/8/2013,61.89,IQTR245330239,IQ11710400,Private Company,IQ244483119
10/2/2013,87.75,IQTR247684107,IQ127869734,Private Company,IQ23459732
10/29/2013,25.18,IQTR249104496,IQ114126233,Private Company,IQ1342556
10/7/2013,51.24,IQTR247888407,IQ247887889,Private Company,IQ3129354
10/16/2013,46.55,IQTR248664206,IQ248663692,Assets/Products,IQ247140716
8/26/2013,373.93,IQTR245142613,IQ33799137,Private Company,IQ1341470
8/2/2013,107.6,IQTR244106595,IQ244106321,Assets/Products,IQ133385440
10/3/2013,39.62,IQTR247730041,IQ111800587,Private Company,IQ242438418
8/16/2013,95.27,IQTR244724919,IQ26726092,Private Company,IQ39439628
9/9/2013,75.45,IQTR246074665,IQ51814449,Private Company,IQ327142
8/26/2013,54.52,IQTR245160973,IQ799058,Private Company,IQ412674
8/25/2013,7470.71,IQTR245118608,IQ32464,Private Company,IQ24816
8/19/2013,212.59,IQTR244750697,IQ7960191,Private Company,IQ4298785
8/8/2013,30,IQTR244430860,IQ4773858,Private Company,IQ49276069
8/2/2013,49.5,IQTR248633932,IQ248633890,Private Company,IQ874474
8/1/2013,309.4,IQTR243994989,IQ38651034,Private Company,IQ124321
8/1/2013,27.12,IQTR244453381,IQ244453139,Assets/Products,IQ46424806
6/27/2013,36,IQTR242221007,IQ242220897,Private Company,IQ4481307
6/24/2013,3680.02,IQTR242038257,IQ36146,Private Company,IQ107911
5/21/2013,42.09,IQTR240630334,IQ52171810,Private Company,IQ1051103
5/20/2013,6776.28,IQTR240570634,IQ695365,Private Company,IQ36478
5/15/2013,62.94,IQTR240347333,IQ240347310,Assets/Products,IQ23500974
12/23/2013,272,IQTR253336687,IQ253336631,Assets/Products,IQ24850305
10/25/2013,572.79,IQTR253072902,IQ253072867,Assets/Products,IQ398549
9/30/2013,27.71,IQTR247586095,IQ247586074,Private Company,IQ243364886
9/17/2013,33.95,IQTR246849092,IQ246849078,Assets/Products,IQ36190710
8/8/2013,211.58,IQTR244650995,IQ244650297,Assets/Products,IQ29926600
7/18/2013,48.26,IQTR243257815,IQ243257439,Assets/Products,IQ261825
6/25/2013,892.94,IQTR242078030,IQ678615,Private Company,IQ7775184
4/25/2013,143.33,IQTR237551323,IQ237551313,Assets/Products,IQ23000926
6/24/2013,1044.55,IQTR242043220,IQ33184,Private Company,IQ21401
7/31/2013,188.36,IQTR243963247,IQ8984365,Private Company,IQ30325744
7/12/2013,93.975,IQTR242776385,IQ106066,Private Company,IQ875515
7/12/2013,93.975,IQTR242776385,IQ106066,Private Company,IQ6569181
9/12/2013,286.1,IQTR246240251,IQ11367675,Public Company,IQ222792289
9/13/2013,66.8,IQTR246319750,IQ3549775,Private Company,IQ99552165
8/14/2013,146.2,IQTR244590022,IQ10714639,Private Company,IQ33543
9/18/2013,37.08,IQTR247026941,IQ109003246,Private Company,IQ277914
7/30/2013,616.67,IQTR243852112,IQ22562481,Private Company,IQ27236
7/11/2013,356,IQTR242747384,IQ242747250,Private Company,IQ54170691
9/11/2013,70.44,IQTR272303103,IQ246185922,Private Company,IQ20356627
9/9/2013,44.51,IQTR246075200,IQ47611245,Private Company,IQ186373
8/29/2013,163.01,IQTR245340174,IQ2237079,Private Company,IQ248271342
3/15/2013,267.11,IQTR264361006,IQ119042291,Foundation/Charitable Institution,IQ4803319
9/6/2013,37.96,IQTR245971636,IQ245971617,Private Company,IQ115172416
6/20/2013,29.6,IQTR245637978,IQ245637926,Private Company,IQ243364886
4/26/2013,28.47,IQTR237631960,IQ237631925,Assets/Products,IQ320908
7/10/2013,42.83,IQTR242740054,IQ242739983,Assets/Products,IQ228797472
4/24/2013,342.93,IQTR237402005,IQ10495014,Private Company,IQ33405327
6/17/2013,165.81,IQTR241756575,IQ28286661,Private Company,IQ220168
3/14/2013,50.79,IQTR237252123,IQ127251915,Private Company,-
8/13/2013,445.48,IQTR244484155,IQ242622169,Private Company,IQ6151980
7/15/2013,237.75,IQTR242840450,IQ7114606,Private Company,IQ247483
6/6/2013,74.63,IQTR241554773,IQ241365135,Private Company,IQ242025546
8/19/2013,263.3,IQTR244749714,IQ24863048,Private Company,IQ301667
8/19/2013,55.16,IQTR244755554,IQ244755519,Private Company,IQ991483
7/15/2013,306.78,IQTR242841105,IQ22500764,Private Company,IQ247483
7/5/2013,42.22,IQTR247020471,IQ5382243,Private Company,-
6/17/2013,749.95,IQTR241754200,IQ59197921,Private Company,IQ6462911
8/6/2013,255.41,IQTR244719578,IQ30533176,Private Company,IQ884200
7/10/2013,106.07,IQTR242688570,IQ11733920,Private Company,IQ320186
6/27/2013,44.96,IQTR242263061,IQ242262990,Assets/Products,IQ228797472
8/15/2013,180,IQTR244658578,IQ45731042,Private Company,IQ23333
3/22/2013,61.93,IQTR241704478,IQ233500631,Private Company,IQ242331631
8/11/2013,149.95,IQTR244440149,IQ36425588,Private Company,IQ31348
8/7/2013,100.11,IQTR244244997,IQ1780102,Private Company,IQ877264
8/7/2013,33.76,IQTR244315004,IQ24268022,Private Company,IQ21475
8/6/2013,153.63,IQTR244245906,IQ50126859,Private Company,IQ277914
6/4/2013,183.54,IQTR241292672,IQ32530241,Private Company,IQ35418
5/27/2013,6797.1,IQTR240837772,IQ38724283,Private Company,IQ233369900
8/5/2013,150.87,IQTR244162006,IQ244161874,Assets/Products,IQ666715
7/3/2013,41.12,IQTR253308329,IQ253308282,Assets/Products,IQ4222736
8/6/2013,160.08,IQTR252130723,IQ252130553,Assets/Products,IQ277914
7/10/2013,71.65,IQTR244979069,IQ225471609,Private Company,IQ85075616
6/25/2013,35.41,IQTR242078047,IQ242078015,Assets/Products,IQ116512646
6/24/2013,49.68,IQTR242038513,IQ36668592,Private Company,-
9/23/2013,30.02,IQTR247451533,IQ115458232,Private Company,IQ22905683
5/28/2013,16.415,IQTR240876679,IQ23335210,Public Company,IQ20610869
5/28/2013,16.415,IQTR240876679,IQ23335210,Public Company,IQ130026170
7/31/2013,75.35,IQTR243907710,IQ23612629,Private Company,IQ244751971
6/18/2013,77.56,IQTR241828788,IQ111538420,Private Company,IQ6476139
7/19/2013,27.01,IQTR244566907,IQ244566192,Assets/Products,IQ54170691
7/18/2013,232.34,IQTR243233840,IQ47161437,Private Company,IQ18999
7/18/2013,28.89,IQTR243346768,IQ243345162,Assets/Products,IQ34018745
5/28/2013,397.62,IQTR240858288,IQ82032365,Private Company,IQ42412727
7/17/2013,178.04,IQTR243167877,IQ8839006,Private Company,IQ371481
6/12/2013,76.27,IQTR241636557,IQ428438,Private Company,IQ28958752
6/12/2013,97.49,IQTR241612911,IQ33032,Private Company,IQ127800
7/15/2013,158,IQTR242835035,IQ24737532,Private Company,IQ135238
3/18/2013,89.89,IQTR232387020,IQ232385444,Assets/Products,IQ127273543
5/23/2013,154.89,IQTR240715548,IQ240715525,Assets/Products,IQ127549
7/15/2013,27.18,IQTR242841897,IQ242841875,Private Company,IQ277289
6/11/2013,401.94,IQTR241549127,IQ30425451,Private Company,IQ2444407
4/8/2013,26.08,IQTR235099994,IQ235099960,Assets/Products,IQ7641974
2/26/2013,352.67,IQTR229016680,IQ336520,Private Company,IQ23307
7/8/2013,91.08,IQTR242798908,IQ242798876,Private Company,IQ23435
6/17/2013,123.74,IQTR241756440,IQ7985353,Private Company,IQ308047
5/29/2013,735.69,IQTR240940612,IQ6562587,Private Company,IQ884397
5/23/2013,170.38,IQTR240716647,IQ27941,Private Company,IQ8594715
7/3/2013,153.73,IQTR242575281,IQ242575265,Assets/Products,IQ12190335
7/3/2013,153.73,IQTR242575281,IQ242575265,Assets/Products,IQ128609911
7/23/2013,72.64,IQTR243490094,IQ28999352,Private Company,IQ29753
7/9/2013,43.21,IQTR242647209,IQ81589098,Private Company,IQ10969688
7/2/2013,32.6,IQTR242341022,IQ242340818,Private Company,IQ881927
7/2/2013,34.53,IQTR242362522,IQ35584387,Private Company,IQ25100
7/1/2013,47.105,IQTR242308103,IQ242308065,Assets/Products,IQ50847933
7/1/2013,47.105,IQTR242308103,IQ242308065,Assets/Products,IQ320908
7/1/2013,60.82,IQTR242310179,IQ111528599,Private Company,IQ218451
6/10/2013,210.18,IQTR241503147,IQ26556247,Private Company,IQ166839738
5/21/2013,299.98,IQTR240716071,IQ30564239,Private Company,IQ19617
5/16/2013,222,IQTR240434797,IQ46476375,Private Company,IQ103375
7/2/2013,58,IQTR242390059,IQ242389737,Private Company,IQ106848682
7/1/2013,12.835,IQTR242305002,IQ242303783,Assets/Products,IQ26221897
7/1/2013,12.835,IQTR242305002,IQ242303783,Assets/Products,IQ28605272
7/1/2013,43.28,IQTR242335111,IQ242334937,Assets/Products,IQ308356
6/28/2013,102.65,IQTR242312462,IQ5545661,Private Company,IQ62494979
4/4/2013,450,IQTR234620063,IQ24793101,Private Company,IQ874301
3/12/2013,54.82,IQTR231883054,IQ30252385,Private Company,IQ20356815
6/28/2013,94.43,IQTR242299904,IQ62122830,Private Company,IQ242299134
6/10/2013,869.46,IQTR241494002,IQ36732783,Private Company,IQ336774
6/25/2013,394.34,IQTR254223585,IQ5646493,Private Company,IQ38918776
3/18/2013,220.03,IQTR232342263,IQ342954,Private Company,IQ27303
6/4/2013,35.91,IQTR241305900,IQ236277570,Private Company,IQ241737243
6/18/2013,47.36,IQTR241860797,IQ22988815,Public Company,IQ241861843
6/18/2013,47.36,IQTR241860797,IQ22988815,Public Company,IQ242051563
6/17/2013,96.74,IQTR241755589,IQ241755573,Assets/Products,IQ319092
6/14/2013,47.98,IQTR241759136,IQ233904081,Public Company,IQ62031616
6/14/2013,113.53,IQTR241790381,IQ233904081,Public Company,-
8/8/2013,56.01,IQTR244335369,IQ244335274,Assets/Products,IQ12344550
6/10/2013,39,IQTR241651937,IQ241651878,Assets/Products,IQ106848682
6/7/2013,100,IQTR241915229,IQ241915087,Assets/Products,IQ241914309
6/7/2013,34.35,IQTR252549764,IQ102071635,Private Company,IQ689585
1/17/2013,572.13,IQTR226373909,IQ107989364,Private Company,IQ94614
6/5/2013,6649.85,IQTR713478457,IQ19095,Private Company,IQ345779
4/29/2013,888.76,IQTR237701482,IQ26905,Private Company,IQ6462903
6/3/2013,64.96,IQTR241241355,IQ26840,Private Company,IQ920170
5/7/2013,191.11,IQTR238447193,IQ72331294,Private Company,IQ22399604
4/19/2013,764.45,IQTR237021756,IQ1011078,Private Company,IQ160800
4/8/2013,51.98,IQTR235056581,IQ235056496,Private Company,IQ4469416
3/31/2013,109.62,IQTR233973622,IQ727543,Private Company,IQ22003
3/31/2013,109.62,IQTR233973622,IQ727543,Private Company,IQ20937
3/30/2013,250,IQTR234126267,IQ24193860,Private Company,IQ22853
3/28/2013,52.95,IQTR233692315,IQ6313095,Private Company,IQ6489803
5/29/2013,250,IQTR240974599,IQ33329912,Private Company,IQ275442
5/8/2013,766.89,IQTR238532902,IQ238532881,Assets/Products,IQ277914
4/26/2013,57.4133333333333,IQTR237678890,IQ25620423,Private Company,IQ117603277
4/26/2013,57.4133333333333,IQTR237678890,IQ25620423,Private Company,IQ99081791
4/26/2013,57.4133333333333,IQTR237678890,IQ25620423,Private Company,IQ22239281
5/13/2013,54.06,IQTR239015793,IQ59369996,Private Company,IQ22277393
3/27/2013,26.905,IQTR233655462,IQ233655138,Private Company,IQ39094175
3/27/2013,26.905,IQTR233655462,IQ233655138,Private Company,IQ30533300
5/21/2013,45.23,IQTR240645594,IQ25720648,Private Company,IQ25474229
3/27/2013,660.35,IQTR233599339,IQ5432299,Private Company,IQ873951
3/22/2013,33.37,IQTR238210370,IQ10762517,Private Company,IQ32875161
5/2/2013,53.67,IQTR237889431,IQ237889345,Private Company,IQ97461
5/3/2013,34.43,IQTR244465137,IQ45461075,Private Company,IQ19709
5/3/2013,49.55,IQTR238062305,IQ238062287,Assets/Products,IQ33715
5/1/2013,41.68,IQTR237844141,IQ237844119,Assets/Products,IQ36478
4/17/2013,766.45,IQTR236785019,IQ31080,Private Company,IQ22751
4/4/2013,71.37,IQTR234763036,IQ234762894,Assets/Products,IQ144731309
5/21/2013,542.61,IQTR240625292,IQ22771186,Private Company,IQ980152
4/30/2013,28.9,IQTR237813479,IQ118148843,Private Company,IQ8182682
4/2/2013,57.5,IQTR234134398,IQ47776932,Private Company,IQ426471
4/29/2013,83.46,IQTR237730481,IQ29925,Private Company,IQ33471
4/29/2013,484.41,IQTR237708766,IQ54338827,Private Company,IQ1843135
4/26/2013,118.46,IQTR237564169,IQ879722,Public Company,-
3/20/2013,341.93,IQTR232523927,IQ658667,Private Company,IQ345779
4/19/2013,26.24,IQTR236986270,IQ47797948,Private Company,IQ881992
4/22/2013,45.78,IQTR237280684,IQ11827892,Public Company,-
4/19/2013,34.05,IQTR240429426,IQ25410447,Public Company,IQ1889807
3/19/2013,28.15,IQTR232416475,IQ23314369,Private Company,IQ21531
3/25/2013,524.37,IQTR233378987,IQ30984846,Private Company,IQ385727
4/15/2013,14,IQTR237164577,IQ237164568,Assets/Products,IQ237164527
4/15/2013,14,IQTR237164577,IQ237164568,Assets/Products,IQ52818777
3/21/2013,109.75,IQTR232669689,IQ232669609,Assets/Products,IQ212255068
3/15/2013,84,IQTR237456801,IQ237456785,Assets/Products,IQ274425355
3/25/2013,140.805,IQTR233388199,IQ233388192,Assets/Products,IQ224718402
3/25/2013,140.805,IQTR233388199,IQ233388192,Assets/Products,IQ7517430
4/11/2013,15.665,IQTR236098890,IQ27326682,Private Company,IQ35923632
4/11/2013,15.665,IQTR236098890,IQ27326682,Private Company,IQ115869331
2/24/2013,227.9,IQTR228924249,IQ606577,Private Company,IQ5663557
3/6/2013,134.65,IQTR231626150,IQ24661,Private Company,IQ873739
4/8/2013,80,IQTR235311143,IQ235310070,Assets/Products,IQ46775252
4/5/2013,146.31,IQTR235033859,IQ873679,Public Company,IQ873922
4/2/2013,148,IQTR234347024,IQ145312993,Private Company,IQ1341470
2/6/2013,2400.52,IQTR228034245,IQ228033250,Assets/Products,IQ228102130
1/14/2013,109.42,IQTR226083269,IQ215286313,Private Company,IQ26273
2/1/2013,116.84,IQTR226975599,IQ11686028,Private Company,IQ319092
1/29/2013,40.3,IQTR226867623,IQ226867433,Assets/Products,IQ25454524
5/15/2013,49.79,IQTR240382161,IQ240381921,Assets/Products,IQ127095032
4/9/2013,46.81,IQTR235786849,IQ216919535,Private Company,IQ22637298
3/7/2013,76.37,IQTR231699417,IQ4271951,Private Company,IQ7943273
2/28/2013,211.24,IQTR229107112,IQ229106908,Private Company,IQ20795
3/28/2013,40.43,IQTR241497512,IQ241497431,Assets/Products,IQ241497456
3/26/2013,25.68,IQTR233477915,IQ233477888,Assets/Products,IQ170228427
3/18/2013,61.62,IQTR232341919,IQ58222186,Public Company,IQ271546987
1/3/2013,72.46,IQTR225748203,IQ225748135,Assets/Products,IQ279306
1/24/2013,523.22,IQTR226625031,IQ226625015,Assets/Products,IQ254571
2/14/2013,1552.6,IQTR228501666,IQ32856074,Private Company,IQ172207
3/7/2013,43.72,IQTR231694013,IQ231693937,Assets/Products,IQ140969529
1/7/2013,234.52,IQTR225806613,IQ28190,Private Company,IQ108253
1/30/2013,89.97,IQTR226889011,IQ343960,Private Company,IQ21305
3/12/2013,153.16,IQTR231854672,IQ106371146,Private Company,IQ35712
1/24/2013,147.12,IQTR226657880,IQ984744,Private Company,IQ876125
9/10/2013,26.02,IQTR246135623,IQ246135476,Private Company,IQ60048201
2/3/2013,27.02,IQTR227930566,IQ227930345,Assets/Products,IQ528414
3/5/2013,167.98,IQTR231033378,IQ9512685,Private Company,IQ233367091
2/25/2013,52.33,IQTR228988822,IQ228988749,Private Company,IQ259627
1/8/2013,228.83,IQTR225889769,IQ622607,Private Company,IQ33405327
1/8/2013,63.53,IQTR225894619,IQ22469060,Private Company,IQ250788
3/4/2013,49.42,IQTR230780089,IQ52567761,Private Company,IQ33184
1/22/2013,723.56,IQTR226566938,IQ11506913,Private Company,IQ249205
3/4/2013,43.2,IQTR230781021,IQ907330,Private Company,IQ734865
1/16/2013,70.44,IQTR226333676,IQ49925173,Private Company,IQ5898985
1/29/2013,29.58,IQTR226868873,IQ13367168,Private Company,IQ35511
2/20/2013,113.53,IQTR228778634,IQ11367675,Public Company,IQ222792289
2/24/2013,17.09,IQTR256741441,IQ22560945,Public Company,IQ23219
2/24/2013,17.09,IQTR256741441,IQ22560945,Public Company,IQ138943641
1/7/2013,343.51,IQTR225799376,IQ13061327,Private Company,IQ29753
2/21/2013,27.73,IQTR229089256,IQ47266395,Private Company,IQ877408
4/29/2013,73.23,IQTR240786535,IQ25343202,Private Company,IQ31232183
2/6/2013,221.66,IQTR228035320,IQ228035273,Assets/Products,IQ876873
2/4/2013,41.16,IQTR227933945,IQ227933912,Assets/Products,IQ397809
1/8/2013,248.24,IQTR225862187,IQ136815593,Private Company,IQ385727
2/11/2013,213.67,IQTR228282399,IQ3148826,Private Company,IQ319092
2/1/2013,123.94,IQTR226974922,IQ24572,Public Company,-
2/4/2013,151.36,IQTR227975872,IQ227975837,Assets/Products,IQ35418
1/30/2013,62.62,IQTR226888861,IQ141508274,Private Company,IQ528414
2/12/2013,26.01,IQTR228825957,IQ184389517,Private Company,IQ118953181
1/28/2013,114.23,IQTR226806246,IQ30692737,Private Company,IQ3048562
1/23/2013,28.6,IQTR226601587,IQ226601568,Private Company,IQ874804
1/22/2013,115.55,IQTR226582876,IQ2220998,Private Company,IQ373200
1/18/2013,278.506666666667,IQTR226459315,IQ226459288,Assets/Products,IQ6771322
1/18/2013,278.506666666667,IQTR226459315,IQ226459288,Assets/Products,IQ35639338
1/18/2013,278.506666666667,IQTR226459315,IQ226459288,Assets/Products,IQ975327
1/2/2013,100.63,IQTR225711341,IQ4641447,Private Company,IQ354797
1/14/2013,12.725,IQTR226424730,IQ226424558,Assets/Products,IQ226422822
1/14/2013,12.725,IQTR226424730,IQ226424558,Assets/Products,IQ28386366
1/7/2013,27.1,IQTR225862322,IQ225862139,Private Company,IQ34640
1/7/2013,109.92,IQTR225848768,IQ50090251,Private Company,IQ25605
1/2/2013,33.2,IQTR225690047,IQ13529426,Private Company,IQ8223157
1/1/2013,25.8,IQTR718179608,IQ409133231,Private Company,IQ280042452
1/6/2013,37.19,IQTR225809670,IQ225809650,Assets/Products,IQ98569919
1/2/2013,34.7,IQTR225718889,IQ3554640,Private Company,IQ9142809
1/8/2013,267.91,IQTR226607072,IQ7925293,Private Company,IQ47439810
1/2/2013,34.11,IQTR225708489,IQ25127144,Private Company,IQ7936523
1/8/2013,121.71,IQTR225889876,IQ225887815,Private Company,IQ117578113
1/7/2013,57.25,IQTR225910571,IQ225910555,Assets/Products,IQ54170691
2/7/2013,31.62,IQTR228109581,IQ107993795,Private Company,IQ120950
