6/15/2007,138.56,IQTR37848459,IQ4276844,Private Company,IQ26782
4/20/2007,302.2,IQTR39532090,IQ729103,Private Company,IQ4158219
6/27/2007,2363.61,IQTR35225724,IQ36197,Private Company,IQ687140
4/28/2007,29.4,IQTR39034315,IQ39034288,Private Company,IQ840009
4/11/2007,343.26,IQTR33775715,IQ23143793,Private Company,IQ10244712
5/7/2007,289.78,IQTR34181560,IQ120154,Public Company,IQ4509196
6/4/2007,171.14,IQTR34703324,IQ6845662,Private Company,IQ23397078
5/16/2007,3292.96,IQTR34391185,IQ19095,Private Company,IQ20117
5/29/2007,256.7,IQTR34601570,IQ1011555,Private Company,IQ346012
5/21/2007,4414.92,IQTR34453984,IQ27321,Private Company,IQ108544
5/12/2007,4900,IQTR34335137,IQ12827948,Private Company,IQ290203
6/19/2007,268.38,IQTR35057714,IQ26837,Private Company,IQ29618
6/4/2007,58.27,IQTR34724352,IQ4273998,Private Company,IQ115544
5/25/2007,39.57,IQTR34583606,IQ27168266,Private Company,IQ5639104
5/17/2007,330.98,IQTR34411050,IQ25719917,Private Company,IQ255743
6/13/2007,168.61,IQTR34929238,IQ727543,Private Company,IQ20937
6/13/2007,81.97,IQTR37379515,IQ37379461,Assets/Products,IQ3025029
5/8/2007,561.06,IQTR34236104,IQ22298661,Private Company,IQ36033
6/20/2007,63.28,IQTR35155115,IQ3477872,Private Company,IQ108544
6/4/2007,248.09,IQTR34703781,IQ126415,Private Company,IQ1348220
6/18/2007,2128.69,IQTR35017800,IQ5498927,Private Company,IQ19685
6/13/2007,37.51,IQTR35015738,IQ5380280,Private Company,IQ32717
6/29/2007,128.2,IQTR35297279,IQ594132,Private Company,IQ22594919
6/25/2007,52.05,IQTR35222634,IQ426476,Private Company,IQ317627
4/26/2007,40.785,IQTR34051035,IQ93362,Private Company,IQ1285731
4/26/2007,40.785,IQTR34051035,IQ93362,Private Company,IQ10983204
5/7/2007,91.79,IQTR34216326,IQ2557288,Public Company,IQ878596
6/6/2007,43.23,IQTR34513476,IQ25119582,Private Company,IQ9549592
4/24/2007,486.24,IQTR34030031,IQ35001,Private Company,IQ20394693
6/19/2007,266.51,IQTR35058169,IQ1041031,Private Company,IQ687140
6/20/2007,186.66,IQTR35110202,IQ4148285,Private Company,IQ34705
6/13/2007,600,IQTR34972365,IQ4999659,Private Company,IQ12916819
5/24/2007,398.44,IQTR34556154,IQ4647325,Private Company,IQ655542
4/19/2007,34.91,IQTR33960524,IQ33960442,Private Company,IQ107629
6/4/2007,1127.51,IQTR34698627,IQ348052,Private Company,IQ33471
6/15/2007,100,IQTR35013081,IQ12917147,Private Company,IQ26321183
6/4/2007,185.42,IQTR35275569,IQ4481673,Private Company,-
6/1/2007,47.45,IQTR34674114,IQ124117,Private Company,IQ1163899
6/4/2007,295.1,IQTR34726021,IQ23106233,Private Company,IQ24816
4/1/2007,102.61,IQTR33549200,IQ90443,Private Company,IQ19093
6/5/2007,221.19,IQTR34770550,IQ155504,Private Company,IQ24816
6/12/2007,190.02,IQTR34907623,IQ34907561,Private Company,IQ30466700
4/10/2007,61.79,IQTR33740954,IQ33740939,Private Company,IQ877249
5/30/2007,301.7,IQTR34642741,IQ34642725,Assets/Products,IQ139673
6/26/2007,48.28,IQTR35246017,IQ35245987,Private Company,IQ403719
6/26/2007,56.67,IQTR35246210,IQ100323699,Assets/Products,IQ403719
6/28/2007,42,IQTR35274858,IQ118151532,Private Company,IQ181274
5/16/2007,66.905,IQTR34395469,IQ21767230,Private Company,IQ21989979
5/16/2007,66.905,IQTR34395469,IQ21767230,Private Company,IQ328768937
5/11/2007,68.04,IQTR34302613,IQ515287,Private Company,IQ31306
4/25/2007,90,IQTR34211401,IQ26655187,Private Company,IQ99861
4/2/2007,48.85,IQTR33513103,IQ33513086,Private Company,IQ24349948
6/29/2007,66.06,IQTR35338794,IQ23143793,Private Company,-
4/30/2007,125.62,IQTR34121296,IQ34121263,Assets/Products,IQ311760
4/5/2007,1115.98,IQTR33599645,IQ25618,Private Company,IQ1348220
6/28/2007,338.92,IQTR35272645,IQ28321524,Private Company,IQ404731
6/28/2007,25.99,IQTR35289982,IQ30744542,Private Company,IQ29703
5/14/2007,1149.49,IQTR34338459,IQ803330,Private Company,IQ172207
6/27/2007,40.07,IQTR35349868,IQ271535433,Public Company,IQ587613
6/16/2007,85.35,IQTR33211110,IQ5504660,Private Company,IQ21787196
4/4/2007,445.42,IQTR33577827,IQ7149404,Private Company,IQ687140
6/25/2007,76.21,IQTR35222992,IQ4817199,Private Company,IQ23219
4/18/2007,44.18,IQTR33944723,IQ33944706,Assets/Products,IQ317627
6/1/2007,36.92,IQTR34697706,IQ27276240,Private Company,IQ4481003
6/18/2007,258.69,IQTR35230865,IQ35230850,Private Company,-
6/17/2007,56.11,IQTR35056608,IQ184277,Private Company,IQ29834447
6/17/2007,74.82,IQTR35100701,IQ35100693,Public Company,IQ13619447
6/21/2007,139.53,IQTR35130398,IQ2432655,Private Company,IQ145378258
6/13/2007,25.04,IQTR38885004,IQ38884987,Assets/Products,IQ22905683
4/5/2007,52.13,IQTR33599342,IQ25126,Private Company,IQ32455083
6/12/2007,74.11,IQTR34903014,IQ34902271,Assets/Products,IQ875951
4/24/2007,128.31,IQTR34032520,IQ10121603,Private Company,IQ413190
6/11/2007,30,IQTR53943978,IQ53943965,Assets/Products,IQ53943900
6/7/2007,142.01,IQTR34790271,IQ25166774,Private Company,IQ8141878
5/3/2007,33.78,IQTR34235399,IQ127226,Private Company,IQ35989748
4/30/2007,74.22,IQTR34105887,IQ323680,Private Company,IQ36627
4/6/2007,191.76,IQTR33664142,IQ796542,Private Company,IQ154924
4/23/2007,11170.86,IQTR33987033,IQ1341470,Private Company,IQ336774
6/4/2007,111.22,IQTR34712098,IQ4248816,Private Company,IQ23278711
6/1/2007,39.18,IQTR557272236,IQ557272187,Assets/Products,IQ35230943
5/8/2007,113.03,IQTR34279162,IQ551274,Private Company,IQ113073
4/24/2007,89.53,IQTR34033121,IQ912487,Private Company,IQ4497477
5/10/2007,59.76,IQTR34279531,IQ27674426,Private Company,IQ4367801
4/27/2007,57.42,IQTR34079859,IQ34079814,Assets/Products,IQ8101165
4/18/2007,524.21,IQTR33874549,IQ36042,Private Company,IQ474102
4/16/2007,1369.29,IQTR33842028,IQ24804,Private Company,IQ361335
5/31/2007,59.43,IQTR34646739,IQ34646668,Private Company,IQ879338
5/25/2007,40.54,IQTR34582911,IQ4049959,Private Company,IQ34583003
4/2/2007,115.89,IQTR33426321,IQ1197825,Private Company,IQ4165593
5/2/2007,194.81,IQTR34181022,IQ5704992,Private Company,IQ881091
5/15/2007,250.2325,IQTR34387696,IQ22475837,Private Company,IQ3017676
5/15/2007,250.2325,IQTR34387696,IQ22475837,Private Company,IQ4788207
5/15/2007,250.2325,IQTR34387696,IQ22475837,Private Company,IQ9179343
5/15/2007,250.2325,IQTR34387696,IQ22475837,Private Company,IQ836596
5/3/2007,32.15,IQTR34168123,IQ34168081,Private Company,IQ875074
5/1/2007,80.88,IQTR34163365,IQ6562655,Private Company,IQ26782
5/1/2007,80.81,IQTR34335408,IQ9002484,Private Company,IQ97461
4/30/2007,92.26,IQTR34165587,IQ22784126,Private Company,IQ20131
4/23/2007,29.11,IQTR326405746,IQ326405725,Assets/Products,IQ23720756
4/25/2007,386.83,IQTR34058164,IQ34058111,Assets/Products,IQ382553
4/25/2007,98.36,IQTR34101134,IQ502583,Private Company,IQ21531
4/23/2007,175,IQTR34053836,IQ23110455,Private Company,IQ124146
4/23/2007,175,IQTR34053836,IQ23110455,Private Company,IQ808317
4/19/2007,94.07,IQTR33986366,IQ31898,Private Company,IQ23183
4/16/2007,32.47,IQTR33839291,IQ3266158,Private Company,IQ721120
4/10/2007,83.3333333333333,IQTR33737392,IQ1497356,Private Company,IQ156796
4/10/2007,83.3333333333333,IQTR33737392,IQ1497356,Private Company,IQ21145
4/10/2007,83.3333333333333,IQTR33737392,IQ1497356,Private Company,IQ874526
4/10/2007,45.18,IQTR33715367,IQ33715346,Private Company,IQ20683629
4/5/2007,48.81,IQTR33684456,IQ25962774,Private Company,IQ9573447
4/3/2007,130.86,IQTR33576512,IQ24554,Private Company,IQ23219
4/3/2007,44.71,IQTR33596047,IQ33595793,Private Company,IQ33595995
4/2/2007,42.27,IQTR33511030,IQ8081391,Private Company,IQ687140
4/2/2007,90,IQTR33548675,IQ23721428,Private Company,IQ30901660
6/26/2007,39.03,IQTR204556245,IQ184322036,Private Company,IQ28224501
5/1/2007,31,IQTR34727576,IQ28045797,Private Company,IQ135311
