7/19/2011,69.53,IQTR137652662,IQ137652647,Private Company,IQ58172328
4/21/2011,97.05,IQTR130626735,IQ108747304,Private Company,IQ128664007
12/1/2011,111.21,IQTR143818639,IQ143818462,Private Company,IQ326054
3/25/2011,113.54,IQTR129068436,IQ26535508,Private Company,IQ4205064
7/18/2011,150.74,IQTR137571101,IQ137571083,Assets/Products,IQ133385440
12/15/2011,64.38,IQTR145296653,IQ4368452,Private Company,IQ4183665
11/30/2011,275.57,IQTR143721855,IQ37344710,Private Company,IQ348016
1/6/2011,29.72,IQTR117931743,IQ11017738,Private Company,IQ45563580
4/27/2011,14696.26,IQTR130815840,IQ657860,Private Company,IQ139677
10/25/2011,61.19,IQTR142105167,IQ142105160,Private Company,IQ24801
4/4/2011,14.88,IQTR129809430,IQ129809404,Assets/Products,IQ35923632
4/4/2011,14.88,IQTR129809430,IQ129809404,Assets/Products,IQ115869331
10/13/2011,185.53,IQTR141595175,IQ9245676,Private Company,IQ5566553
11/17/2011,64.77,IQTR143264192,IQ42465720,Assets/Products,IQ430357
11/15/2011,134.24,IQTR143245361,IQ6636964,Private Company,IQ1025549
7/21/2011,23349.31,IQTR138198575,IQ1541811,Private Company,IQ317975
12/20/2011,503.94,IQTR144942347,IQ144942321,Assets/Products,IQ10969688
12/19/2011,122.09,IQTR144838348,IQ10329613,Private Company,IQ185333
12/12/2011,38.22,IQTR144419290,IQ183602865,Private Company,IQ26782
10/6/2011,43.58,IQTR141385848,IQ141385749,Assets/Products,IQ182996472
8/2/2011,1190.69,IQTR138691695,IQ4935956,Private Company,IQ384522
12/16/2011,64.41,IQTR144832145,IQ144830922,Assets/Products,IQ144831039
10/14/2011,80,IQTR141655017,IQ141655012,Assets/Products,IQ725692
9/23/2011,85.5,IQTR141051147,IQ23021328,Private Company,IQ9560221
9/23/2011,85.5,IQTR141051147,IQ23021328,Private Company,IQ23064461
8/22/2011,314.63,IQTR139604464,IQ139604146,Assets/Products,IQ33560
5/23/2011,26.26,IQTR133212031,IQ133211973,Private Company,IQ4222360
10/25/2011,117.38,IQTR142105300,IQ25371771,Private Company,IQ4288900
12/15/2011,715.51,IQTR144651488,IQ384381,Private Company,IQ412700
11/9/2011,230,IQTR144504806,IQ254903,Private Company,IQ254571
12/16/2011,65.17,IQTR144756950,IQ132948623,Private Company,IQ20963
11/7/2011,288.39,IQTR142623404,IQ24720,Private Company,IQ21305
7/29/2011,32.49,IQTR138682003,IQ79113954,Private Company,-
12/28/2011,885.27,IQTR145341474,IQ106057,Private Company,IQ347983
12/20/2011,236.7,IQTR144998419,IQ39335054,Private Company,IQ22399604
12/19/2011,43,IQTR144893431,IQ144890229,Assets/Products,IQ84152175
11/9/2011,78.68,IQTR142687329,IQ142687272,Assets/Products,IQ884200
10/24/2011,2770.69,IQTR142023483,IQ22614982,Private Company,IQ172899
10/13/2011,36.42,IQTR154108124,IQ129414888,Private Company,-
11/17/2011,346.44,IQTR143152770,IQ145491299,Private Company,IQ30589163
9/7/2011,58.83,IQTR140251420,IQ140256663,Private Company,IQ5014851
9/2/2011,975.77,IQTR140016866,IQ1042855,Private Company,IQ59274444
11/23/2011,50.44,IQTR143421690,IQ143421662,Private Company,IQ882321
11/21/2011,8149.21,IQTR143262965,IQ120229,Private Company,IQ29002
10/5/2011,126.67,IQTR141383490,IQ31071651,Private Company,IQ54170691
9/19/2011,487.48,IQTR140629177,IQ139148043,Private Company,IQ145900892
11/21/2011,305.64,IQTR143263661,IQ4363342,Private Company,IQ31232183
2/15/2011,461.76,IQTR127190162,IQ24467061,Public Company,IQ5875325
2/15/2011,192.64,IQTR127190127,IQ61441957,Private Company,IQ5875325
11/21/2011,100.28,IQTR143315424,IQ143315112,Assets/Products,IQ308402
7/19/2011,107.21,IQTR137657343,IQ137657305,Private Company,IQ26782
11/17/2011,225.77,IQTR143111761,IQ7961075,Private Company,IQ4436594
4/27/2011,426.53,IQTR130906137,IQ1004487,Private Company,IQ160138
12/16/2011,29.66,IQTR144756962,IQ144756958,Private Company,IQ61170032
12/6/2011,100,IQTR144182435,IQ1051434,Private Company,-
11/10/2011,112,IQTR142749996,IQ142749965,Assets/Products,IQ12453551
8/29/2011,147.25,IQTR139891166,IQ84654461,Private Company,IQ118957339
4/26/2011,170,IQTR130737522,IQ46051876,Private Company,IQ34793883
7/22/2011,152,IQTR138259402,IQ138259354,Assets/Products,IQ884200
12/12/2011,125.4,IQTR144474500,IQ144474453,Assets/Products,IQ36566522
11/9/2011,95,IQTR143262246,IQ118883289,Private Company,IQ4481003
8/10/2011,38.89,IQTR139154956,IQ139154756,Private Company,IQ9206114
12/9/2011,36.37,IQTR144482502,IQ97992322,Private Company,IQ144485114
11/9/2011,255.97,IQTR142670490,IQ142670446,Assets/Products,IQ290203
12/22/2011,34.5,IQTR145085310,IQ24917175,Private Company,IQ877028
12/22/2011,46.01,IQTR145116540,IQ145116046,Assets/Products,IQ145125059
9/22/2011,65.39,IQTR140831370,IQ250162,Private Company,IQ135374
11/20/2011,520.46,IQTR143261535,IQ30120736,Private Company,IQ345779
9/28/2011,49.6,IQTR141006593,IQ721536,Private Company,IQ880916
12/1/2011,62.43,IQTR143901236,IQ52495466,Private Company,IQ881826
11/8/2011,248.71,IQTR142651924,IQ49253026,Private Company,IQ24792150
12/20/2011,250.44,IQTR144987628,IQ49900414,Private Company,IQ254131
12/16/2011,47.5,IQTR145614647,IQ133200982,Private Company,IQ145614422
11/7/2011,277.24,IQTR142619365,IQ2455173,Private Company,IQ29346
7/11/2011,299.75,IQTR137242432,IQ4333015,Private Company,IQ24791691
4/6/2011,58.56,IQTR129541914,IQ127037,Private Company,IQ30643
5/6/2011,45.15,IQTR131755394,IQ131755355,Assets/Products,IQ32184
9/14/2011,44.94,IQTR140520547,IQ83842861,Private Company,IQ20384612
9/1/2011,335.1,IQTR139996394,IQ139996304,Assets/Products,IQ405201
10/24/2011,296.67,IQTR142019425,IQ24324,Private Company,IQ27236
12/5/2011,50,IQTR144497184,IQ260843004,Private Company,IQ10308325
10/3/2011,1460.895,IQTR141216591,IQ91092,Private Company,IQ20925
10/3/2011,1460.895,IQTR141216591,IQ91092,Private Company,IQ23333
12/5/2011,41.63,IQTR144064660,IQ53462151,Private Company,IQ5684719
11/18/2011,964.39,IQTR143350724,IQ25890089,Private Company,IQ322481
3/4/2011,71.49,IQTR128055052,IQ32646093,Public Company,IQ9647666
8/9/2011,59.795,IQTR139199369,IQ36647854,Private Company,IQ161182
8/9/2011,59.795,IQTR139199369,IQ36647854,Private Company,IQ1536923
12/1/2011,40.85,IQTR143781461,IQ5390649,Private Company,IQ23078477
11/30/2011,31.21,IQTR143780766,IQ143780604,Assets/Products,-
11/22/2011,234.11,IQTR143333083,IQ39181479,Private Company,IQ162270
11/17/2011,29.8,IQTR143095564,IQ49036825,Private Company,IQ23110159
11/17/2011,82,IQTR143113355,IQ143113323,Assets/Products,IQ8101165
11/29/2011,367.43,IQTR145012125,IQ145012051,Assets/Products,IQ687140
11/23/2011,62.23,IQTR143413164,IQ132723040,Private Company,IQ1348220
8/5/2011,38.03,IQTR139015370,IQ139015002,Private Company,IQ59226753
10/17/2011,157.31,IQTR141707264,IQ34119,Private Company,IQ896430
10/6/2011,540.09,IQTR141382540,IQ141382506,Assets/Products,IQ879730
11/21/2011,53.3,IQTR144818746,IQ46006061,Private Company,IQ22885346
5/23/2011,189.9,IQTR133201210,IQ133200982,Private Company,IQ46602545
11/17/2011,38.71,IQTR143154547,IQ6948466,Private Company,IQ6090067
8/24/2011,286.68,IQTR139655285,IQ12912674,Private Company,IQ4222360
10/27/2011,116.15,IQTR142212160,IQ142835854,Private Company,IQ36318
11/14/2011,86.92,IQTR142889337,IQ54924166,Private Company,IQ307106
10/25/2011,183.92,IQTR142197036,IQ869573,Private Company,IQ36416853
9/22/2011,233.73,IQTR140781180,IQ26424942,Private Company,IQ775032
8/25/2011,255.27,IQTR139694231,IQ5508968,Private Company,IQ254571
11/10/2011,195.32,IQTR142752890,IQ142752723,Assets/Products,IQ23697721
7/6/2011,295.04,IQTR137150194,IQ131439,Private Company,IQ1348220
11/23/2011,51.9,IQTR144101014,IQ144100772,Assets/Products,IQ277914
11/7/2011,31.3,IQTR142622080,IQ142622014,Assets/Products,IQ29729
11/7/2011,33.26,IQTR142625064,IQ142625004,Assets/Products,IQ4339892
10/3/2011,512.75,IQTR141209692,IQ6514245,Private Company,IQ46642277
9/8/2011,460.77,IQTR140258580,IQ25977,Private Company,IQ268363
11/4/2011,39.99,IQTR142509568,IQ117965243,Private Company,IQ687518
9/28/2011,242.37,IQTR141005606,IQ2399006,Private Company,IQ5685483
9/14/2011,27.61,IQTR140522477,IQ25116014,Private Company,IQ1216695
7/13/2011,1478.64,IQTR137360960,IQ30550,Private Company,IQ18829
7/13/2011,1478.64,IQTR137360960,IQ30550,Private Company,IQ2334713
7/13/2011,1478.64,IQTR137360960,IQ30550,Private Company,IQ6890397
1/4/2011,68.9,IQTR141380162,IQ4279500,Private Company,IQ141380101
8/24/2011,84.69,IQTR139657632,IQ139657566,Assets/Products,IQ880894
9/16/2011,77.45,IQTR140597124,IQ884150,Public Company,IQ23333
8/4/2011,1210.795,IQTR138916411,IQ48933961,Private Company,IQ671980
8/4/2011,1210.795,IQTR138916411,IQ48933961,Private Company,IQ20925
11/1/2011,91.34,IQTR142478629,IQ142478606,Assets/Products,IQ98737894
11/1/2011,60.29,IQTR142672727,IQ142672715,Assets/Products,IQ25751
9/26/2011,184.89,IQTR140966194,IQ1074145,Private Company,IQ29759121
9/18/2011,50.79,IQTR140678751,IQ28975166,Private Company,IQ4172414
9/13/2011,135.05,IQTR140466215,IQ2776526,Private Company,IQ35511
7/18/2011,125.25,IQTR137639620,IQ137639502,Assets/Products,IQ7797659
11/1/2011,32.15,IQTR142437652,IQ142437463,Assets/Products,IQ142437204
10/31/2011,39.74,IQTR142376054,IQ142375965,Assets/Products,IQ320908
10/31/2011,89.86,IQTR142441203,IQ142441143,Assets/Products,IQ34018745
9/2/2011,31.99,IQTR141272616,IQ141271868,Private Company,IQ20515
9/2/2011,31.99,IQTR141272616,IQ141271868,Private Company,IQ22049
8/10/2011,45.1,IQTR139148155,IQ78911082,Private Company,IQ139148043
1/31/2011,42.26,IQTR138375565,IQ6490492,Private Company,IQ133840736
1/14/2011,254.64,IQTR118424710,IQ7714932,Private Company,IQ253690621
1/7/2011,30.88,IQTR536893318,IQ23279881,Private Company,IQ1348220
10/28/2011,26.07,IQTR142561176,IQ142561051,Assets/Products,IQ104719663
8/30/2011,63.56,IQTR139892149,IQ4074557,Private Company,IQ345779
7/29/2011,125.46,IQTR138554088,IQ131939,Private Company,IQ5499068
8/31/2011,41.66,IQTR139944696,IQ139944689,Private Company,IQ21811775
10/17/2011,108.94,IQTR141720236,IQ6880974,Private Company,IQ31860
10/7/2011,28.35,IQTR141446409,IQ3037222,Private Company,IQ259627
10/14/2011,13.355,IQTR141885264,IQ109003246,Private Company,IQ141884850
10/14/2011,13.355,IQTR141885264,IQ109003246,Private Company,IQ41944570
6/15/2011,1015.51,IQTR134311196,IQ6458544,Private Company,IQ261825
5/2/2011,5054.23,IQTR131268067,IQ26322,Private Company,IQ308047
10/18/2011,36.09,IQTR141813110,IQ51751268,Private Company,IQ127863802
10/13/2011,40.4,IQTR141596573,IQ31271325,Private Company,IQ33405327
8/19/2011,36.14,IQTR139614243,IQ139614003,Assets/Products,IQ24309590
8/1/2011,80.87,IQTR139427761,IQ23826949,Private Company,IQ875364
10/11/2011,38.88,IQTR141872179,IQ141872105,Assets/Products,IQ956243
9/28/2011,51.29,IQTR141006215,IQ721536,Private Company,IQ880916
8/18/2011,69.82,IQTR141646854,IQ141646808,Assets/Products,IQ1862533
9/28/2011,58.76,IQTR141048174,IQ24214128,Private Company,IQ32305
8/17/2011,34.9,IQTR139426112,IQ880556,Private Company,IQ32938
10/5/2011,152.87,IQTR141388010,IQ49408273,Private Company,IQ255743
10/4/2011,34.82,IQTR141272296,IQ141272236,Assets/Products,IQ141271838
6/27/2011,289.52,IQTR136609613,IQ355717,Private Company,IQ375571
10/3/2011,81.72,IQTR141257288,IQ34534698,Public Company,IQ23049465
8/31/2011,93.62,IQTR139937528,IQ139399,Private Company,IQ94614
7/28/2011,134.16,IQTR138531050,IQ127145667,Private Company,IQ26782
6/12/2011,353.05,IQTR134182815,IQ36220050,Private Company,IQ22277393
3/10/2011,94.18,IQTR141266897,IQ141264267,Assets/Products,IQ4172401
3/10/2011,94.18,IQTR141266897,IQ141264267,Assets/Products,IQ5523202
8/2/2011,270.83,IQTR138696342,IQ29836763,Private Company,IQ384522
11/23/2011,30,IQTR205039571,IQ62241491,Private Company,IQ31232183
10/14/2011,35.71,IQTR142210152,IQ22620233,Private Company,IQ281314
7/11/2011,223,IQTR137297462,IQ137296528,Assets/Products,IQ12453551
7/1/2011,366.8,IQTR136879869,IQ131464681,Private Company,IQ29344
6/28/2011,26.46,IQTR136815934,IQ6481309,Private Company,IQ4183107
5/19/2011,9653,IQTR133027670,IQ11777420,Private Company,IQ874540
3/29/2011,41.54,IQTR129535223,IQ4752664,Private Company,IQ4183107
9/30/2011,94.07,IQTR141256040,IQ141251229,Assets/Products,IQ36318
9/28/2011,128.53,IQTR141047403,IQ7960070,Private Company,IQ8515835
9/28/2011,83.73,IQTR141005048,IQ141005019,Private Company,IQ528414
8/22/2011,291.96,IQTR139610926,IQ4614903,Private Company,IQ285827
9/26/2011,110.93,IQTR140904271,IQ53909904,Private Company,IQ308047
9/12/2011,48.77,IQTR140436703,IQ120252,Private Company,IQ30012
6/14/2011,26.95,IQTR134251533,IQ106898940,Private Company,IQ23108699
8/26/2011,48.56,IQTR139822399,IQ8861467,Private Company,-
7/20/2011,33.11,IQTR137717250,IQ29698,Private Company,IQ162270
5/9/2011,673.45,IQTR132103996,IQ61956758,Private Company,IQ24572
6/21/2011,365,IQTR134523229,IQ4492404,Private Company,IQ879839
7/1/2011,89.56,IQTR136941176,IQ51386846,Private Company,IQ687223
9/14/2011,83.5,IQTR140942278,IQ1536056,Private Company,IQ26689151
9/9/2011,29,IQTR140476779,IQ140476701,Assets/Products,IQ7925468
8/1/2011,76.62,IQTR138689123,IQ132923208,Assets/Products,IQ946620
7/21/2011,330.43,IQTR138251462,IQ24931744,Private Company,IQ25798
9/6/2011,139.53,IQTR140138207,IQ140138141,Assets/Products,IQ29726
2/4/2011,538.46,IQTR119130745,IQ26997833,Private Company,IQ35644
9/6/2011,34.57,IQTR140969502,IQ1501795,Private Company,IQ36013
9/1/2011,28.46,IQTR139994864,IQ52389486,Private Company,IQ39347275
8/15/2011,207.53,IQTR139363606,IQ157111,Private Company,IQ34490826
8/11/2011,35.81,IQTR139221625,IQ30967438,Private Company,IQ311760
5/13/2011,38.56,IQTR142252439,IQ30239137,Private Company,IQ4251800
4/7/2011,98.63,IQTR129624020,IQ3132974,Private Company,IQ387568
9/13/2011,25.2,IQTR140508156,IQ34978615,Private Company,IQ27943974
9/7/2011,29.11,IQTR140256617,IQ140256555,Assets/Products,IQ6859700
9/1/2011,270.66,IQTR242116861,IQ4239588,Private Company,IQ36146
7/21/2011,25.04,IQTR138243181,IQ41949108,Private Company,IQ108253
7/19/2011,190,IQTR137647213,IQ419293,Private Company,IQ36197
7/7/2011,66.9,IQTR137100294,IQ29156587,Private Company,IQ31348
7/7/2011,314.98,IQTR137137452,IQ183551,Private Company,IQ31348
6/27/2011,70,IQTR136607728,IQ7642677,Private Company,IQ185801
6/23/2011,34.28,IQTR134676661,IQ134676609,Assets/Products,IQ25605
6/22/2011,1350.16,IQTR134601702,IQ5751432,Private Company,IQ27504
6/14/2011,27.64,IQTR134276438,IQ134275141,Assets/Products,IQ24324
4/14/2011,178.15,IQTR129879766,IQ11147403,Private Company,IQ83524476
3/8/2011,179.2,IQTR128164158,IQ128164115,Assets/Products,IQ405201
7/20/2011,176.06,IQTR138178140,IQ11885741,Private Company,IQ143614
8/24/2011,90.29,IQTR139657521,IQ6857572,Private Company,IQ81865049
5/19/2011,2463,IQTR133045278,IQ6163392,Private Company,IQ97023
8/22/2011,20.6666666666667,IQTR139620892,IQ139620847,Assets/Products,IQ139620871
8/22/2011,20.6666666666667,IQTR139620892,IQ139620847,Assets/Products,IQ140511317
8/22/2011,20.6666666666667,IQTR139620892,IQ139620847,Assets/Products,IQ46604058
5/24/2011,323.86,IQTR133271905,IQ6767793,Private Company,IQ345779
7/11/2011,94.56,IQTR137301013,IQ13008284,Private Company,IQ230297
7/5/2011,1345.31,IQTR137011585,IQ279306,Private Company,IQ23307
5/18/2011,42.12,IQTR136669099,IQ4272296,Private Company,IQ952608
8/1/2011,46.8,IQTR138621833,IQ23826949,Private Company,IQ875364
7/25/2011,36.99,IQTR138356419,IQ29983575,Private Company,IQ540470
7/27/2011,203.46,IQTR138455487,IQ419296,Private Company,IQ103678
6/29/2011,40.6,IQTR136750095,IQ48768779,Private Company,IQ2377861
7/8/2011,99.8,IQTR137163375,IQ28046416,Private Company,IQ4240088
4/3/2011,282.92,IQTR129399700,IQ6186282,Private Company,IQ33471
8/9/2011,27.12,IQTR139141143,IQ5690306,Private Company,IQ140115331
6/17/2011,41.88,IQTR134410708,IQ134464550,Assets/Products,IQ22074480
7/21/2011,137.74,IQTR138199582,IQ31044307,Private Company,IQ110741
6/6/2011,26.7,IQTR133851821,IQ360402,Private Company,IQ31390
8/3/2011,104.9,IQTR138888879,IQ29688795,Private Company,IQ308356
8/17/2011,45.37,IQTR139447434,IQ139447200,Assets/Products,IQ6859700
8/17/2011,45.37,IQTR139447434,IQ139447200,Assets/Products,IQ24309590
8/2/2011,77.24,IQTR138693799,IQ49439529,Private Company,IQ288426
6/20/2011,31.07,IQTR136796732,IQ136796701,Assets/Products,IQ36018
7/11/2011,69.5,IQTR137315384,IQ137315194,Assets/Products,IQ106530929
7/5/2011,103.75,IQTR136994835,IQ46447160,Private Company,IQ49276069
6/2/2011,147.25,IQTR133762406,IQ133888998,Private Company,IQ24494
5/20/2011,51.71,IQTR142438815,IQ142438776,Assets/Products,IQ277914
5/9/2011,51.13,IQTR132127797,IQ6477473,Private Company,-
4/7/2011,85.39,IQTR129575437,IQ22803706,Private Company,IQ875882
4/4/2011,1671.64,IQTR129416760,IQ23049685,Private Company,IQ21401
3/22/2011,101,IQTR128799555,IQ128799516,Assets/Products,IQ596117
8/4/2011,28.67,IQTR138944573,IQ138944462,Assets/Products,IQ96944
5/9/2011,83.34,IQTR132127947,IQ1241562,Private Company,IQ2524909
3/29/2011,36.23,IQTR129212949,IQ129212910,Private Company,IQ26389174
3/22/2011,97.52,IQTR128801536,IQ128801514,Assets/Products,IQ106485352
4/27/2011,40,IQTR130830082,IQ66373596,Private Company,IQ4481003
7/26/2011,61.77,IQTR138394504,IQ9817151,Public Company,IQ10038076
7/26/2011,38,IQTR138415107,IQ138415056,Assets/Products,IQ24601266
7/4/2011,31.98,IQTR136944725,IQ206671969,Private Company,IQ24316976
6/22/2011,62.37,IQTR134604902,IQ9844842,Private Company,IQ4663738
1/20/2011,402.27,IQTR118489897,IQ6773642,Private Company,IQ319092
7/25/2011,63.87,IQTR138357248,IQ24336698,Private Company,IQ336648
7/19/2011,193.97,IQTR137656092,IQ108717393,Private Company,IQ249205
5/19/2011,183,IQTR133101543,IQ559096,Private Company,IQ771431
7/21/2011,13.21,IQTR138407293,IQ138407126,Assets/Products,IQ23144198
7/21/2011,13.21,IQTR138407293,IQ138407126,Assets/Products,IQ28137250
7/19/2011,300,IQTR137647442,IQ4096332,Private Company,IQ106667
7/19/2011,42.5,IQTR137693363,IQ7489810,Private Company,IQ771431
4/1/2011,305.79,IQTR129362766,IQ4509196,Private Company,IQ83672629
7/18/2011,90.43,IQTR137570183,IQ30662140,Private Company,IQ118222518
6/28/2011,128.82,IQTR136677042,IQ125086,Private Company,IQ8122148
5/23/2011,148.98,IQTR133508244,IQ133508231,Assets/Products,IQ32503705
5/17/2011,423.87,IQTR132925540,IQ556909,Private Company,IQ403719
5/16/2011,769.38,IQTR132851126,IQ22710080,Private Company,IQ308047
7/14/2011,50,IQTR137431004,IQ137430963,Private Company,IQ397809
6/15/2011,41.94,IQTR134286371,IQ171613,Private Company,IQ33471
4/28/2011,365.523333333333,IQTR130937026,IQ11314442,Private Company,IQ5547685
4/28/2011,365.523333333333,IQTR130937026,IQ11314442,Private Company,IQ22512232
4/28/2011,365.523333333333,IQTR130937026,IQ11314442,Private Company,IQ5477488
5/4/2011,246.8,IQTR131572884,IQ30511,Private Company,IQ3615509
7/10/2011,35.16,IQTR137239155,IQ36340450,Private Company,IQ113073
1/20/2011,29.1,IQTR118619910,IQ11791622,Public Company,IQ118619887
3/14/2011,220.12,IQTR128414903,IQ23316987,Private Company,IQ4438678
7/6/2011,21.635,IQTR137092201,IQ137091851,Assets/Products,IQ50847933
7/6/2011,21.635,IQTR137092201,IQ137091851,Assets/Products,IQ34018745
7/6/2011,976.99,IQTR137306424,IQ4667093,Private Company,-
6/6/2011,110.85,IQTR133853829,IQ7885539,Private Company,IQ94614
7/5/2011,41.5,IQTR137077881,IQ137077529,Private Company,IQ137077580
8/19/2011,37.39,IQTR139606500,IQ34538935,Private Company,IQ20356815
7/6/2011,74.6,IQTR171044850,IQ128104746,Private Company,IQ4493491
7/1/2011,41.34,IQTR136989296,IQ25302942,Private Company,IQ93309
6/22/2011,83.07,IQTR134721610,IQ138938389,Private Company,IQ116235057
6/20/2011,52.37,IQTR134529144,IQ46617790,Private Company,IQ54170691
4/25/2011,132.65,IQTR130703546,IQ130703344,Private Company,IQ91829
1/28/2011,522.93,IQTR118895325,IQ141040,Private Company,IQ23333
1/4/2011,485,IQTR117800066,IQ117800022,Assets/Products,IQ384522
3/28/2011,507.13,IQTR129087487,IQ333701,Private Company,IQ20117
3/4/2011,71.58,IQTR128038432,IQ23014767,Private Company,IQ4224685
4/13/2011,42.81,IQTR129861268,IQ10324831,Private Company,IQ23893
2/7/2011,5452.66,IQTR126761720,IQ254725,Private Company,IQ265621
5/17/2011,521.36,IQTR132946948,IQ24948521,Private Company,IQ26289168
4/28/2011,404.79,IQTR130929082,IQ30144647,Private Company,IQ655542
6/8/2011,182.08,IQTR133995448,IQ29000453,Private Company,IQ20795
5/16/2011,232.75,IQTR132863510,IQ32542,Private Company,IQ94614
6/23/2011,37.45,IQTR134721747,IQ9794217,Private Company,IQ1040378
5/4/2011,119.55,IQTR131465170,IQ81835585,Private Company,IQ20373998
6/20/2011,44.5,IQTR134541128,IQ134540432,Assets/Products,IQ878953
6/13/2011,41.32,IQTR134237361,IQ134237106,Private Company,IQ1027055
4/11/2011,1954.54,IQTR129698777,IQ24753,Private Company,IQ28071
6/16/2011,70.66,IQTR134406546,IQ81592402,Private Company,IQ85218518
4/11/2011,81.25,IQTR129698773,IQ710725,Private Company,IQ2480879
4/27/2011,169.05,IQTR130908361,IQ379011,Private Company,IQ6440606
3/29/2011,111.98,IQTR129148065,IQ881249,Private Company,IQ26322
6/13/2011,28.03,IQTR134195745,IQ27363339,Private Company,IQ268363
6/13/2011,1060.87,IQTR134253503,IQ134253457,Assets/Products,IQ134445414
6/1/2011,64.19,IQTR133709407,IQ5559235,Public Company,IQ32680604
3/9/2011,377.55,IQTR128185711,IQ679219,Private Company,IQ93831
3/14/2011,177.67,IQTR128411554,IQ36442,Private Company,IQ5412952
3/7/2011,198.95,IQTR128058562,IQ35622,Private Company,IQ739115
5/6/2011,242.9,IQTR131764295,IQ51230198,Private Company,IQ6090067
4/28/2011,40,IQTR130997039,IQ41011922,Private Company,-
4/21/2011,53.35,IQTR130640576,IQ6462627,Private Company,IQ876110
6/7/2011,71.58,IQTR136596884,IQ136596797,Assets/Products,IQ1439008
4/18/2011,88.77,IQTR130223480,IQ20425360,Private Company,IQ347535
5/10/2011,144.49,IQTR132259647,IQ6801358,Private Company,IQ22751
3/3/2011,179.14,IQTR127890608,IQ321492,Private Company,IQ6115749
4/19/2011,297.76,IQTR130346461,IQ26338441,Private Company,IQ24309590
6/2/2011,27.76,IQTR133706307,IQ133706076,Assets/Products,IQ6513916
6/2/2011,43.3,IQTR133767304,IQ26631868,Private Company,IQ618908
6/1/2011,207.53,IQTR133674351,IQ133674309,Private Company,IQ108544
6/1/2011,25.2,IQTR133903594,IQ49227874,Public Company,IQ8141177
2/8/2011,942.01,IQTR126851070,IQ125228,Private Company,IQ311760
5/31/2011,29.73,IQTR133547597,IQ127534200,Private Company,IQ879402
5/4/2011,282.56,IQTR138910360,IQ138910307,Assets/Products,IQ249205
4/27/2011,54.6,IQTR130910417,IQ30240673,Private Company,IQ31822
2/3/2011,28.76,IQTR126751938,IQ126751824,Private Company,IQ22988815
5/26/2011,107.69,IQTR133391525,IQ4779192,Private Company,IQ2230886
5/26/2011,107.69,IQTR133391525,IQ4779192,Private Company,IQ40985138
5/25/2011,440,IQTR133329144,IQ51437692,Private Company,IQ36478
2/14/2011,2415.91,IQTR127095204,IQ22408376,Private Company,IQ19707
5/24/2011,62.84,IQTR133272740,IQ11901394,Private Company,IQ30012
5/12/2011,29.16,IQTR132699087,IQ43244486,Private Company,IQ259627
4/8/2011,69.27,IQTR129476159,IQ9616270,Private Company,IQ879440
2/14/2011,58.71,IQTR128225635,IQ882552,Private Company,IQ9616109
4/4/2011,36,IQTR129413655,IQ97999325,Private Company,IQ10394207
3/15/2011,29.26,IQTR128472072,IQ33494,Private Company,IQ128471980
3/17/2011,54.15,IQTR128603725,IQ66337867,Private Company,IQ107528654
5/16/2011,189.82,IQTR132914912,IQ132914548,Assets/Products,IQ99715906
4/18/2011,238.14,IQTR130225394,IQ22190771,Private Company,IQ254571
4/18/2011,25.78,IQTR130225739,IQ36826,Private Company,IQ693629
4/14/2011,125.91,IQTR129886638,IQ24390580,Private Company,IQ11147129
4/5/2011,316.52,IQTR129482729,IQ29984,Private Company,IQ288502
4/7/2011,293.85,IQTR129579747,IQ129579689,Assets/Products,IQ8101165
3/18/2011,463.98,IQTR128684753,IQ401184,Private Company,IQ361335
3/3/2011,95.07,IQTR127882260,IQ106262,Private Company,IQ288195
2/25/2011,62.72,IQTR127668721,IQ25049140,Private Company,IQ4262436
5/20/2011,57.49,IQTR133387936,IQ133387877,Assets/Products,IQ291225
1/21/2011,159.6,IQTR118539392,IQ32258,Private Company,IQ35623987
5/3/2011,27.58,IQTR131458743,IQ131458568,Private Company,IQ48933961
4/20/2011,26.75,IQTR130421839,IQ32856938,Private Company,IQ29344
3/31/2011,44.21,IQTR129345025,IQ129344771,Private Company,IQ106530929
2/10/2011,110.09,IQTR126981783,IQ6562302,Private Company,IQ26782
4/4/2011,140.25,IQTR129459396,IQ129418283,Private Company,IQ39804184
3/24/2011,160.31,IQTR128936594,IQ3375152,Private Company,IQ268363
3/21/2011,369.36,IQTR128779155,IQ37559974,Private Company,IQ26322
5/11/2011,48.94,IQTR132388729,IQ6948724,Private Company,IQ1601712
4/29/2011,151,IQTR145585422,IQ1004602,Private Company,IQ91868
3/29/2011,133.2,IQTR129194423,IQ213460,Private Company,IQ24568
3/15/2011,85,IQTR128468198,IQ128468173,Assets/Products,IQ5631734
4/28/2011,38.1,IQTR130998384,IQ40129631,Private Company,IQ40130470
4/27/2011,55.88,IQTR130909352,IQ123616,Private Company,IQ1027055
4/5/2011,68.97,IQTR129482704,IQ129482675,Assets/Products,IQ4372185
2/21/2011,364.82,IQTR127385875,IQ665924,Private Company,IQ685515
2/21/2011,204.91,IQTR127391753,IQ39947073,Private Company,IQ23734948
4/19/2011,27.95,IQTR130376254,IQ99095956,Private Company,IQ24937657
4/19/2011,91.75,IQTR130287296,IQ40273684,Private Company,IQ316977
3/7/2011,1876.74,IQTR128050785,IQ4524515,Private Company,IQ875522
3/31/2011,27.94,IQTR129301382,IQ33780649,Private Company,IQ31100507
4/12/2011,63.04,IQTR129793457,IQ59451636,Private Company,IQ38887667
2/22/2011,850.05,IQTR127450574,IQ261426,Private Company,IQ273276
2/16/2011,104.46,IQTR127292118,IQ127292098,Assets/Products,IQ277914
2/14/2011,27.47,IQTR127091978,IQ25216922,Private Company,IQ1988889
4/8/2011,65.81,IQTR129642290,IQ319205,Private Company,IQ277966
4/8/2011,148.94,IQTR129644606,IQ129644586,Private Company,IQ24816
4/7/2011,38.48,IQTR129585008,IQ13699049,Private Company,IQ8746747
3/15/2011,184.23,IQTR128471497,IQ28706385,Private Company,IQ28062
1/4/2011,28.765,IQTR117810271,IQ39636588,Private Company,IQ27407502
1/4/2011,28.765,IQTR117810271,IQ39636588,Private Company,IQ4222834
2/28/2011,677.36,IQTR127756168,IQ927158,Private Company,IQ23697721
2/24/2011,536.69,IQTR127532058,IQ1495597,Private Company,IQ361335
2/22/2011,111.63,IQTR127452039,IQ6256812,Private Company,IQ177934
1/28/2011,69.095,IQTR118906990,IQ5663800,Private Company,IQ116457289
1/28/2011,69.095,IQTR118906990,IQ5663800,Private Company,IQ20356815
3/10/2011,129.07,IQTR129418961,IQ36804,Private Company,IQ26259736
2/25/2011,45.08,IQTR127600557,IQ6812355,Private Company,IQ971882
2/22/2011,438.93,IQTR127452614,IQ33012279,Private Company,IQ22613423
2/3/2011,95.31,IQTR119090190,IQ119089768,Assets/Products,IQ115542
1/10/2011,900,IQTR118477885,IQ20334605,Private Company,IQ19947
2/7/2011,47.37,IQTR126762930,IQ5017754,Private Company,IQ36042
2/15/2011,658.64,IQTR127177686,IQ127177530,Assets/Products,IQ277914
2/23/2011,490.15,IQTR127494335,IQ34781,Public Company,IQ20801
3/18/2011,45.89,IQTR128788206,IQ3018621,Private Company,IQ520026
3/18/2011,32.06,IQTR128685759,IQ20347113,Private Company,IQ770165
3/18/2011,82.34,IQTR128685877,IQ11777422,Public Company,IQ8087546
3/18/2011,57.42,IQTR128773948,IQ11669714,Private Company,IQ311227
2/7/2011,153.47,IQTR126824514,IQ30537261,Private Company,IQ103678
3/11/2011,30.78,IQTR128393931,IQ40128258,Private Company,IQ411220
2/1/2011,380,IQTR118960207,IQ22408502,Private Company,IQ127291914
3/7/2011,37.18,IQTR128116185,IQ128115667,Assets/Products,IQ326651
3/9/2011,77.33,IQTR128176890,IQ105307935,Private Company,IQ874804
3/4/2011,25.78,IQTR145829117,IQ20352732,Public Company,IQ139148043
1/24/2011,328.8,IQTR118618200,IQ115668,Private Company,IQ26956154
1/24/2011,731.45,IQTR118642846,IQ721510,Private Company,IQ24816
1/18/2011,326.35,IQTR118368193,IQ33304,Private Company,IQ126824275
1/19/2011,277.93,IQTR118431220,IQ2503253,Private Company,IQ317627
3/1/2011,66.34,IQTR127861307,IQ127861043,Private Company,IQ116234184
1/11/2011,165.21,IQTR118150097,IQ118150076,Private Company,IQ113049294
2/25/2011,38.54,IQTR127763094,IQ5502969,Private Company,IQ355905
2/22/2011,51.94,IQTR127468904,IQ2877848,Private Company,IQ528414
2/16/2011,63.52,IQTR127194454,IQ8087546,Public Company,IQ879440
2/15/2011,25.92,IQTR127170804,IQ23553643,Private Company,IQ317627
2/14/2011,40.2,IQTR127126343,IQ9012150,Private Company,IQ950403
1/21/2011,294.58,IQTR118613667,IQ8340072,Private Company,IQ403719
1/27/2011,37.4,IQTR118906832,IQ118906783,Private Company,IQ51274129
1/27/2011,37.4,IQTR118906832,IQ118906783,Private Company,IQ118957339
2/10/2011,33.06,IQTR130701225,IQ130701194,Assets/Products,IQ347983
1/25/2011,60.97,IQTR118657363,IQ25501014,Private Company,IQ4703849
1/10/2011,92.02,IQTR118101484,IQ30996060,Private Company,IQ516482
2/15/2011,20.7,IQTR127295518,IQ127294728,Assets/Products,IQ1085252
2/15/2011,20.7,IQTR127295518,IQ127294728,Assets/Products,IQ277914
1/31/2011,348.92,IQTR118907159,IQ23873284,Private Company,IQ347983
1/26/2011,98.16,IQTR118759928,IQ428931,Private Company,IQ30820
1/3/2011,9.96333333333333,IQTR117797257,IQ117797234,Public Company,IQ114443881
1/3/2011,9.96333333333333,IQTR117797257,IQ117797234,Public Company,IQ23626811
1/3/2011,9.96333333333333,IQTR117797257,IQ117797234,Public Company,IQ54693654
1/21/2011,58.91,IQTR118599497,IQ118599415,Assets/Products,IQ20405404
1/20/2011,31.29,IQTR118527739,IQ7844622,Private Company,IQ100937
1/18/2011,33.13,IQTR127779493,IQ127779486,Private Company,IQ127779465
1/16/2011,40.01,IQTR118360759,IQ7885422,Private Company,IQ20345025
1/14/2011,32.81,IQTR118302603,IQ118302550,Private Company,IQ397809
1/13/2011,74.88,IQTR118308429,IQ118308407,Assets/Products,IQ291225
1/11/2011,61.36,IQTR118145592,IQ38687711,Private Company,IQ29753
1/10/2011,42.51,IQTR118090706,IQ33051902,Private Company,IQ307430
1/7/2011,271.57,IQTR117979874,IQ34481511,Private Company,IQ108544
1/5/2011,45.59,IQTR117917328,IQ24347057,Private Company,IQ317627
2/15/2011,49.13,IQTR131477691,IQ131477676,Assets/Products,IQ277966
1/5/2011,34.8,IQTR117861031,IQ6814913,Private Company,IQ6464963
1/1/2011,13.645,IQTR127928881,IQ6867872,Private Company,IQ1530337
1/1/2011,13.645,IQTR127928881,IQ6867872,Private Company,IQ28689972
2/16/2011,446.64,IQTR127297305,IQ127297193,Assets/Products,IQ277914
2/16/2011,52.42,IQTR128408045,IQ128407856,Assets/Products,IQ277914
1/4/2011,84.33,IQTR117810462,IQ13698341,Private Company,IQ106776152
1/3/2011,37.36,IQTR117752042,IQ117752028,Private Company,IQ33384931
1/26/2011,105.12,IQTR118754797,IQ51767631,Private Company,IQ36019183
1/8/2011,200,IQTR127572727,IQ127572680,Assets/Products,IQ20334605
