9/20/2006,78.7,IQTR29246689,IQ4245296,Private Company,IQ1039259
8/22/2006,32.5,IQTR28940866,IQ28940610,Private Company,IQ28940803
8/22/2006,32.5,IQTR28940866,IQ28940610,Private Company,IQ28940684
9/15/2006,57.62,IQTR29158691,IQ4893691,Private Company,IQ24425069
9/7/2006,231.19,IQTR29001610,IQ29001576,Assets/Products,IQ385872
9/21/2006,1579,IQTR29197877,IQ24703860,Private Company,IQ9681063
8/8/2006,27.25,IQTR28622531,IQ28622517,Assets/Products,IQ311760
7/20/2006,64.09,IQTR28245758,IQ4730866,Private Company,IQ105594
9/12/2006,115.09,IQTR29036889,IQ33498,Private Company,IQ35475
9/21/2006,7112.9,IQTR29203436,IQ610365,Private Company,IQ596117
9/15/2006,31.93,IQTR29159689,IQ4907277,Private Company,IQ21820867
9/12/2006,188.93,IQTR29247022,IQ4206463,Private Company,IQ4165626
9/21/2006,4215,IQTR29229162,IQ4993799,Private Company,IQ114070
8/3/2006,31.62,IQTR28497687,IQ4644490,Private Company,IQ31232183
9/29/2006,70.92,IQTR29815722,IQ4058333,Private Company,IQ926926
9/25/2006,3984.59,IQTR29666511,IQ882300,Private Company,IQ874491
9/8/2006,1488.43,IQTR29251700,IQ882334,Private Company,IQ19947
8/14/2006,272.76,IQTR28982044,IQ25281,Private Company,IQ103678
9/1/2006,622.95,IQTR28818185,IQ8728880,Private Company,IQ53342471
8/29/2006,159.06,IQTR59605960,IQ8728880,Private Company,IQ290203
7/17/2006,64.52,IQTR28043485,IQ184666,Private Company,IQ881503
8/14/2006,58.99,IQTR28646283,IQ344945,Private Company,IQ904817
7/28/2006,45,IQTR28446283,IQ8910163,Private Company,IQ687223
9/13/2006,50.74,IQTR29053638,IQ419148,Private Company,IQ27321
9/1/2006,1303.25,IQTR28908638,IQ423967,Private Company,IQ12455020
9/1/2006,1303.25,IQTR28908638,IQ423967,Private Company,IQ22111
7/25/2006,8964.01333333333,IQTR28287610,IQ261825,Public Company,IQ30589163
7/25/2006,8964.01333333333,IQTR28287610,IQ261825,Public Company,IQ21401
7/25/2006,8964.01333333333,IQTR28287610,IQ261825,Public Company,IQ503993
9/26/2006,945.48,IQTR50274847,IQ48933961,Private Company,IQ20619
7/7/2006,198.06,IQTR27920984,IQ371974,Private Company,IQ373691
7/17/2006,67,IQTR28046429,IQ28046416,Private Company,IQ739769
8/31/2006,146,IQTR29229741,IQ28873794,Private Company,IQ423967
8/30/2006,453.18,IQTR28875756,IQ24889,Private Company,IQ346012
8/25/2006,27.56,IQTR28829967,IQ28829959,Assets/Products,IQ4277432
8/1/2006,82,IQTR62107107,IQ62107087,Private Company,IQ10907238
9/8/2006,161.75,IQTR29001954,IQ29001852,Assets/Products,IQ3023685
9/29/2006,299.44,IQTR29349575,IQ12787404,Private Company,IQ12578531
9/8/2006,28.89,IQTR28980608,IQ413961,Private Company,IQ3727262
8/23/2006,96.27,IQTR28774186,IQ558977,Private Company,IQ1326184
9/25/2006,25.88,IQTR29268193,IQ29268147,Private Company,IQ4481003
9/11/2006,63.26,IQTR29003242,IQ6699758,Private Company,IQ287093
8/22/2006,28.35,IQTR59695286,IQ59695228,Private Company,IQ4481200
8/13/2006,31.74,IQTR28644188,IQ25182835,Private Company,IQ290650
9/11/2006,200.79,IQTR29034081,IQ1052147,Private Company,IQ874567
9/11/2006,133.86,IQTR29034440,IQ5914482,Private Company,IQ412700
9/6/2006,107.87,IQTR28959699,IQ211176,Private Company,IQ27745
8/4/2006,36.97,IQTR28687071,IQ28686996,Assets/Products,IQ25454524
9/25/2006,28.23,IQTR29269786,IQ8081376,Assets/Products,IQ10969688
7/14/2006,134.2,IQTR27959087,IQ27959008,Assets/Products,IQ294382
9/29/2006,57.13,IQTR40131794,IQ4644490,Private Company,IQ31232183
8/14/2006,49.43,IQTR28678919,IQ28678905,Assets/Products,IQ267538
9/27/2006,36.3,IQTR29327667,IQ137352,Private Company,IQ20705
8/30/2006,51,IQTR28873139,IQ519701,Private Company,IQ31320
9/22/2006,409.86,IQTR30272764,IQ160077,Public Company,-
8/4/2006,258.11,IQTR28560326,IQ10288854,Private Company,IQ32538
8/2/2006,82,IQTR28486965,IQ23678112,Private Company,IQ10907238
7/13/2006,133.91,IQTR27996135,IQ2989511,Private Company,IQ93625
8/8/2006,439.91,IQTR28604113,IQ26424942,Private Company,IQ25534
8/2/2006,53.11,IQTR28508817,IQ2454646,Private Company,IQ34922
8/28/2006,135.03,IQTR28820902,IQ1746366,Private Company,IQ28684
7/25/2006,32.6,IQTR28225672,IQ31342,Private Company,IQ22321782
9/7/2006,33.7,IQTR28977666,IQ1025499,Private Company,IQ361335
7/14/2006,30.24,IQTR28072351,IQ1026139,Private Company,IQ25598
8/21/2006,34,IQTR28717917,IQ28717906,Private Company,IQ423967
7/27/2006,95.79,IQTR28386737,IQ968636,Private Company,IQ23278711
7/11/2006,37.67,IQTR27973109,IQ4218878,Private Company,IQ6313095
8/31/2006,2081.15,IQTR28895102,IQ126601,Private Company,IQ30321506
7/19/2006,196.73,IQTR28073686,IQ534455,Private Company,IQ310953
7/14/2006,52.44,IQTR28041841,IQ28041717,Assets/Products,IQ13544210
7/13/2006,31.51,IQTR28016488,IQ6489209,Private Company,IQ24175123
8/2/2006,27.34,IQTR28487474,IQ28487449,Private Company,IQ382151
7/21/2006,64.89,IQTR28723836,IQ28723542,Assets/Products,IQ261614
8/17/2006,44,IQTR29206804,IQ29206790,Private Company,IQ4542231
8/14/2006,69.99,IQTR28677401,IQ135020,Public Company,IQ723344
8/11/2006,29.71,IQTR28641927,IQ28641871,Private Company,IQ28641922
7/28/2006,275,IQTR28446712,IQ28446307,Private Company,IQ106611
7/20/2006,288.79,IQTR28153904,IQ906933,Private Company,IQ29002
7/14/2006,485,IQTR28042049,IQ21813843,Private Company,IQ884200
7/12/2006,39.26,IQTR27976637,IQ33262,Private Company,IQ135311
8/4/2006,137.67,IQTR28559465,IQ3148826,Private Company,IQ19709
7/4/2006,375,IQTR27890763,IQ4779192,Private Company,IQ99861
7/4/2006,375,IQTR27890763,IQ4779192,Private Company,IQ19115
8/1/2006,114.25,IQTR29666570,IQ29666559,Private Company,IQ6151980
7/7/2006,31.3,IQTR27849313,IQ4926319,Private Company,IQ30012
7/27/2006,38.44,IQTR28403699,IQ13652616,Private Company,IQ268363
8/31/2006,75,IQTR27795468,IQ1001594,Private Company,IQ955315
7/12/2006,243.41,IQTR27989049,IQ35087,Private Company,IQ12190335
7/12/2006,243.41,IQTR27989049,IQ35087,Private Company,IQ923357
7/11/2006,57.29,IQTR27958576,IQ144207,Private Company,IQ97461
7/11/2006,78.48,IQTR28046281,IQ7222818,Private Company,IQ27504
7/10/2006,27.85,IQTR27960155,IQ1531064,Private Company,IQ424383
7/10/2006,28.96,IQTR27943519,IQ34106,Private Company,IQ20406707
8/6/2006,28.99,IQTR109367419,IQ7703136,Private Company,IQ24758
7/6/2006,367.61,IQTR27908042,IQ1670857,Private Company,IQ26876023
7/6/2006,57,IQTR27919733,IQ31453,Private Company,IQ6462903
7/5/2006,27.26,IQTR27884005,IQ27883955,Private Company,IQ879382
7/5/2006,50,IQTR27918576,IQ24562611,Private Company,IQ27918503
7/4/2006,33.695,IQTR27905385,IQ1343100,Private Company,IQ986787
7/4/2006,33.695,IQTR27905385,IQ1343100,Private Company,IQ24527793
7/1/2006,70,IQTR28236310,IQ1051434,Private Company,IQ7910779
7/10/2006,117.42,IQTR27955286,IQ25751,Private Company,IQ20117
7/6/2006,20.6566666666667,IQTR27848159,IQ1889807,Public Company,IQ79743107
7/6/2006,20.6566666666667,IQTR27848159,IQ1889807,Public Company,IQ27848142
7/6/2006,20.6566666666667,IQTR27848159,IQ1889807,Public Company,IQ27848135
