5/14/2015,267.13,IQTR301404148,IQ301404085,Private Company,IQ83200590
6/25/2015,93.75,IQTR556892576,IQ4284541,Private Company,IQ3176566
5/5/2015,40.28,IQTR296120376,IQ23108635,Private Company,IQ3176566
6/15/2015,213.47,IQTR304041106,IQ304040843,Assets/Products,IQ7658699
6/4/2015,2579.29,IQTR303087868,IQ28958752,Private Company,-
6/3/2015,36.37,IQTR335685387,IQ268438365,Assets/Products,IQ30667710
6/8/2015,171.34,IQTR303331097,IQ3182421,Public Company,IQ126025
4/27/2015,482.17,IQTR292634542,IQ1432337,Public Company,IQ257265620
4/29/2015,157.34,IQTR302803976,IQ302799527,Private Company,IQ100770699
6/26/2015,134.28,IQTR307985843,IQ307985517,Private Company,IQ36806273
6/26/2015,69.31,IQTR307986721,IQ307986619,Private Company,IQ36806273
6/10/2015,1022,IQTR303565657,IQ303565574,Private Company,IQ303565381
6/4/2015,833.92,IQTR303322747,IQ303322650,Assets/Products,IQ36235
6/2/2015,470,IQTR302941786,IQ107488403,Private Company,IQ19115
4/27/2015,283.75,IQTR292595716,IQ100253928,Private Company,IQ61636574
5/14/2015,167.66,IQTR301248253,IQ301248113,Private Company,IQ54303832
4/30/2015,510.801666666667,IQTR295232475,IQ8285067,Private Company,IQ249955240
4/30/2015,510.801666666667,IQTR295232475,IQ8285067,Private Company,IQ128909442
4/30/2015,510.801666666667,IQTR295232475,IQ8285067,Private Company,IQ316160911
4/30/2015,510.801666666667,IQTR295232475,IQ8285067,Private Company,IQ39335212
4/30/2015,510.801666666667,IQTR295232475,IQ8285067,Private Company,IQ33018
4/30/2015,510.801666666667,IQTR295232475,IQ8285067,Private Company,IQ241854293
4/15/2015,324.07,IQTR291474991,IQ291474124,Private Company,IQ114337813
6/4/2015,27.2,IQTR303037444,IQ8793501,Private Company,IQ278298574
4/19/2015,518.38,IQTR291925309,IQ105839824,Private Company,IQ5531267
6/24/2015,62.26,IQTR304865208,IQ118149823,Private Company,IQ328242229
6/5/2015,86.96,IQTR303722207,IQ109538251,Private Company,IQ73586756
5/5/2015,175.35,IQTR300954770,IQ300954170,Private Company,IQ51657460
6/25/2015,80.18,IQTR306859655,IQ28445986,Private Company,IQ308415852
6/25/2015,80.18,IQTR306859655,IQ28445986,Private Company,IQ308415846
6/5/2015,140.45,IQTR303718568,IQ303195651,Private Company,IQ73586756
4/28/2015,990.91,IQTR295331581,IQ114665026,Private Company,IQ22596150
6/18/2015,263.11,IQTR304352803,IQ216699132,Private Company,IQ160235505
6/18/2015,263.11,IQTR304352803,IQ216699132,Private Company,IQ277914
4/27/2015,445.21,IQTR292566690,IQ127386611,Private Company,IQ258769
6/22/2015,220,IQTR304600597,IQ5391467,Private Company,IQ883811
6/18/2015,494.52,IQTR304347949,IQ342988,Private Company,IQ271094470
6/25/2015,1700,IQTR305031136,IQ45983985,Private Company,IQ19685
6/17/2015,2033.7,IQTR304242415,IQ23928419,Private Company,IQ36478
6/14/2015,33.08,IQTR306613752,IQ306613606,Assets/Products,IQ306365771
6/11/2015,956.83,IQTR303739254,IQ33198177,Private Company,IQ29374
5/11/2015,118.8,IQTR300897450,IQ300897315,Assets/Products,IQ225587289
6/22/2015,113.88,IQTR304608469,IQ304608384,Assets/Products,IQ271272078
5/7/2015,270,IQTR297434046,IQ297431441,Assets/Products,IQ879592
6/22/2015,77.42,IQTR304677033,IQ1909583,Private Company,IQ304676989
6/8/2015,25.67,IQTR303398748,IQ65051817,Public Company,IQ46839975
4/23/2015,215.15,IQTR292248720,IQ146192970,Private Company,IQ49616978
5/18/2015,9149.59,IQTR301521257,IQ288393565,Private Company,IQ28071
6/3/2015,29.16,IQTR303425557,IQ51946118,Private Company,IQ38707704
6/8/2015,40.15,IQTR303307079,IQ247880288,Private Company,IQ318412
6/17/2015,1823.69,IQTR304242804,IQ425044,Private Company,IQ20963
6/30/2015,39.15,IQTR305519743,IQ305519650,Private Company,IQ879440
6/29/2015,35.74,IQTR305366946,IQ305366842,Private Company,IQ883811
5/14/2015,28.99,IQTR301511616,IQ4368498,Private Company,IQ398784
6/1/2015,29.37,IQTR302757325,IQ974562,Private Company,IQ3533572
5/21/2015,134.725,IQTR301797918,IQ301797783,Assets/Products,IQ301799353
5/21/2015,134.725,IQTR301797918,IQ301797783,Assets/Products,IQ301853713
6/24/2015,44.65,IQTR304787043,IQ261611725,Private Company,IQ253665025
6/2/2015,203.13,IQTR302834880,IQ302833800,Assets/Products,IQ319092
6/15/2015,142.84,IQTR304025041,IQ108961381,Private Company,IQ109544954
6/4/2015,1368.67,IQTR303082364,IQ254833,Private Company,IQ33405327
5/21/2015,11184.05,IQTR301837574,IQ293680,Private Company,IQ2376697
6/29/2015,873.55,IQTR305381126,IQ3275224,Private Company,IQ247782
4/29/2015,57.42,IQTR292851840,IQ292844675,Private Company,IQ52511612
5/25/2015,26.42,IQTR303059299,IQ303057371,Assets/Products,IQ3751585
6/22/2015,561.7,IQTR304661439,IQ304660532,Assets/Products,IQ266190025
4/10/2015,41.57,IQTR307786714,IQ307786697,Private Company,IQ81900858
6/1/2015,82.13,IQTR302862660,IQ302862561,Private Company,IQ171865881
5/13/2015,30.82,IQTR301163681,IQ266071048,Private Company,IQ40785034
4/10/2015,79.81,IQTR290858458,IQ52990959,Private Company,IQ290848508
5/28/2015,1945.6,IQTR302446524,IQ38654916,Private Company,IQ19685
4/6/2015,1586.81,IQTR290465553,IQ1194838,Private Company,IQ398549
6/30/2015,31.42,IQTR305602449,IQ305602386,Assets/Products,IQ361335
6/17/2015,225,IQTR304247517,IQ1206276,Private Company,IQ426193
5/12/2015,334.05,IQTR301217680,IQ301217553,Assets/Products,IQ310852538
6/26/2015,32.39,IQTR305662131,IQ108757359,Private Company,IQ305662095
6/24/2015,157.57,IQTR304829315,IQ117793862,Private Company,IQ34783
6/18/2015,151.82,IQTR304317460,IQ81950217,Private Company,IQ13757225
6/18/2015,214.54,IQTR304323671,IQ208346585,Private Company,IQ13757225
5/29/2015,57.29,IQTR302536828,IQ4481735,Public Company,IQ307767547
5/29/2015,57.29,IQTR302536828,IQ4481735,Public Company,IQ119031628
6/29/2015,625.49,IQTR305360799,IQ263463106,Private Company,IQ12932954
5/12/2015,801.05,IQTR300993643,IQ300993421,Private Company,IQ261084576
6/28/2015,195.57,IQTR305359799,IQ846171,Private Company,IQ27716528
6/28/2015,90.54,IQTR307201362,IQ266314805,Private Company,IQ27716528
6/22/2015,599.58,IQTR304598137,IQ268031400,Public Company,IQ2949216
6/9/2015,73.3333333333333,IQTR304309252,IQ54507201,Private Company,IQ113805678
6/9/2015,73.3333333333333,IQTR304309252,IQ54507201,Private Company,IQ266621396
6/9/2015,73.3333333333333,IQTR304309252,IQ54507201,Private Company,IQ24626590
5/26/2015,59,IQTR302273826,IQ217367073,Private Company,IQ49039924
6/5/2015,74.43,IQTR303190854,IQ38621357,Private Company,IQ189488
5/15/2015,1128.34,IQTR301370287,IQ246135476,Private Company,IQ214618855
5/15/2015,99.71,IQTR301922560,IQ301922157,Private Company,IQ301922495
6/24/2015,38.12,IQTR304751009,IQ304750960,Assets/Products,IQ276274842
6/23/2015,72.64,IQTR304640683,IQ304640650,Assets/Products,IQ1312919
6/5/2015,25.17,IQTR303305525,IQ1259808,Private Company,IQ145462431
6/4/2015,147.23,IQTR303195046,IQ5423595,Private Company,IQ303194905
6/15/2015,312.6,IQTR304008726,IQ256086100,Private Company,IQ879338
6/11/2015,37.4,IQTR303707204,IQ104651635,Private Company,IQ144098164
6/5/2015,1002.44,IQTR303171253,IQ4217472,Private Company,IQ172207
5/27/2015,225.31,IQTR302391155,IQ288790963,Assets/Products,IQ687130
6/4/2015,51.57,IQTR303031235,IQ303031165,Assets/Products,IQ875270
6/4/2015,51.52,IQTR303046894,IQ53036066,Private Company,IQ20437992
6/2/2015,31.48,IQTR302846952,IQ302845405,Assets/Products,IQ26259736
6/30/2015,35.91,IQTR305655837,IQ305655667,Assets/Products,IQ4234560
6/24/2015,156.58,IQTR304865206,IQ304863721,Assets/Products,IQ217055268
6/5/2015,33.17,IQTR303199187,IQ40670811,Private Company,IQ4754376
5/19/2015,50,IQTR301641773,IQ129696580,Private Company,IQ135238
5/15/2015,26.24,IQTR301351352,IQ301351311,Assets/Products,IQ22287761
5/19/2015,812.64,IQTR302328149,IQ302328093,Assets/Products,IQ26203487
5/14/2015,221.72,IQTR301335119,IQ1001135,Private Company,IQ24914773
6/24/2015,25.03,IQTR304840857,IQ304840826,Private Company,IQ131456272
6/23/2015,28.23,IQTR309973069,IQ309973052,Assets/Products,IQ6919381
6/23/2015,37.97,IQTR304725189,IQ304725142,Assets/Products,IQ12437731
6/19/2015,97.09,IQTR304504716,IQ4472055,Private Company,IQ31348
5/15/2015,84.29,IQTR301622659,IQ6151980,Private Company,IQ100668415
5/6/2015,7958.32,IQTR296642841,IQ25337,Private Company,IQ347983
6/19/2015,108.57,IQTR304482640,IQ28774298,Private Company,IQ31348
6/8/2015,42.95,IQTR303548792,IQ115788744,Private Company,IQ22548461
4/22/2015,65.24,IQTR292165735,IQ292165661,Assets/Products,IQ314824932
5/4/2015,986.43,IQTR295376433,IQ5412952,Private Company,IQ320186
5/15/2015,138.03,IQTR301346312,IQ38762697,Private Company,IQ24914773
5/11/2015,100,IQTR300884519,IQ45819425,Private Company,IQ255865915
6/11/2015,87.5,IQTR303704303,IQ303704037,Private Company,IQ303703949
6/8/2015,122.32,IQTR303366120,IQ303366115,Assets/Products,IQ106530929
6/1/2015,45.9,IQTR302738561,IQ105852475,Private Company,IQ883811
6/10/2015,42.5,IQTR303569336,IQ6562472,Public Company,-
6/9/2015,156.73,IQTR304348798,IQ23480438,Private Company,IQ324452
6/10/2015,31.73,IQTR303559540,IQ11421425,Public Company,-
6/8/2015,115.13,IQTR303352449,IQ248984451,Public Company,-
6/9/2015,35.52,IQTR303559188,IQ11421425,Public Company,-
4/29/2015,28.76,IQTR292844679,IQ292844551,Private Company,IQ52511612
5/15/2015,46.57,IQTR301351564,IQ6151980,Private Company,IQ100668415
4/27/2015,141.02,IQTR292718187,IQ30899345,Private Company,IQ20384612
6/9/2015,96.73,IQTR303487881,IQ303487250,Private Company,IQ108109357
6/5/2015,72.74,IQTR303203184,IQ262720566,Private Company,IQ252186
6/4/2015,42.59,IQTR303092004,IQ303091960,Assets/Products,IQ7797659
6/2/2015,79.32,IQTR302842325,IQ302841459,Assets/Products,IQ26259736
6/2/2015,38.5,IQTR302866627,IQ142653167,Private Company,IQ252447310
5/18/2015,32.59,IQTR301527524,IQ247244289,Private Company,IQ2381717
5/5/2015,32.15,IQTR308442876,IQ308442844,Assets/Products,IQ23500974
5/5/2015,32.15,IQTR308442876,IQ308442844,Assets/Products,IQ277966
5/1/2015,42.2,IQTR293386660,IQ293385326,Private Company,IQ39927862
4/15/2015,615.11,IQTR291495331,IQ291495246,Assets/Products,IQ291494868
5/29/2015,38.84,IQTR302749767,IQ9284368,Public Company,IQ4149164
5/28/2015,189.12,IQTR303084515,IQ28445986,Private Company,IQ19455
6/2/2015,58.91,IQTR303143238,IQ303143065,Private Company,IQ277966
5/28/2015,950.75,IQTR302431299,IQ104485064,Public Company,IQ796830
5/27/2015,25.12,IQTR302319998,IQ302318632,Private Company,IQ317818974
5/27/2015,101.16,IQTR302341982,IQ302341951,Assets/Products,IQ956243
5/20/2015,58.85,IQTR301791243,IQ6674851,Private Company,IQ666715
5/20/2015,61.34,IQTR302143485,IQ240926736,Public Company,IQ273610288
5/5/2015,74.62,IQTR301332215,IQ301332132,Assets/Products,IQ5636294
5/4/2015,60,IQTR295443131,IQ134349624,Private Company,IQ154924
5/18/2015,91.12,IQTR301684701,IQ301684554,Assets/Products,IQ301684334
5/12/2015,445.03,IQTR300973325,IQ9917384,Private Company,IQ205233
5/6/2015,28.9,IQTR296628817,IQ253035312,Private Company,IQ360935
5/14/2015,26.44,IQTR301245742,IQ142895607,Private Company,IQ4457862
4/8/2015,54.77,IQTR290644899,IQ242577150,Public Company,IQ6463761
5/1/2015,74.53,IQTR293535694,IQ58797355,Private Company,IQ369389129
5/11/2015,207.63,IQTR300901555,IQ300901479,Private Company,IQ252447310
5/11/2015,125.53,IQTR300901928,IQ7665021,Private Company,IQ9708922
5/6/2015,57.33,IQTR296710706,IQ51417028,Private Company,IQ29002
5/5/2015,120.15,IQTR296052599,IQ183017085,Private Company,IQ296050740
5/5/2015,35.99,IQTR296178999,IQ248629553,Private Company,IQ425044
5/1/2015,69.57,IQTR293769650,IQ111629739,Private Company,IQ252186
4/20/2015,162.69,IQTR291884634,IQ25617066,Private Company,IQ301667
5/11/2015,87.7,IQTR300686903,IQ11354116,Private Company,IQ37345302
5/1/2015,27.49,IQTR293810215,IQ6942326,Private Company,IQ334158
4/21/2015,33.935,IQTR292059674,IQ292059492,Private Company,IQ4481845
4/21/2015,33.935,IQTR292059674,IQ292059492,Private Company,IQ292080242
4/24/2015,314.3,IQTR292293625,IQ47166946,Private Company,IQ170228427
4/7/2015,71.885,IQTR290519789,IQ9637986,Public Company,IQ59021576
4/7/2015,71.885,IQTR290519789,IQ9637986,Public Company,IQ312916531
4/7/2015,200.34,IQTR290589979,IQ47869263,Private Company,IQ3129354
4/7/2015,30.26,IQTR290514578,IQ117154221,Private Company,IQ5631624
4/10/2015,355.17,IQTR301043352,IQ9637986,Public Company,-
4/17/2015,30.6,IQTR291741914,IQ136796662,Private Company,IQ43246930
4/28/2015,55.75,IQTR300953768,IQ100253928,Private Company,-
4/14/2015,32.32,IQTR291331096,IQ291331005,Private Company,IQ373691
4/13/2015,45.83,IQTR291084487,IQ131237955,Private Company,IQ8201659
4/13/2015,98.29,IQTR291085868,IQ291085808,Private Company,IQ687140
4/9/2015,84.23,IQTR290771056,IQ11371299,Public Company,-
4/6/2015,63.47,IQTR291931780,IQ291931152,Assets/Products,IQ264032326
4/1/2015,69.63,IQTR290178957,IQ45764277,Private Company,IQ317627
4/28/2015,34.47,IQTR293768884,IQ293768125,Assets/Products,IQ26259736
4/28/2015,31.46,IQTR293772327,IQ293771938,Private Company,IQ26259736
4/1/2015,557.33,IQTR290097257,IQ681217,Public Company,IQ237907968
5/8/2015,310.66,IQTR298337811,IQ298336166,Assets/Products,IQ277914
5/8/2015,89.005,IQTR298339462,IQ298338359,Assets/Products,IQ4369853
5/8/2015,89.005,IQTR298339462,IQ298338359,Assets/Products,IQ277914
5/8/2015,31.15,IQTR298341136,IQ298336710,Assets/Products,IQ277914
5/8/2015,178.7,IQTR298351874,IQ298350737,Assets/Products,IQ277914
5/7/2015,97.6,IQTR316229314,IQ316229087,Private Company,IQ12344550
4/18/2015,19.2433333333333,IQTR291971533,IQ291968271,Private Company,IQ256110718
4/18/2015,19.2433333333333,IQTR291971533,IQ291968271,Private Company,IQ291842901
4/18/2015,19.2433333333333,IQTR291971533,IQ291968271,Private Company,IQ291842868
4/18/2015,19.2433333333333,IQTR291971533,IQ291968271,Private Company,IQ291971202
4/18/2015,19.2433333333333,IQTR291971533,IQ291968271,Private Company,IQ291971407
4/18/2015,19.2433333333333,IQTR291971533,IQ291968271,Private Company,IQ291971333
4/15/2015,27.92,IQTR292649347,IQ292649178,Assets/Products,IQ370279
4/18/2015,29.95,IQTR291981659,IQ291968271,Private Company,IQ291971407
4/18/2015,29.95,IQTR291981659,IQ291968271,Private Company,IQ291971333
4/18/2015,29.95,IQTR291981659,IQ291968271,Private Company,IQ291983616
