3/27/2012,749.07,IQTR183209617,IQ13102719,Private Company,IQ5281857
3/26/2012,119.03,IQTR183032500,IQ61633032,Private Company,IQ345779
2/16/2012,101,IQTR170952086,IQ113070407,Private Company,IQ24246
3/23/2012,119.14,IQTR223289455,IQ4717109,Private Company,IQ224956638
3/21/2012,28.25,IQTR182741586,IQ13501124,Private Company,IQ182737541
3/6/2012,367.97,IQTR172833811,IQ4245830,Private Company,IQ133840736
3/30/2012,36.72,IQTR183560468,IQ183555104,Private Company,IQ878060
2/16/2012,85.78,IQTR170970932,IQ170970902,Assets/Products,IQ405201
3/27/2012,32.63,IQTR183214736,IQ4740782,Private Company,IQ183481479
2/1/2012,72.005,IQTR159200546,IQ30716190,Private Company,IQ4191857
2/1/2012,72.005,IQTR159200546,IQ30716190,Private Company,IQ25360519
2/21/2012,31.7,IQTR171077139,IQ99612814,Private Company,IQ32938
2/21/2012,60.6,IQTR171079696,IQ99612814,Private Company,IQ83037141
1/30/2012,38.17,IQTR206242730,IQ4280579,Private Company,IQ4277423
3/30/2012,25.2,IQTR183539993,IQ30947672,Private Company,IQ5554742
3/26/2012,37.53,IQTR183332372,IQ30749264,Private Company,IQ183330453
3/17/2012,101.77,IQTR182503106,IQ23673264,Private Company,IQ33328
3/8/2012,1017.97,IQTR178652051,IQ3187087,Private Company,IQ317627
3/26/2012,413.95,IQTR183087050,IQ24352,Public Company,IQ19095
2/27/2012,51.81,IQTR171548427,IQ25106878,Private Company,IQ4882499
1/31/2012,286.29,IQTR157728263,IQ49612724,Private Company,IQ4803544
2/5/2012,25.4,IQTR162946145,IQ115498899,Private Company,IQ20356815
3/19/2012,237.18,IQTR182449158,IQ34931,Private Company,IQ31232183
1/4/2012,33.2583333333333,IQTR154172955,IQ154172707,Public Company,IQ10578456
1/4/2012,33.2583333333333,IQTR154172955,IQ154172707,Public Company,IQ18783
1/4/2012,33.2583333333333,IQTR154172955,IQ154172707,Public Company,IQ20259
1/4/2012,33.2583333333333,IQTR154172955,IQ154172707,Public Company,IQ22315
1/4/2012,33.2583333333333,IQTR154172955,IQ154172707,Public Company,IQ142009119
1/4/2012,33.2583333333333,IQTR154172955,IQ154172707,Public Company,IQ97178032
3/22/2012,76.55,IQTR182797734,IQ182797182,Private Company,IQ31232183
3/28/2012,383.55,IQTR183264343,IQ4248816,Private Company,IQ19695
2/29/2012,59.76,IQTR171957456,IQ171957374,Assets/Products,IQ6859700
2/9/2012,300,IQTR170172555,IQ5919954,Private Company,IQ881495
1/9/2012,590,IQTR145703329,IQ145703304,Assets/Products,IQ874425
3/9/2012,83.89,IQTR184472907,IQ140948470,Private Company,IQ184472056
3/12/2012,1685.3,IQTR181937693,IQ318412,Private Company,IQ874120
3/7/2012,252.24,IQTR173950788,IQ337101,Private Company,IQ346200
2/29/2012,1969.48,IQTR171888747,IQ107005912,Private Company,IQ876269
2/13/2012,62.07,IQTR170187162,IQ962022,Private Company,IQ2918947
3/5/2012,116.29,IQTR172307700,IQ4027381,Private Company,IQ9560513
3/8/2012,95,IQTR181928883,IQ22685810,Private Company,IQ60045334
3/15/2012,244.31,IQTR182256540,IQ50088911,Private Company,IQ26289168
1/9/2012,133.4,IQTR145712637,IQ145711852,Assets/Products,IQ4260336
3/29/2012,28.64,IQTR206497460,IQ206497219,Assets/Products,IQ25050498
3/22/2012,53.51,IQTR182845660,IQ182843626,Assets/Products,IQ36536184
3/19/2012,47.63,IQTR182457980,IQ143475967,Private Company,IQ8746747
3/13/2012,140.12,IQTR182061966,IQ182061951,Assets/Products,IQ345779
3/13/2012,55.66,IQTR182097431,IQ8087546,Public Company,IQ879440
2/14/2012,428.09,IQTR170229386,IQ33356859,Private Company,IQ29726
2/9/2012,355,IQTR167982969,IQ7389817,Private Company,IQ20075
1/26/2012,702.77,IQTR154147520,IQ36398439,Private Company,IQ258769
3/6/2012,32.45,IQTR216938910,IQ133744958,Private Company,IQ42373867
2/28/2012,27.67,IQTR171714632,IQ171714379,Assets/Products,IQ36190710
1/31/2012,49.15,IQTR157719512,IQ6532274,Private Company,IQ26782
1/26/2012,772.21,IQTR154143510,IQ135613,Private Company,IQ24816
1/19/2012,99.98,IQTR154011255,IQ20345727,Private Company,IQ9830326
1/11/2012,221.44,IQTR145830568,IQ24765,Private Company,IQ36033
1/5/2012,70.7,IQTR145634527,IQ145634201,Assets/Products,IQ26259736
2/27/2012,170,IQTR171710432,IQ171709997,Private Company,IQ24390698
1/31/2012,152.89,IQTR158349728,IQ158346518,Assets/Products,IQ29926600
1/26/2012,173,IQTR154143192,IQ157104,Private Company,IQ34490826
2/21/2012,79.145,IQTR171065433,IQ171065397,Assets/Products,IQ4369853
2/21/2012,79.145,IQTR171065433,IQ171065397,Assets/Products,IQ277914
2/20/2012,29.11,IQTR171157381,IQ33062937,Private Company,IQ35510496
2/29/2012,30,IQTR207235058,IQ27570795,Private Company,IQ876595
2/10/2012,72.27,IQTR170173354,IQ30983698,Private Company,IQ5898985
2/10/2012,25.9,IQTR170207369,IQ170207249,Assets/Products,IQ23352259
1/7/2012,2027.96,IQTR145676473,IQ29930,Private Company,IQ25798
2/12/2012,45.11,IQTR170186915,IQ109481745,Private Company,IQ103678
2/8/2012,32.18,IQTR167796453,IQ516031,Private Company,IQ415042
2/1/2012,37.97,IQTR159630127,IQ162881070,Private Company,IQ35987213
2/14/2012,55.56,IQTR170212507,IQ996415,Private Company,IQ93624
2/6/2012,50.5,IQTR163214389,IQ163213761,Assets/Products,IQ290203
2/14/2012,92.32,IQTR170267332,IQ170267247,Assets/Products,IQ23500974
1/5/2012,148.44,IQTR145632248,IQ9363415,Private Company,IQ3176566
1/27/2012,160,IQTR157487086,IQ145630768,Assets/Products,IQ884200
1/11/2012,59.6,IQTR145839234,IQ29032512,Private Company,IQ113073
1/9/2012,285.79,IQTR145699229,IQ363675,Private Company,IQ23615034
1/31/2012,38.27,IQTR158327093,IQ58797355,Private Company,IQ139148043
1/24/2012,302.11,IQTR154012305,IQ11668321,Private Company,IQ36478
1/16/2012,55,IQTR146043708,IQ146043649,Assets/Products,IQ5470931
1/9/2012,33.85,IQTR145699774,IQ13357293,Private Company,IQ319092
1/9/2012,31.41,IQTR145701020,IQ7845256,Private Company,IQ955448
1/3/2012,38.65,IQTR145516671,IQ29836030,Private Company,IQ361335
2/29/2012,37.44,IQTR208395025,IQ7715209,Private Company,IQ1348220
2/16/2012,159.02,IQTR170947449,IQ170947325,Assets/Products,IQ1463779
2/16/2012,159.02,IQTR170947449,IQ170947325,Assets/Products,IQ277914
1/4/2012,40.68,IQTR145577910,IQ34303261,Private Company,-
1/4/2012,54.14,IQTR213554318,IQ213553944,Private Company,IQ165266
1/5/2012,121.09,IQTR145598338,IQ7607334,Private Company,IQ339447
1/4/2012,210.99,IQTR145587861,IQ9637814,Private Company,IQ12168804
1/3/2012,26.79,IQTR145511335,IQ503029,Private Company,IQ32931
2/7/2012,96.53,IQTR164034830,IQ164034203,Assets/Products,IQ324452
1/26/2012,33.03,IQTR156579819,IQ156579096,Assets/Products,IQ267906
2/3/2012,158.19,IQTR182422794,IQ39281117,Private Company,IQ1063732
