11/4/2005,36.35,IQTR30644374,IQ4301529,Private Company,IQ4304695
6/7/2005,55.41,IQTR22637268,IQ22637236,Assets/Products,IQ22637197
12/31/2005,15,IQTR54302157,IQ52215057,Private Company,IQ54298323
12/31/2005,15,IQTR54302157,IQ52215057,Private Company,IQ12145961
12/13/2005,41.22,IQTR26362779,IQ397961,Private Company,IQ26362690
10/3/2005,6051.82,IQTR24161418,IQ670058,Public Company,IQ873648
10/4/2005,87.09,IQTR24319913,IQ5926741,Private Company,IQ26782
7/14/2005,184.34,IQTR23106156,IQ117422754,Assets/Products,IQ398784
12/2/2005,47.85,IQTR25976820,IQ4524729,Private Company,IQ26782
3/28/2005,776.9,IQTR21863137,IQ5636294,Private Company,IQ19685
12/5/2005,22278.37,IQTR25012058,IQ20803,Private Company,IQ317627
9/1/2005,4684.85,IQTR23736685,IQ260494,Private Company,IQ382553
12/21/2005,70.14,IQTR25216621,IQ34566,Private Company,IQ23500974
12/15/2005,2127.11,IQTR25127443,IQ24165,Public Company,IQ24816
9/26/2005,98.39,IQTR27750462,IQ21820868,Private Company,IQ4166312
5/4/2005,3124.62,IQTR22238112,IQ37467,Private Company,IQ384522
11/16/2005,2685.26,IQTR24770512,IQ92853,Private Company,IQ249205
12/30/2005,25.3,IQTR25290166,IQ8057922,Private Company,IQ367874
12/30/2005,29.55,IQTR25837375,IQ25837326,Assets/Products,IQ7621907
11/21/2005,1630.28,IQTR24863293,IQ255627,Private Company,IQ24863029
8/22/2005,33.05,IQTR23646973,IQ35915,Private Company,IQ299604
9/13/2005,65.13,IQTR23825379,IQ829730,Private Company,IQ30012
12/29/2005,230.41,IQTR25252869,IQ4471372,Private Company,IQ410416
12/28/2005,65.64,IQTR25265290,IQ4372018,Private Company,IQ7076187
10/25/2005,103.3,IQTR24424047,IQ24423962,Private Company,IQ311760
12/6/2005,424.1,IQTR25023723,IQ4204394,Private Company,IQ7940024
11/11/2005,95.14,IQTR24708171,IQ381958,Private Company,IQ28062
12/16/2005,415.5,IQTR25145020,IQ824605,Private Company,IQ139677
12/26/2005,62.99,IQTR105810916,IQ5510539,Private Company,IQ883899
12/1/2005,430.02,IQTR25020890,IQ1163873,Private Company,IQ30236
11/3/2005,31.9,IQTR24560036,IQ24559997,Private Company,IQ29344
12/18/2005,117,IQTR25182037,IQ25181995,Private Company,IQ881495
11/30/2005,26.73,IQTR24769916,IQ24769903,Private Company,IQ29554
11/18/2005,82.7,IQTR24770027,IQ999877,Private Company,IQ29554
10/7/2005,2799.73,IQTR24226013,IQ21949253,Private Company,-
12/30/2005,25.33,IQTR25318365,IQ22924695,Private Company,IQ135443
12/23/2005,173.72,IQTR25232080,IQ159302,Private Company,IQ336774
12/16/2005,101.54,IQTR25109807,IQ2697054,Private Company,IQ327142
9/30/2005,262.56,IQTR24159614,IQ598677,Private Company,IQ24804
12/28/2005,177.64,IQTR25315690,IQ25315518,Private Company,IQ428740
7/25/2005,7046.72,IQTR23227752,IQ282005,Private Company,IQ308047
12/6/2005,26.29,IQTR25041151,IQ10502769,Private Company,IQ93831
11/15/2005,50.28,IQTR37566616,IQ153894,Private Company,IQ31232183
12/19/2005,371.04,IQTR25132303,IQ33600,Private Company,IQ31186
12/15/2005,430,IQTR25142875,IQ25142765,Assets/Products,IQ135020
10/12/2005,37.41,IQTR25499335,IQ915825,Public Company,IQ11212016
11/17/2005,46.85,IQTR24810784,IQ2520384,Private Company,IQ20933603
12/23/2005,34.17,IQTR25230011,IQ7185534,Private Company,IQ354853
10/11/2005,80.16,IQTR24250191,IQ31496,Private Company,IQ2952485
8/29/2005,808.9,IQTR23697813,IQ290092,Private Company,IQ170571
8/29/2005,311.34,IQTR23698350,IQ4842677,Private Company,IQ7757640
10/16/2005,55.15,IQTR24347080,IQ254815,Private Company,IQ31913
12/21/2005,42.31,IQTR25216437,IQ20853543,Private Company,IQ26273
9/29/2005,1150.27,IQTR24111459,IQ347496,Private Company,IQ433088
9/6/2005,30.7,IQTR23780826,IQ31211,Private Company,IQ124001
10/18/2005,62.86,IQTR24425451,IQ117743348,Assets/Products,IQ24425069
12/31/2005,73.9,IQTR25396183,IQ9284291,Private Company,IQ2377381
12/31/2005,73.9,IQTR25396183,IQ9284291,Private Company,IQ25396042
12/31/2005,58.04,IQTR418425637,IQ8079909,Private Company,-
10/19/2005,176.07,IQTR24225148,IQ884259,Private Company,IQ24467492
3/1/2005,43.29,IQTR13406271,IQ7985286,Private Company,IQ655542
12/30/2005,48.54,IQTR25285062,IQ25051259,Private Company,IQ25831
11/28/2005,120.54,IQTR25319635,IQ25319411,Assets/Products,IQ92852
11/8/2005,50.12,IQTR24602273,IQ24601928,Private Company,IQ881725
10/31/2005,28.63,IQTR25332894,IQ24546883,Private Company,IQ11618214
10/3/2005,87.82,IQTR24176652,IQ428032,Private Company,IQ4481199
12/28/2005,262.48,IQTR54032742,IQ54029787,Assets/Products,IQ45315550
9/27/2005,5509.78,IQTR24049396,IQ162847,Private Company,IQ160077
12/27/2005,28.67,IQTR25253866,IQ25253738,Assets/Products,IQ622668
10/24/2005,533.53,IQTR24406229,IQ28671,Public Company,IQ22233
9/23/2005,34.46,IQTR24067227,IQ24067205,Assets/Products,IQ881891
12/6/2005,88.79,IQTR25040086,IQ6545930,Private Company,IQ877290
12/5/2005,310.26,IQTR25020914,IQ8480862,Private Company,IQ26322
10/14/2005,1500,IQTR24322738,IQ5534352,Private Company,IQ879555
7/6/2005,5894.07,IQTR22967934,IQ294802,Private Company,IQ104673
10/20/2005,675.86,IQTR24377907,IQ24347728,Assets/Products,IQ10637389
12/31/2005,57.78,IQTR141047222,IQ878804,Private Company,IQ878664
12/9/2005,68.27,IQTR24842304,IQ3609631,Private Company,IQ318668
12/12/2005,82,IQTR25109041,IQ25108956,Assets/Products,IQ884200
9/21/2005,64.01,IQTR99095637,IQ24332383,Private Company,IQ23569981
9/20/2005,44.58,IQTR24332391,IQ24332386,Private Company,IQ24332383
5/16/2005,119.57,IQTR22383813,IQ32795,Private Company,IQ325428
9/8/2005,1256.7,IQTR23812289,IQ95777,Private Company,IQ6466347
8/26/2005,27.8,IQTR47367262,IQ24170106,Private Company,-
10/28/2005,274.87,IQTR24468535,IQ874163,Public Company,IQ1029971
12/1/2005,128.16,IQTR24982290,IQ12762876,Private Company,IQ22751
9/19/2005,37.04,IQTR25183663,IQ4518497,Private Company,IQ29344
12/1/2005,222.14,IQTR23697048,IQ23697010,Assets/Products,IQ22263063
9/25/2005,156.95,IQTR24114404,IQ24114280,Private Company,IQ22514966
7/18/2005,100.91,IQTR23047429,IQ116473,Private Company,IQ250356
10/17/2005,1112.02,IQTR24348718,IQ298893,Private Company,IQ301667
9/19/2005,39.5,IQTR24047330,IQ24047259,Private Company,IQ22863603
11/23/2005,57.13,IQTR24983051,IQ4288900,Private Company,IQ172207
10/17/2005,835.64,IQTR78764035,IQ29962,Private Company,IQ671980
10/11/2005,685.315,IQTR34181592,IQ11463664,Private Company,IQ30589163
10/11/2005,685.315,IQTR34181592,IQ11463664,Private Company,IQ21401
8/22/2005,778.08,IQTR23609551,IQ1079241,Private Company,IQ293711
9/14/2005,219.38,IQTR39498257,IQ4614903,Private Company,IQ23063
11/4/2005,89.42,IQTR24599896,IQ327142,Private Company,-
9/28/2005,56.19,IQTR24175168,IQ24175154,Assets/Products,IQ24175123
11/4/2005,80.37,IQTR32455430,IQ129616,Private Company,IQ8141878
10/5/2005,177.16,IQTR24223225,IQ24211434,Private Company,IQ24821
7/29/2005,72.37,IQTR137557854,IQ9206114,Public Company,IQ9088049
11/1/2005,33.5,IQTR24527857,IQ661419,Private Company,IQ143491
11/1/2005,26.88,IQTR32688635,IQ32688614,Private Company,IQ8141878
9/22/2005,47.43,IQTR23937570,IQ13610073,Private Company,IQ915717
9/5/2005,299.32,IQTR111902013,IQ111901987,Assets/Products,IQ881753
8/8/2005,740.93,IQTR23443039,IQ252786,Private Company,IQ361335
8/8/2005,39.98,IQTR23478861,IQ32337,Private Company,IQ1541822
8/10/2005,31.82,IQTR23554908,IQ27358,Private Company,IQ33402
9/21/2005,34.14,IQTR24000942,IQ716912,Private Company,IQ1716658
8/29/2005,52.15,IQTR23709946,IQ2246827,Private Company,IQ369725
8/29/2005,31.05,IQTR139214034,IQ8069559,Public Company,IQ874115
5/31/2005,109.6,IQTR22537331,IQ1379439,Private Company,IQ348016
8/15/2005,36.47,IQTR23571083,IQ24420,Private Company,IQ29929
9/12/2005,70.58,IQTR23885529,IQ4372185,Public Company,IQ9862255
3/22/2005,332.65,IQTR21766413,IQ421840991,Assets/Products,IQ268066666
9/14/2005,128.29,IQTR23896752,IQ11882787,Private Company,IQ1341470
7/22/2005,1128.07,IQTR23219878,IQ382342,Private Company,IQ317975
11/3/2005,33.91,IQTR24309450,IQ24309444,Private Company,IQ1340741
10/12/2005,28.26,IQTR24311016,IQ156951,Private Company,IQ9620565
9/13/2005,83.06,IQTR23896518,IQ915825,Public Company,IQ11212016
10/3/2005,173.74,IQTR24248794,IQ3183211,Private Company,IQ36040
10/6/2005,44.24,IQTR24224972,IQ24224955,Private Company,IQ11463664
8/31/2005,61.19,IQTR23734451,IQ23734350,Private Company,IQ21989979
7/28/2005,271.39,IQTR23351024,IQ23351011,Assets/Products,IQ23350998
7/25/2005,115.01,IQTR23269734,IQ111765,Private Company,IQ30253
6/21/2005,53.56,IQTR22784117,IQ28870,Private Company,IQ261426
10/5/2005,28.01,IQTR24193529,IQ1914021,Private Company,IQ4497477
10/4/2005,69.5,IQTR24194037,IQ6313095,Private Company,IQ24809
8/23/2005,255.56,IQTR23643450,IQ1213626,Private Company,IQ879338
9/26/2005,299.16,IQTR34413041,IQ34333334,Private Company,IQ20117
9/19/2005,71.35,IQTR23958514,IQ23958345,Private Company,IQ26782
8/4/2005,133.35,IQTR23398777,IQ724860,Private Company,IQ1541822
7/21/2005,261.08,IQTR23137137,IQ99463,Public Company,IQ288966
6/23/2005,144.64,IQTR22815672,IQ29932,Private Company,IQ658616
4/26/2005,1464.07,IQTR22184781,IQ2143874,Private Company,IQ41269602
5/11/2005,88.1,IQTR22473294,IQ5491236,Private Company,IQ9248638
10/6/2005,37.08,IQTR24162229,IQ23954260,Private Company,IQ24798
9/20/2005,26.69,IQTR23971233,IQ23971224,Private Company,IQ100937
9/16/2005,42.96,IQTR23939150,IQ6852789,Private Company,IQ1348220
7/19/2005,104.21,IQTR23108482,IQ23108454,Assets/Products,IQ13619447
6/30/2005,70.18,IQTR22967915,IQ22967881,Assets/Products,IQ398549
8/8/2005,857.2,IQTR23459692,IQ2219961,Private Company,IQ8101165
9/28/2005,124.86,IQTR24159996,IQ23709728,Private Company,IQ11147129
7/8/2005,173.44,IQTR24271482,IQ6297413,Private Company,IQ8728880
2/25/2005,71.11,IQTR20725052,IQ686153,Private Company,IQ23697721
7/5/2005,167.92,IQTR22934249,IQ22934237,Private Company,IQ19095
9/23/2005,74.45,IQTR24084306,IQ4493654,Public Company,IQ182438574
3/15/2005,120.99,IQTR20987566,IQ288407,Private Company,IQ384331
9/13/2005,106.32,IQTR111667577,IQ4481332,Private Company,IQ875074
8/8/2005,141.49,IQTR22946814,IQ2524616,Private Company,IQ104673
8/4/2005,60.56,IQTR23970152,IQ410040,Private Company,-
6/23/2005,34.77,IQTR22863488,IQ743897,Private Company,IQ22863430
9/14/2005,73.68,IQTR43879998,IQ31314407,Private Company,IQ686153
6/24/2005,33.9,IQTR22870198,IQ36758,Private Company,IQ22863603
6/16/2005,1600.8,IQTR22731026,IQ36229,Private Company,IQ162270
9/12/2005,89.52,IQTR23859322,IQ23859297,Private Company,-
9/7/2005,32.5,IQTR23871348,IQ7827516,Private Company,IQ19709
7/8/2005,169.02,IQTR23038346,IQ9550353,Private Company,IQ882334
2/11/2005,38.86,IQTR25106476,IQ25106395,Private Company,IQ12190335
9/1/2005,51.65,IQTR23752887,IQ551274,Private Company,IQ469127
8/5/2005,89.12,IQTR23480893,IQ4361022,Private Company,IQ12314842
2/28/2005,123.4,IQTR25107695,IQ372969,Public Company,IQ767831
8/29/2005,35.27,IQTR23697956,IQ23697894,Private Company,IQ7683082
8/5/2005,39.7,IQTR24065866,IQ26249,Private Company,IQ28556
7/14/2005,545.09,IQTR24405204,IQ13157695,Assets/Products,IQ382553
7/19/2005,169.58,IQTR23110039,IQ628383,Private Company,IQ1266465
7/20/2005,29.41,IQTR139218598,IQ8069559,Public Company,IQ874115
12/6/2005,49.11,IQTR23720610,IQ29761,Private Company,IQ31348
7/8/2005,196.81,IQTR22934155,IQ13592191,Private Company,IQ293680
11/10/2005,96.91,IQTR82688512,IQ82559337,Assets/Products,IQ7797659
11/10/2005,96.91,IQTR82688512,IQ82559337,Assets/Products,IQ28221771
8/18/2005,66,IQTR23646088,IQ915717,Public Company,-
6/20/2005,86.5,IQTR22782087,IQ9843666,Private Company,IQ288195
8/12/2005,174.37,IQTR23586110,IQ522205,Private Company,IQ23585971
7/14/2005,221.96,IQTR23009104,IQ4422284,Private Company,IQ293680
7/19/2005,435.94,IQTR23182565,IQ30807,Private Company,IQ23333
7/28/2005,178.72,IQTR23316709,IQ4373019,Private Company,IQ1051103
7/8/2005,76.19,IQTR23018780,IQ1501794,Private Company,IQ8159149
5/20/2005,477.9,IQTR22453508,IQ11829148,Private Company,IQ10637389
8/5/2005,53.2,IQTR23480466,IQ23480438,Private Company,IQ1221480
8/5/2005,472.61,IQTR23501167,IQ877390,Private Company,IQ991483
7/6/2005,264.14,IQTR22969011,IQ92720,Private Company,IQ185801
8/4/2005,35.97,IQTR24455154,IQ24455133,Assets/Products,IQ32305
7/8/2005,31.87,IQTR22991667,IQ22991625,Private Company,IQ313784
8/3/2005,36.03,IQTR136668211,IQ8888162,Public Company,IQ10080666
8/1/2005,76.58,IQTR23397045,IQ4353697,Private Company,IQ258133
7/27/2005,36.04,IQTR23335419,IQ117435040,Assets/Products,IQ35001
6/13/2005,30.31,IQTR22684746,IQ6513824,Private Company,IQ125228
6/9/2005,49.19,IQTR22725949,IQ944204,Private Company,IQ28556
7/28/2005,248.22,IQTR23350851,IQ23350740,Private Company,IQ23893
4/21/2005,1141.01,IQTR22133799,IQ35712,Private Company,IQ385727
3/23/2005,1601.79,IQTR21826723,IQ908804,Private Company,IQ377837
7/27/2005,49.82,IQTR23462074,IQ23462022,Private Company,IQ6701888
7/5/2005,25.51,IQTR23000539,IQ1024649,Private Company,IQ318668
7/19/2005,150.3,IQTR23221544,IQ729380,Private Company,IQ687140
5/9/2005,171.5,IQTR22309556,IQ12300264,Assets/Products,IQ1086387
7/23/2005,122.15,IQTR26992872,IQ23418986,Private Company,IQ21457
7/21/2005,33,IQTR23183450,IQ24493,Private Company,IQ26273
6/16/2005,411.92,IQTR22744395,IQ93309,Private Company,IQ706066
2/21/2005,756.31,IQTR20644065,IQ28163,Private Company,IQ382553
2/22/2005,1283.9,IQTR20643751,IQ28163,Private Company,IQ382553
6/13/2005,141.15,IQTR23110618,IQ23110585,Assets/Products,IQ26322
7/25/2005,37.28,IQTR23247614,IQ8032740,Private Company,IQ410455
6/24/2005,322.49,IQTR22830686,IQ11042750,Private Company,IQ655542
6/14/2005,140.67,IQTR22676707,IQ142139934,Assets/Products,IQ26322
3/24/2005,38.61,IQTR21840353,IQ6149441,Private Company,IQ21812185
7/15/2005,63.3,IQTR133015455,IQ27642,Private Company,IQ46333996
6/20/2005,73.59,IQTR22781353,IQ2760310,Private Company,IQ695649
6/6/2005,31.49,IQTR22613014,IQ262698,Private Company,IQ882151
7/12/2005,147.53,IQTR23046544,IQ23046440,Assets/Products,IQ23046423
5/2/2005,273.32,IQTR22210632,IQ27058,Private Company,IQ275442
7/1/2005,88.54,IQTR22967884,IQ29589,Private Company,IQ347535
5/24/2005,58.12,IQTR22449983,IQ3103498,Private Company,IQ7797659
5/20/2005,716.85,IQTR22431348,IQ2916411,Private Company,IQ795040
6/20/2005,47.19,IQTR22770915,IQ6297413,Private Company,IQ8728880
7/7/2005,111.25,IQTR23035829,IQ113876482,Assets/Products,IQ23035797
7/8/2005,1272.16,IQTR22968871,IQ33304,Private Company,-
7/5/2005,84.8,IQTR22968309,IQ36388,Private Company,IQ7914542
5/16/2005,110.87,IQTR22472621,IQ22472597,Assets/Products,IQ22800517
6/24/2005,214.99,IQTR22882646,IQ2985206,Private Company,IQ31348
6/10/2005,60.43,IQTR22709408,IQ937342,Private Company,IQ6512027
5/24/2005,47.67,IQTR22428241,IQ632110,Private Company,IQ113073
5/9/2005,163.7,IQTR22297846,IQ4263194,Private Company,IQ398784
5/4/2005,554.83,IQTR22247652,IQ348107,Public Company,IQ346012
3/10/2005,417.52,IQTR20902985,IQ20902923,Private Company,IQ33420
3/9/2005,74.18,IQTR21767357,IQ21767292,Assets/Products,IQ21767230
1/19/2005,471.94,IQTR13650971,IQ13650929,Assets/Products,IQ34922
6/30/2005,156.28,IQTR23108912,IQ36442,Private Company,IQ19601
5/28/2005,45.02,IQTR22544702,IQ22544700,Assets/Products,IQ1348220
4/27/2005,107.95,IQTR22182576,IQ2082348,Private Company,IQ254725
4/21/2005,248.15,IQTR22091928,IQ3018964,Private Company,IQ767045
2/28/2005,50.61,IQTR20800049,IQ20800010,Assets/Products,IQ876125
6/29/2005,41.43,IQTR22908400,IQ350931,Private Company,IQ666715
6/28/2005,55.46,IQTR22895043,IQ691010,Private Company,IQ20449
6/4/2005,25.495,IQTR22629366,IQ5515871,Private Company,IQ22629344
6/4/2005,25.495,IQTR22629366,IQ5515871,Private Company,IQ22629298
4/20/2005,99.62,IQTR22104392,IQ131982,Private Company,IQ6724933
6/16/2005,337.54,IQTR22746527,IQ22746464,Assets/Products,IQ28877
6/22/2005,106.07,IQTR112817506,IQ522205,Private Company,-
6/2/2005,35.89,IQTR22594026,IQ22594003,Private Company,IQ9501137
5/17/2005,77.54,IQTR22368609,IQ1632603,Private Company,IQ118429104
6/15/2005,258.47,IQTR109861916,IQ881495,Public Company,-
5/13/2005,158.86,IQTR22324812,IQ796432,Private Company,IQ26322
6/7/2005,70.16,IQTR52816714,IQ52816621,Assets/Products,IQ20356627
5/26/2005,75.215,IQTR22508159,IQ875074,Private Company,IQ793619
5/26/2005,75.215,IQTR22508159,IQ875074,Private Company,IQ12432769
5/3/2005,143.49,IQTR22247697,IQ162702,Private Company,IQ160077
3/30/2005,60.93,IQTR21864849,IQ9265396,Private Company,IQ881753
6/6/2005,44.46,IQTR30232439,IQ25199661,Private Company,IQ21531
2/22/2005,4290.93,IQTR20643151,IQ983882,Private Company,IQ382553
1/26/2005,84.46,IQTR22612020,IQ22612010,Private Company,IQ1495607
3/4/2005,317.92,IQTR20821209,IQ360762,Private Company,IQ139677
4/14/2005,62.9,IQTR22122161,IQ1370763,Private Company,IQ317627
2/25/2005,29.25,IQTR20726016,IQ20726002,Private Company,IQ24703860
4/25/2005,33.7,IQTR38982000,IQ9571759,Private Company,IQ38839879
4/18/2005,101.8,IQTR22092615,IQ833096,Private Company,IQ874709
1/18/2005,321.59,IQTR13635531,IQ392794,Private Company,IQ31390
5/31/2005,31.74,IQTR22517158,IQ8032414,Private Company,IQ5670591
5/24/2005,34.27,IQTR22473819,IQ8056659,Private Company,IQ28754
4/11/2005,31,IQTR22000438,IQ22000414,Private Company,IQ884200
5/13/2005,320.11,IQTR22396159,IQ90425,Private Company,IQ655542
5/4/2005,85.56,IQTR22287514,IQ2236294,Private Company,IQ340196
4/21/2005,19.99,IQTR22126800,IQ21753979,Private Company,IQ13714681
4/21/2005,19.99,IQTR22126800,IQ21753979,Private Company,IQ874767
5/26/2005,27.8,IQTR22517102,IQ22517075,Private Company,IQ6982816
4/27/2005,131.085,IQTR22183070,IQ647687563,Private Company,IQ922073
4/27/2005,131.085,IQTR22183070,IQ647687563,Private Company,IQ20517
5/4/2005,125.3,IQTR22239605,IQ4265261,Private Company,IQ313784
4/21/2005,130,IQTR22200154,IQ154589,Private Company,IQ10622280
4/21/2005,130,IQTR22200154,IQ154589,Private Company,IQ107608
5/15/2005,43.94,IQTR22516737,IQ126272,Private Company,IQ2718997
4/1/2005,34.47,IQTR21958081,IQ8796472,Private Company,IQ7657914
5/13/2005,40.18,IQTR22430830,IQ809542,Public Company,IQ18511
3/30/2005,115.83,IQTR21863180,IQ28235,Private Company,IQ30643
2/17/2005,207.78,IQTR20581210,IQ865379,Private Company,IQ282005
5/11/2005,180.51,IQTR109382808,IQ100248893,Private Company,IQ6071291
5/10/2005,28.86,IQTR22321001,IQ22320943,Private Company,IQ124114
5/3/2005,52.34,IQTR22211164,IQ124669,Private Company,IQ247589
5/7/2005,148.28,IQTR22287175,IQ208138355,Assets/Products,-
5/6/2005,171.96,IQTR22277895,IQ1703957,Private Company,IQ126601
4/5/2005,198.59,IQTR22000297,IQ22000266,Private Company,IQ20285
3/18/2005,861.3,IQTR21752869,IQ2431181,Private Company,IQ4196890
5/3/2005,93.69,IQTR29735465,IQ29735420,Private Company,IQ291225
10/7/2005,69.96,IQTR22155110,IQ22155084,Assets/Products,IQ35087
4/8/2005,254.64,IQTR21988907,IQ4277183,Private Company,IQ27745
3/21/2005,30.2,IQTR21787993,IQ1998788,Private Company,IQ1072270
4/15/2005,33.4,IQTR38981801,IQ38839879,Private Company,IQ2377861
4/14/2005,1262.7,IQTR22073193,IQ20438129,Private Company,IQ4469416
4/14/2005,62.9,IQTR22091364,IQ1370763,Private Company,IQ317627
2/12/2005,52.07,IQTR20565135,IQ4272540,Private Company,IQ870411
4/12/2005,35.69,IQTR22004542,IQ22004509,Private Company,IQ18759
4/6/2005,30.16,IQTR22039407,IQ21767230,Private Company,IQ21989979
2/15/2005,63.55,IQTR20582432,IQ6181365,Private Company,IQ301667
4/5/2005,87.72,IQTR21988709,IQ5425980,Private Company,IQ21457
3/14/2005,40.68,IQTR21988654,IQ4493105,Private Company,IQ2508428
3/7/2005,83.37,IQTR20837583,IQ4096332,Private Company,IQ22111
2/15/2005,44.68,IQTR20904457,IQ20904425,Private Company,IQ528414
4/4/2005,496.48,IQTR22070812,IQ3733060,Private Company,IQ20169
3/9/2005,172.11,IQTR20877840,IQ472137,Private Company,IQ139677
1/18/2005,192.21,IQTR13647559,IQ29799,Private Company,IQ879839
4/6/2005,100.88,IQTR21923124,IQ855196,Private Company,IQ129616
3/31/2005,25.2,IQTR21908801,IQ3599760,Private Company,IQ29344
3/9/2005,48.64,IQTR20903873,IQ220856,Private Company,IQ31186
2/8/2005,43.67,IQTR20475329,IQ677515,Private Company,IQ1348220
2/7/2005,211.25,IQTR20460182,IQ119851,Private Company,IQ22399604
2/7/2005,93.89,IQTR21920880,IQ21920763,Assets/Products,IQ21920673
3/2/2005,64.78,IQTR21852824,IQ21852815,Assets/Products,IQ413190
1/27/2005,398.52,IQTR13755649,IQ2214046,Private Company,IQ321244
3/17/2005,26.1666666666667,IQTR21754087,IQ21754078,Private Company,IQ3621039
3/17/2005,26.1666666666667,IQTR21754087,IQ21754078,Private Company,IQ19153
3/17/2005,26.1666666666667,IQTR21754087,IQ21754078,Private Company,IQ22003
2/17/2005,38.76,IQTR20629508,IQ30298,Private Company,IQ1348220
3/15/2005,30.19,IQTR20962982,IQ20962957,Private Company,IQ803330
3/14/2005,26.92,IQTR20952025,IQ36523,Private Company,IQ22321782
2/4/2005,266.06,IQTR20464063,IQ20459861,Public Company,IQ22003
1/27/2005,466.77,IQTR20334615,IQ20334605,Private Company,IQ423967
2/9/2005,213.71,IQTR20474779,IQ33405,Private Company,IQ27321
2/9/2005,125.01,IQTR27463300,IQ27290714,Private Company,IQ27321
3/6/2005,49.19,IQTR20821198,IQ9549313,Private Company,IQ531375
1/4/2005,31.31,IQTR20852183,IQ20852055,Assets/Products,IQ365138
1/1/2005,116.29,IQTR20801712,IQ779107,Private Company,IQ419113
4/22/2005,39.2,IQTR13647906,IQ677915,Private Company,IQ93396
3/1/2005,34.91,IQTR20762801,IQ20762755,Private Company,IQ803330
2/2/2005,214.96,IQTR20375544,IQ840249,Private Company,IQ92852
6/28/2005,41.39,IQTR25961000,IQ689193,Private Company,IQ346012
1/18/2005,283.64,IQTR13638916,IQ1376195,Private Company,IQ303397
2/23/2005,37.82,IQTR20684798,IQ6816684,Private Company,IQ94614
1/17/2005,62.5,IQTR13717632,IQ223507853,Private Company,IQ687223
2/14/2005,39.1,IQTR20610333,IQ392794,Private Company,IQ853694
1/10/2005,45.76,IQTR13537884,IQ13537875,Private Company,IQ30253
2/10/2005,406.49,IQTR20518294,IQ129616,Private Company,IQ3569458
2/2/2005,39.15,IQTR20408125,IQ20408110,Assets/Products,IQ4469416
2/2/2005,43.76,IQTR20384676,IQ11186474,Private Company,IQ294382
1/26/2005,48.09,IQTR29202028,IQ29201987,Assets/Products,IQ24950837
1/10/2005,40.8,IQTR4278407,IQ28950,Private Company,IQ254131
1/10/2005,30,IQTR13578446,IQ6196530,Private Company,IQ21145
3/1/2005,231.22,IQTR12786152,IQ117807,Private Company,IQ104673
6/29/2005,35.05,IQTR12485487,IQ3132925,Private Company,IQ31348
