8/29/2012,159.96,IQTR216246913,IQ216246719,Assets/Products,IQ83338793
8/31/2012,78.95,IQTR260032963,IQ251890853,Private Company,IQ131588013
9/28/2012,33.68,IQTR222364318,IQ931969,Private Company,IQ25454524
7/30/2012,451.27,IQTR214877324,IQ9609681,Private Company,IQ59440835
8/27/2012,166.6,IQTR216138802,IQ117028408,Private Company,IQ20461623
9/12/2012,247.61,IQTR216985454,IQ24164591,Public Company,-
8/20/2012,4638.76,IQTR215768945,IQ27133,Private Company,IQ655542
7/16/2012,133.31,IQTR214242338,IQ138823105,Private Company,IQ30738939
7/6/2012,16.2833333333333,IQTR213679645,IQ38682768,Private Company,IQ112700966
7/6/2012,16.2833333333333,IQTR213679645,IQ38682768,Private Company,IQ23307
7/6/2012,16.2833333333333,IQTR213679645,IQ38682768,Private Company,IQ685598
9/17/2012,101.64,IQTR217302370,IQ27427255,Private Company,IQ320766695
8/31/2012,163.21,IQTR216449091,IQ4481200,Public Company,IQ216488211
9/24/2012,1116.75,IQTR217621559,IQ4481003,Private Company,IQ18613
8/31/2012,61.77,IQTR216447265,IQ4481200,Public Company,IQ216488211
9/21/2012,394.65,IQTR217540625,IQ27531,Private Company,IQ12933257
7/20/2012,101.64,IQTR214529667,IQ866363,Private Company,IQ731580
7/10/2012,70.75,IQTR213783942,IQ61040708,Private Company,IQ213783737
9/17/2012,52.53,IQTR217630638,IQ8955239,Private Company,IQ91829
9/18/2012,47.88,IQTR217325884,IQ217325869,Assets/Products,IQ875924
9/14/2012,24.625,IQTR217099171,IQ217372015,Assets/Products,IQ19141
9/14/2012,24.625,IQTR217099171,IQ217372015,Assets/Products,IQ85066278
9/14/2012,24.625,IQTR217099171,IQ217372015,Assets/Products,IQ21401
9/14/2012,24.625,IQTR217099171,IQ217372015,Assets/Products,IQ277914
8/22/2012,1178.56,IQTR215902296,IQ34922,Private Company,IQ277914
9/14/2012,110.29,IQTR217081427,IQ865379,Private Company,IQ6462903
9/6/2012,100,IQTR217425320,IQ217425174,Assets/Products,IQ58217972
7/9/2012,3760.68,IQTR213690330,IQ24801,Private Company,IQ160077
7/26/2012,35,IQTR214720160,IQ22009030,Private Company,IQ27292494
7/20/2012,854.41,IQTR214521578,IQ235654921,Private Company,IQ1029989
9/3/2012,2506.35,IQTR216450232,IQ322481,Private Company,IQ345779
7/31/2012,456.48,IQTR215150353,IQ47691015,Private Company,IQ160402528
8/15/2012,209.14,IQTR215618709,IQ215618529,Assets/Products,IQ65914087
9/21/2012,89.92,IQTR217627033,IQ217626917,Assets/Products,IQ30533300
7/10/2012,82.37,IQTR213782100,IQ366747285,Assets/Products,IQ45531671
9/20/2012,788,IQTR217468052,IQ640076,Private Company,IQ382826
9/12/2012,149.88,IQTR216957978,IQ355786,Private Company,IQ50876542
9/19/2012,86.47,IQTR217369588,IQ9590195,Private Company,IQ747487
8/15/2012,221.64,IQTR215625270,IQ215624978,Assets/Products,IQ25062
8/14/2012,42.25,IQTR215712364,IQ215712317,Assets/Products,IQ222644532
8/14/2012,42.25,IQTR215712364,IQ215712317,Assets/Products,IQ35107804
9/27/2012,26.475,IQTR222346693,IQ23971224,Private Company,IQ19141
9/27/2012,26.475,IQTR222346693,IQ23971224,Private Company,IQ20711
8/22/2012,19.7,IQTR216796095,IQ108998194,Private Company,IQ25553237
8/22/2012,19.7,IQTR216796095,IQ108998194,Private Company,IQ64783408
9/27/2012,634.54,IQTR217850497,IQ109847631,Private Company,IQ31348
9/17/2012,280.3,IQTR217288714,IQ280978,Private Company,IQ254725
9/27/2012,25.14,IQTR217850744,IQ217850633,Assets/Products,IQ222954013
8/13/2012,223.6,IQTR215549425,IQ215549157,Assets/Products,IQ307430
8/27/2012,178.65,IQTR216069354,IQ46876812,Private Company,IQ882406
9/6/2012,75.22,IQTR216643551,IQ216643414,Assets/Products,IQ8101165
8/28/2012,6.002,IQTR216170066,IQ9994690,Public Company,IQ99861
8/28/2012,6.002,IQTR216170066,IQ9994690,Public Company,IQ41311090
8/28/2012,6.002,IQTR216170066,IQ9994690,Public Company,IQ22074422
8/28/2012,6.002,IQTR216170066,IQ9994690,Public Company,IQ58859794
8/28/2012,6.002,IQTR216170066,IQ9994690,Public Company,IQ49679052
9/19/2012,84.18,IQTR217408435,IQ31315691,Private Company,IQ317627
8/24/2012,124.79,IQTR216017427,IQ25497514,Private Company,IQ32591432
9/24/2012,77.48,IQTR217634632,IQ62130841,Private Company,IQ21609
8/27/2012,94.28,IQTR216156452,IQ216155907,Assets/Products,IQ24309590
8/3/2012,43.69,IQTR215142911,IQ5755261,Private Company,IQ2422852
7/17/2012,232.11,IQTR214341625,IQ5498805,Private Company,IQ9248638
7/17/2012,69.98,IQTR214356867,IQ5510376,Private Company,IQ9248638
9/6/2012,495,IQTR216732816,IQ216732780,Assets/Products,IQ109049328
8/13/2012,202.54,IQTR215562047,IQ215561675,Assets/Products,IQ162270
9/28/2012,82.86,IQTR222363958,IQ222361918,Assets/Products,IQ8956582
9/27/2012,179.09,IQTR217828853,IQ217828812,Private Company,IQ346200
8/31/2012,254.89,IQTR216412229,IQ50232026,Private Company,IQ171135784
7/16/2012,1825.53,IQTR214244647,IQ294957,Private Company,IQ23307
9/24/2012,102.65,IQTR217696045,IQ217695926,Assets/Products,IQ345779
9/25/2012,59.94,IQTR217748094,IQ217747972,Private Company,IQ217749448
7/19/2012,330,IQTR214461872,IQ28446307,Private Company,IQ873964
9/19/2012,82.65,IQTR217383983,IQ9664036,Private Company,IQ29753
7/16/2012,754.2,IQTR214246397,IQ6529000,Private Company,IQ97023
7/24/2012,30.295,IQTR214625135,IQ10062524,Private Company,IQ215382636
7/24/2012,30.295,IQTR214625135,IQ10062524,Private Company,IQ39349879
9/12/2012,46.47,IQTR217238420,IQ217237970,Assets/Products,IQ277914
9/10/2012,111.84,IQTR216888359,IQ38790717,Private Company,IQ13291287
9/7/2012,64.14,IQTR216826981,IQ879868,Public Company,IQ25359781
8/31/2012,40.56,IQTR216421525,IQ30950655,Private Company,IQ875515
8/8/2012,25.42,IQTR215374595,IQ172003285,Private Company,IQ20384612
8/30/2012,343.85,IQTR216342535,IQ84932047,Private Company,IQ34219
8/17/2012,592.9,IQTR215697445,IQ687117,Private Company,IQ19685
9/18/2012,191.68,IQTR217320765,IQ217320708,Assets/Products,IQ277914
9/4/2012,53.91,IQTR216496573,IQ216495646,Private Company,IQ216496505
8/31/2012,75.56,IQTR216407562,IQ106850365,Private Company,IQ111790273
8/20/2012,49.41,IQTR215758000,IQ215757702,Assets/Products,IQ879382
8/20/2012,60.75,IQTR215768656,IQ35555262,Private Company,IQ311760
7/24/2012,131.7,IQTR214574908,IQ51615705,Private Company,IQ294382
7/2/2012,38.97,IQTR212808873,IQ212807247,Assets/Products,IQ231661835
7/23/2012,148.62,IQTR214569025,IQ27164626,Private Company,IQ275510560
8/6/2012,31.25,IQTR215156071,IQ8792910,Private Company,IQ120514
7/16/2012,48.51,IQTR214248030,IQ28706202,Private Company,IQ11128002
8/27/2012,51.48,IQTR216093118,IQ30513579,Private Company,IQ103678
8/8/2012,61.24,IQTR215312721,IQ215561489,Assets/Products,IQ2214205
7/30/2012,1155.28,IQTR214842120,IQ365092,Private Company,IQ22751
8/21/2012,25.28,IQTR216059436,IQ216059121,Assets/Products,IQ277914
7/2/2012,861.41,IQTR212801732,IQ230297,Private Company,IQ19023
7/18/2012,36.88,IQTR214392504,IQ214939249,Assets/Products,IQ843722
7/17/2012,221.01,IQTR214310081,IQ6927396,Private Company,IQ34783
7/17/2012,403.55,IQTR214324704,IQ39282433,Private Company,IQ31044307
7/1/2012,3545.5,IQTR212738118,IQ30839,Private Company,IQ874425
8/8/2012,33.15,IQTR215378694,IQ30764218,Private Company,IQ220168
8/1/2012,43.91,IQTR214977722,IQ214977323,Assets/Products,IQ326651
7/4/2012,100,IQTR214141049,IQ1925747,Private Company,IQ29931274
7/25/2012,34.66,IQTR214648632,IQ84214528,Private Company,IQ30253
7/25/2012,330.06,IQTR214701020,IQ12531084,Private Company,IQ24790160
7/23/2012,100.28,IQTR214547340,IQ214547304,Assets/Products,IQ29814917
7/19/2012,62.81,IQTR214567689,IQ26988308,Private Company,IQ30814
7/13/2012,47.75,IQTR214217186,IQ51752847,Private Company,IQ393488
9/8/2012,58.66,IQTR216819514,IQ558652,Private Company,IQ45980660
9/8/2012,58.66,IQTR216819514,IQ558652,Private Company,IQ21007
7/11/2012,106.57,IQTR214035822,IQ214035738,Assets/Products,IQ115881768
7/9/2012,48.78,IQTR213701569,IQ237533810,Private Company,IQ411496
7/9/2012,52.84,IQTR213699418,IQ733365,Private Company,IQ356983
7/2/2012,80,IQTR213534125,IQ153945583,Private Company,IQ12168217
7/2/2012,59.43,IQTR215766821,IQ41955667,Private Company,IQ31232183
7/2/2012,30.3,IQTR212781877,IQ13449159,Private Company,IQ141444312
8/1/2012,32.36,IQTR215009276,IQ215009256,Assets/Products,IQ405201
7/21/2012,64.07,IQTR215573144,IQ215573010,Private Company,-
7/20/2012,82.15,IQTR270362309,IQ46985759,Private Company,IQ54338827
