8/7/2015,75,IQTR308755451,IQ744274,Private Company,IQ874149
8/24/2015,329.08,IQTR309873521,IQ50094825,Private Company,IQ35644
7/27/2015,34945.22,IQTR307779852,IQ307779685,Assets/Products,IQ308047
7/16/2015,144.46,IQTR307979712,IQ98966343,Private Company,IQ9794618
9/18/2015,407.5,IQTR311684060,IQ311683801,Assets/Products,IQ875980
8/31/2015,30.45,IQTR310473038,IQ256173480,Private Company,IQ47267521
9/16/2015,642.01,IQTR311601290,IQ1340741,Private Company,IQ141318872
7/2/2015,5658.43,IQTR305825383,IQ330325,Private Company,IQ26273
7/23/2015,801.72,IQTR307480801,IQ307480775,Assets/Products,IQ9643983
9/21/2015,344.09,IQTR311827053,IQ3136377,Private Company,IQ35644
9/15/2015,4986.28,IQTR311492594,IQ128584,Private Company,IQ27504
7/28/2015,1717.87,IQTR307850504,IQ1792003,Private Company,IQ52034861
9/22/2015,267.45,IQTR312150103,IQ109766535,Private Company,IQ12743128
9/4/2015,45,IQTR310756159,IQ266082871,Private Company,IQ215164758
9/3/2015,450.08,IQTR310863031,IQ25130983,Private Company,IQ215164758
9/8/2015,33.97,IQTR310943631,IQ117559964,Private Company,IQ23049465
9/22/2015,42.23,IQTR312086097,IQ312085103,Private Company,IQ11168506
7/20/2015,65.95,IQTR307479899,IQ4271663,Private Company,IQ25454524
9/21/2015,67.03,IQTR316533971,IQ316533943,Assets/Products,IQ1528824
7/15/2015,31.94,IQTR306891046,IQ306890966,Assets/Products,IQ206493293
9/25/2015,56,IQTR312183709,IQ312183513,Private Company,IQ58841880
8/30/2015,27.73,IQTR310362508,IQ49183839,Private Company,IQ253076096
8/22/2015,564.26,IQTR309895463,IQ141271868,Private Company,IQ21826518
8/11/2015,325.93,IQTR309076773,IQ309076669,Private Company,IQ20406558
8/7/2015,244.93,IQTR308979209,IQ308978194,Private Company,IQ114341078
7/30/2015,221.92,IQTR309098019,IQ4269123,Private Company,IQ398784
8/8/2015,43.71,IQTR308980947,IQ61444695,Private Company,IQ112995192
9/28/2015,73.79,IQTR312385943,IQ9461046,Private Company,IQ13104144
7/1/2015,41.46,IQTR320344329,IQ24657373,Private Company,-
8/21/2015,911.63,IQTR309750279,IQ309750217,Assets/Products,IQ6618085
9/2/2015,748.05,IQTR310582817,IQ882321,Private Company,IQ117145406
9/15/2015,76.55,IQTR311526930,IQ269821252,Private Company,IQ30741024
7/27/2015,100.53,IQTR308784737,IQ235889768,Private Company,IQ11369860
8/28/2015,172.72,IQTR310251032,IQ33595995,Private Company,IQ34323153
8/26/2015,88.33,IQTR310072247,IQ11129608,Private Company,IQ2855282
8/15/2015,73.24,IQTR309754239,IQ290291659,Private Company,IQ170940831
9/30/2015,157.16,IQTR312675732,IQ30840277,Private Company,IQ114125053
9/11/2015,587.74,IQTR311475294,IQ311472765,Private Company,IQ226404432
9/11/2015,587.74,IQTR311475294,IQ311472765,Private Company,IQ116234145
7/1/2015,36.13,IQTR305634400,IQ262211749,Private Company,IQ20375340
8/19/2015,402.17,IQTR309598634,IQ40274246,Private Company,IQ687140
7/27/2015,243.2,IQTR307837880,IQ307837804,Assets/Products,IQ879424
9/2/2015,1094.88,IQTR310596124,IQ4222691,Private Company,IQ2381717
7/7/2015,104.73,IQTR307260495,IQ307260351,Assets/Products,IQ249958194
8/4/2015,1509.38,IQTR308429334,IQ29960,Private Company,IQ29962
7/16/2015,150.48,IQTR306949584,IQ264074492,Private Company,IQ10635905
7/7/2015,43.26,IQTR306260299,IQ33061711,Private Company,IQ5435594
8/14/2015,85.32,IQTR309435066,IQ34597293,Private Company,IQ23333
8/6/2015,37.66,IQTR308756258,IQ49183839,Private Company,IQ253076096
9/30/2015,83.82,IQTR312903387,IQ6563170,Private Company,IQ254131
8/31/2015,151.77,IQTR310374352,IQ4333031,Private Company,IQ12934256
8/31/2015,40.35,IQTR317152876,IQ247378550,Private Company,IQ4204924
8/28/2015,139.18,IQTR310455686,IQ4206451,Private Company,IQ28747384
9/9/2015,210.67,IQTR311075881,IQ1716714,Private Company,IQ154924
9/3/2015,180.03,IQTR310705141,IQ310705109,Assets/Products,IQ4107517
8/3/2015,61.12,IQTR308351476,IQ308351424,Assets/Products,IQ49580753
9/24/2015,53.31,IQTR312122504,IQ205031860,Private Company,IQ312122116
9/23/2015,380.99,IQTR312026647,IQ6565955,Private Company,IQ629799
9/22/2015,139.43,IQTR311875837,IQ237902037,Private Company,IQ170228427
7/16/2015,606,IQTR307060127,IQ307060052,Assets/Products,IQ106848682
7/15/2015,950,IQTR307061187,IQ30901660,Private Company,IQ26323374
9/18/2015,307.74,IQTR311701657,IQ44919641,Private Company,IQ36040
8/14/2015,44.21,IQTR309349556,IQ59083475,Private Company,IQ23339779
8/27/2015,1539.44,IQTR310159750,IQ11463664,Private Company,IQ36627
8/10/2015,52.72,IQTR309040840,IQ135273,Private Company,IQ100311111
9/8/2015,3156.39,IQTR310957407,IQ274425355,Private Company,IQ248858755
8/13/2015,124.39,IQTR309246862,IQ6982816,Private Company,IQ46956749
8/26/2015,150.73,IQTR310072255,IQ11129608,Private Company,IQ29396869
8/3/2015,37.44,IQTR308333944,IQ38550714,Private Company,IQ137717
7/17/2015,838.43,IQTR307045627,IQ20684057,Private Company,IQ345779
9/3/2015,269.05,IQTR310720990,IQ34870454,Private Company,IQ36478
8/16/2015,41.49,IQTR309450172,IQ309450123,Assets/Products,IQ11129575
9/16/2015,1371.67,IQTR311553051,IQ224358174,Private Company,IQ24816
9/2/2015,175.14,IQTR310568860,IQ22245111,Private Company,IQ233369900
8/6/2015,937.07,IQTR308676527,IQ31390,Private Company,IQ112350
7/22/2015,1689.315,IQTR307379562,IQ308356,Private Company,IQ34365597
7/22/2015,1689.315,IQTR307379562,IQ308356,Private Company,IQ301667
8/24/2015,178.37,IQTR309879513,IQ10713578,Private Company,IQ266877629
7/27/2015,270.23,IQTR307776857,IQ307776810,Assets/Products,IQ346012
9/15/2015,91.58,IQTR311561608,IQ22988815,Public Company,IQ18613
8/24/2015,490.8,IQTR309874891,IQ309874820,Assets/Products,IQ13356885
8/20/2015,383.55,IQTR309721524,IQ309721356,Assets/Products,IQ235704263
8/25/2015,401.37,IQTR309971852,IQ232392371,Private Company,IQ31348
9/3/2015,52.66,IQTR310699698,IQ138352018,Private Company,IQ5303664
8/20/2015,1295.65,IQTR309697141,IQ182739307,Private Company,IQ345779
8/10/2015,158.16,IQTR308981976,IQ308981728,Assets/Products,IQ263867981
9/7/2015,26.9,IQTR310868862,IQ46894870,Private Company,IQ739769
8/31/2015,776.25,IQTR310370440,IQ233440943,Private Company,IQ7009878
8/18/2015,112.45,IQTR309752538,IQ61421071,Public Company,-
8/7/2015,32.44,IQTR308797195,IQ308797155,Assets/Products,IQ308797048
7/15/2015,29,IQTR311712912,IQ312306800,Private Company,IQ41393182
9/4/2015,32.8,IQTR310975299,IQ133322712,Private Company,IQ310975204
9/28/2015,89.09,IQTR312327290,IQ269452792,Private Company,IQ31348
8/6/2015,49.13,IQTR308686583,IQ52781411,Private Company,IQ112955678
9/25/2015,350,IQTR312347039,IQ312347014,Private Company,IQ22003
8/10/2015,1205.95,IQTR308981982,IQ35538654,Private Company,IQ287500114
7/22/2015,80,IQTR310059874,IQ58211307,Private Company,IQ29931274
9/21/2015,89.14,IQTR311837577,IQ311837350,Private Company,IQ311837545
9/21/2015,89.2,IQTR1676354270,IQ1676353182,Assets/Products,IQ40983088
9/2/2015,28.8,IQTR310949097,IQ73490857,Public Company,-
9/18/2015,35,IQTR311803008,IQ311802944,Assets/Products,IQ139153
7/16/2015,26.81,IQTR306959247,IQ306959171,Private Company,IQ30900216
9/16/2015,118.05,IQTR311539184,IQ311539011,Assets/Products,IQ267304112
9/10/2015,50.63,IQTR311160205,IQ70159192,Private Company,IQ34176
9/14/2015,70.79,IQTR311394983,IQ112560588,Private Company,IQ258133
9/14/2015,113.83,IQTR311395428,IQ311395384,Assets/Products,IQ30881744
8/24/2015,121.41,IQTR309879217,IQ116220485,Private Company,IQ103599
9/9/2015,433.04,IQTR311047022,IQ311046894,Private Company,IQ796172
9/9/2015,134.9,IQTR311148114,IQ11371299,Public Company,IQ23333
8/31/2015,52.32,IQTR310414452,IQ10287105,Private Company,IQ254910893
9/8/2015,95.195,IQTR311026678,IQ311025841,Assets/Products,IQ8984166
9/8/2015,95.195,IQTR311026678,IQ311025841,Assets/Products,IQ264625
9/4/2015,136.61,IQTR310772991,IQ310772863,Assets/Products,IQ310772775
8/10/2015,164.57,IQTR308983625,IQ22757167,Private Company,IQ22365961
8/21/2015,246.86,IQTR310716696,IQ226081739,Private Company,IQ21475
7/13/2015,25.77,IQTR306629907,IQ876231,Private Company,IQ345779
9/4/2015,49.26,IQTR310778490,IQ238510044,Private Company,IQ143408844
9/1/2015,168.75,IQTR310512090,IQ310512079,Assets/Products,IQ290461795
8/24/2015,120.5,IQTR309896846,IQ48668580,Private Company,IQ42598313
8/8/2015,70.99,IQTR309874649,IQ309004353,Private Company,IQ53298561
8/8/2015,120.35,IQTR309874660,IQ132688174,Private Company,IQ53298561
8/31/2015,195.51,IQTR310401639,IQ223513450,Private Company,IQ31348
8/14/2015,135.02,IQTR309335559,IQ206369707,Private Company,IQ7757640
8/6/2015,467.29,IQTR308660039,IQ308659936,Assets/Products,IQ336774
7/30/2015,329.45,IQTR308091229,IQ133834445,Private Company,IQ247483
7/27/2015,810.68,IQTR307807376,IQ317232092,Private Company,IQ29926600
7/7/2015,1110.21,IQTR306140490,IQ306140352,Assets/Products,IQ36478
7/26/2015,510.24,IQTR307764510,IQ84127006,Private Company,IQ36478
7/1/2015,644.82,IQTR305699003,IQ47055996,Private Company,IQ21591
8/27/2015,117.125,IQTR310240123,IQ222657282,Private Company,IQ41689703
8/27/2015,117.125,IQTR310240123,IQ222657282,Private Company,IQ27615909
7/14/2015,7017.06,IQTR306751096,IQ81690022,Private Company,IQ258769
8/25/2015,255.02,IQTR309999475,IQ167810595,Private Company,IQ172207
7/16/2015,96.16,IQTR306966063,IQ306965979,Assets/Products,IQ29726
8/19/2015,37.3,IQTR309773406,IQ58315779,Private Company,IQ118207004
8/4/2015,364.94,IQTR308427926,IQ8032475,Private Company,IQ269715864
8/19/2015,134.36,IQTR309632057,IQ39737334,Private Company,IQ427477
8/5/2015,130.6,IQTR308597172,IQ308595979,Assets/Products,IQ326651
8/13/2015,381.42,IQTR309246886,IQ109922943,Private Company,IQ4471495
7/6/2015,822.41,IQTR306083137,IQ61843683,Private Company,IQ113069554
7/13/2015,213.16,IQTR306638681,IQ47106168,Private Company,IQ31348
7/6/2015,121.55,IQTR306067705,IQ142253744,Private Company,IQ36478
8/10/2015,42.32,IQTR309020769,IQ38016235,Private Company,IQ646944
8/11/2015,45.2,IQTR309100561,IQ240347328,Private Company,IQ4876433
7/7/2015,217.015,IQTR306146004,IQ306145853,Assets/Products,IQ162981
7/7/2015,217.015,IQTR306146004,IQ306145853,Assets/Products,IQ398549
7/31/2015,121.29,IQTR308193378,IQ4271805,Private Company,IQ260725
8/12/2015,61.59,IQTR309171251,IQ7819755,Private Company,IQ269715864
8/6/2015,178.67,IQTR309024236,IQ309024045,Assets/Products,IQ144831039
7/31/2015,28.2,IQTR308192342,IQ308192330,Assets/Products,IQ41623273
7/30/2015,266.7,IQTR308061479,IQ37821794,Private Company,IQ4262436
7/28/2015,547.62,IQTR307863984,IQ217097151,Private Company,IQ288502
7/27/2015,77.98,IQTR307837171,IQ23888838,Private Company,IQ11129226
7/24/2015,77.47,IQTR307583937,IQ307583710,Private Company,IQ32414310
7/17/2015,67.07,IQTR307045748,IQ307045662,Private Company,IQ140787854
7/6/2015,60.8,IQTR306068904,IQ306068881,Assets/Products,IQ7797659
7/2/2015,54.08,IQTR305827982,IQ305827962,Private Company,IQ9643983
8/27/2015,311.45,IQTR310179141,IQ6489923,Private Company,-
8/4/2015,26,IQTR315914692,IQ315914586,Assets/Products,IQ324452
8/3/2015,273.68,IQTR308348879,IQ138616376,Private Company,IQ385727
7/30/2015,44.88,IQTR308100124,IQ106592436,Private Company,IQ20947639
7/30/2015,53.13,IQTR309154857,IQ230455331,Private Company,IQ5542399
8/5/2015,34.89,IQTR309269070,IQ4481735,Public Company,IQ307767547
7/9/2015,194.21,IQTR306368471,IQ879341,Private Company,IQ91093
7/13/2015,200,IQTR306633260,IQ1925747,Private Company,IQ6196530
7/20/2015,40.55,IQTR307201242,IQ307201156,Assets/Products,IQ409956
7/7/2015,64.68,IQTR306141711,IQ208447640,Private Company,IQ28958752
7/16/2015,160.73,IQTR306949682,IQ50200640,Private Company,IQ396177
7/14/2015,81.78,IQTR306743463,IQ306743413,Assets/Products,IQ49414282
8/12/2015,153.765,IQTR309448938,IQ309076669,Private Company,IQ250688153
8/12/2015,153.765,IQTR309448938,IQ309076669,Private Company,IQ309448801
7/15/2015,54.76,IQTR306949562,IQ133506468,Private Company,IQ1348220
7/13/2015,340,IQTR306642400,IQ23585971,Public Company,IQ6890397
7/9/2015,49.13,IQTR319512384,IQ26049385,Private Company,IQ319510870
7/6/2015,60.3,IQTR310908619,IQ52816297,Private Company,IQ116960807
7/10/2015,358.98,IQTR306510183,IQ59123471,Private Company,IQ411220
7/8/2015,44.2,IQTR306496976,IQ256780383,Private Company,IQ271464340
7/2/2015,51.55,IQTR305883250,IQ305883059,Private Company,IQ306255130
8/4/2015,39.96,IQTR315914640,IQ315914607,Assets/Products,IQ324452
7/2/2015,26.5,IQTR305801938,IQ27423242,Private Company,IQ43246930
7/1/2015,60.42,IQTR305732503,IQ305732200,Assets/Products,IQ320908
8/4/2015,68.425,IQTR308432212,IQ308432143,Assets/Products,IQ28188
8/4/2015,68.425,IQTR308432212,IQ308432143,Assets/Products,IQ277914
8/4/2015,205.28,IQTR308443114,IQ308442957,Assets/Products,IQ277966
7/13/2015,44.67,IQTR308100046,IQ308100004,Assets/Products,IQ99930708
8/4/2015,28.74,IQTR308435798,IQ308435590,Assets/Products,IQ12344550
7/6/2015,51.26,IQTR326051301,IQ326048175,Assets/Products,IQ27049995
8/6/2015,88.06,IQTR308788307,IQ146192970,Private Company,-
