12/22/2015,1165.4,IQTR320254115,IQ115086946,Private Company,IQ20359573
8/7/2015,75,IQTR308755451,IQ744274,Private Company,IQ874149
8/24/2015,329.08,IQTR309873521,IQ50094825,Private Company,IQ35644
5/14/2015,267.13,IQTR301404148,IQ301404085,Private Company,IQ83200590
12/15/2015,11400,IQTR319618608,IQ319617490,Assets/Products,IQ6428883
3/30/2015,33.47,IQTR329516058,IQ329515982,Private Company,IQ240369238
11/2/2015,40.74,IQTR327051693,IQ327051107,Assets/Products,IQ247071557
6/25/2015,93.75,IQTR556892576,IQ4284541,Private Company,IQ3176566
5/5/2015,40.28,IQTR296120376,IQ23108635,Private Company,IQ3176566
12/4/2015,173.25,IQTR318558442,IQ318558381,Private Company,IQ7655549
10/26/2015,224.05,IQTR315279480,IQ4074310,Private Company,IQ1925071
6/15/2015,213.47,IQTR304041106,IQ304040843,Assets/Products,IQ7658699
3/11/2015,72.95,IQTR288192310,IQ32994847,Private Company,IQ69126748
7/27/2015,34945.22,IQTR307779852,IQ307779685,Assets/Products,IQ308047
7/16/2015,144.46,IQTR307979712,IQ98966343,Private Company,IQ9794618
10/21/2015,279.29,IQTR378342549,IQ378342349,Assets/Products,IQ874480
12/21/2015,211.89,IQTR321827566,IQ52324921,Private Company,IQ116198979
11/17/2015,173,IQTR320303040,IQ47014591,Private Company,IQ23893
10/22/2015,373.19,IQTR315189609,IQ276529923,Private Company,IQ114602010
10/26/2015,77.27,IQTR315196092,IQ30964761,Private Company,IQ289036322
12/16/2015,525.29,IQTR319629022,IQ319628992,Assets/Products,IQ336774
11/16/2015,97.65,IQTR317115201,IQ317114841,Assets/Products,IQ51538497
12/6/2015,633.95,IQTR318800969,IQ29000453,Private Company,IQ318800894
10/28/2015,997.43,IQTR315386934,IQ22277393,Private Company,IQ58859794
10/20/2015,90.98,IQTR314704651,IQ310548533,Private Company,IQ240458301
12/22/2015,36.45,IQTR320187361,IQ320187272,Assets/Products,IQ33198138
12/16/2015,33.91,IQTR319621972,IQ1492701,Private Company,IQ9985914
11/10/2015,274.09,IQTR316731861,IQ4247457,Private Company,IQ4161687
9/18/2015,407.5,IQTR311684060,IQ311683801,Assets/Products,IQ875980
12/1/2015,622.63,IQTR318233632,IQ318232877,Assets/Products,IQ6574375
11/11/2015,675,IQTR316668551,IQ316668497,Assets/Products,IQ5497975
3/30/2015,254.14,IQTR289857315,IQ289856490,Assets/Products,IQ277966
8/31/2015,30.45,IQTR310473038,IQ256173480,Private Company,IQ47267521
9/16/2015,642.01,IQTR311601290,IQ1340741,Private Company,IQ141318872
7/2/2015,5658.43,IQTR305825383,IQ330325,Private Company,IQ26273
10/21/2015,125.4,IQTR314824929,IQ910737,Private Company,IQ49645717
11/26/2015,95.47,IQTR317839579,IQ311965829,Assets/Products,IQ47845265
7/23/2015,801.72,IQTR307480801,IQ307480775,Assets/Products,IQ9643983
10/1/2015,2055.17,IQTR312634865,IQ20881176,Private Company,IQ308047
6/4/2015,2579.29,IQTR303087868,IQ28958752,Private Company,-
12/29/2015,87.97,IQTR320793342,IQ320791458,Assets/Products,IQ26782
10/29/2015,32.29,IQTR318377085,IQ4327822,Private Company,IQ4803319
9/21/2015,344.09,IQTR311827053,IQ3136377,Private Company,IQ35644
12/18/2015,457.35,IQTR323652165,IQ9830326,Private Company,IQ114125053
11/10/2015,126.29,IQTR316545010,IQ316544994,Assets/Products,IQ361335
9/15/2015,4986.28,IQTR311492594,IQ128584,Private Company,IQ27504
7/28/2015,1717.87,IQTR307850504,IQ1792003,Private Company,IQ52034861
11/2/2015,52.67,IQTR316168475,IQ139510740,Private Company,IQ61421071
12/18/2015,2677.68,IQTR319819568,IQ319819453,Assets/Products,IQ99285754
11/11/2015,25.25,IQTR318286689,IQ318286584,Assets/Products,IQ379493
12/29/2015,82.11,IQTR325436149,IQ222949272,Private Company,-
9/22/2015,267.45,IQTR312150103,IQ109766535,Private Company,IQ12743128
9/4/2015,45,IQTR310756159,IQ266082871,Private Company,IQ215164758
9/3/2015,450.08,IQTR310863031,IQ25130983,Private Company,IQ215164758
9/8/2015,33.97,IQTR310943631,IQ117559964,Private Company,IQ23049465
12/31/2015,2019.45,IQTR321213708,IQ33304,Private Company,IQ26259736
12/11/2015,27.31,IQTR319621477,IQ319621443,Private Company,IQ681160
11/10/2015,347.71,IQTR316496829,IQ3434256,Private Company,IQ4200916
11/23/2015,212.19,IQTR317563393,IQ30916784,Private Company,IQ10969688
6/3/2015,36.37,IQTR335685387,IQ268438365,Assets/Products,IQ30667710
11/30/2015,448.44,IQTR318120859,IQ318331047,Private Company,IQ6562238
10/20/2015,538.48,IQTR314921458,IQ9794102,Public Company,IQ32432181
6/8/2015,171.34,IQTR303331097,IQ3182421,Public Company,IQ126025
10/26/2015,156.67,IQTR315215081,IQ42894289,Private Company,IQ348835
9/22/2015,42.23,IQTR312086097,IQ312085103,Private Company,IQ11168506
12/17/2015,3698.2,IQTR319733597,IQ232585223,Private Company,IQ336774
12/7/2015,210,IQTR318712032,IQ266893,Private Company,IQ30839
12/18/2015,377.92,IQTR319849867,IQ319847346,Assets/Products,IQ232036063
11/24/2015,194.36,IQTR317657434,IQ317657332,Private Company,IQ52511612
7/20/2015,65.95,IQTR307479899,IQ4271663,Private Company,IQ25454524
4/27/2015,482.17,IQTR292634542,IQ1432337,Public Company,IQ257265620
3/2/2015,31.31,IQTR286619671,IQ6491297,Private Company,IQ25454524
11/2/2015,2517.26,IQTR315848113,IQ424885,Private Company,IQ29481629
4/29/2015,157.34,IQTR302803976,IQ302799527,Private Company,IQ100770699
12/18/2015,135.86,IQTR319827956,IQ9830326,Private Company,IQ114125053
12/17/2015,31.39,IQTR323361114,IQ26049405,Public Company,IQ323547177
10/20/2015,72.91,IQTR318453743,IQ767831,Private Company,IQ317851565
12/17/2015,383.69,IQTR319748376,IQ319748332,Assets/Products,IQ319092
11/2/2015,5361.59,IQTR315835459,IQ27779,Private Company,IQ315906966
12/22/2015,117.11,IQTR320208141,IQ7990514,Private Company,IQ27212
11/5/2015,204.64,IQTR316215675,IQ30872580,Private Company,IQ24494
12/11/2015,232.115,IQTR319128152,IQ244206234,Private Company,IQ25758029
12/11/2015,232.115,IQTR319128152,IQ244206234,Private Company,IQ316347748
6/26/2015,134.28,IQTR307985843,IQ307985517,Private Company,IQ36806273
6/26/2015,69.31,IQTR307986721,IQ307986619,Private Company,IQ36806273
12/17/2015,164.57,IQTR319770432,IQ45532436,Private Company,IQ30820
12/4/2015,125.13,IQTR320056949,IQ133744958,Private Company,IQ47100672
11/25/2015,229.55,IQTR317741997,IQ25474229,Private Company,IQ2146380
10/27/2015,246.87,IQTR315291197,IQ3202542,Private Company,IQ142662120
10/26/2015,236.38,IQTR315194852,IQ22784126,Private Company,IQ410903857
12/11/2015,42.73,IQTR320265461,IQ320265342,Private Company,IQ20384650
10/29/2015,256.15,IQTR315531296,IQ25290,Private Company,IQ286495222
6/10/2015,1022,IQTR303565657,IQ303565574,Private Company,IQ303565381
11/17/2015,150.28,IQTR317190995,IQ35041175,Private Company,IQ26837269
11/16/2015,245.79,IQTR317052788,IQ28544280,Private Company,IQ263232
10/30/2015,182.36,IQTR315805317,IQ12912883,Private Company,IQ186373
10/29/2015,250.79,IQTR315494964,IQ26471942,Private Company,IQ97461
9/21/2015,67.03,IQTR316533971,IQ316533943,Assets/Products,IQ1528824
11/24/2015,33.84,IQTR317680555,IQ317680536,Assets/Products,IQ7755957
10/14/2015,41.26,IQTR314060629,IQ314208068,Private Company,IQ27576
7/15/2015,31.94,IQTR306891046,IQ306890966,Assets/Products,IQ206493293
2/6/2015,79.4,IQTR315075847,IQ138829481,Private Company,IQ4200966
12/31/2015,127.64,IQTR650112676,IQ226975713,Private Company,IQ41899907
12/1/2015,36.83,IQTR321866747,IQ6783547,Private Company,IQ60438762
11/19/2015,111.62,IQTR322213524,IQ322213482,Private Company,IQ304257860
11/10/2015,65.48,IQTR316544002,IQ316543867,Assets/Products,IQ317627
11/10/2015,70.16,IQTR316652743,IQ316652676,Assets/Products,IQ416900
11/9/2015,63.24,IQTR316536306,IQ225370692,Private Company,IQ24970049
11/9/2015,25.23,IQTR316545745,IQ49183839,Private Company,IQ253076096
11/6/2015,46.81,IQTR316297107,IQ47341864,Private Company,IQ991051
11/5/2015,119.57,IQTR316229795,IQ316229764,Assets/Products,IQ12344550
11/3/2015,57.52,IQTR315967887,IQ114224485,Private Company,IQ347535
11/3/2015,174.37,IQTR316048098,IQ316047882,Assets/Products,IQ133840736
10/16/2015,52.8,IQTR314403886,IQ3599760,Private Company,IQ50182374
9/25/2015,56,IQTR312183709,IQ312183513,Private Company,IQ58841880
8/30/2015,27.73,IQTR310362508,IQ49183839,Private Company,IQ253076096
8/22/2015,564.26,IQTR309895463,IQ141271868,Private Company,IQ21826518
8/11/2015,325.93,IQTR309076773,IQ309076669,Private Company,IQ20406558
8/7/2015,244.93,IQTR308979209,IQ308978194,Private Company,IQ114341078
7/30/2015,221.92,IQTR309098019,IQ4269123,Private Company,IQ398784
6/4/2015,833.92,IQTR303322747,IQ303322650,Assets/Products,IQ36235
6/2/2015,470,IQTR302941786,IQ107488403,Private Company,IQ19115
2/24/2015,107.1,IQTR285873051,IQ285872499,Private Company,IQ4993799
12/1/2015,82,IQTR318213900,IQ50276111,Private Company,IQ23435
10/21/2015,265.25,IQTR314854203,IQ26468,Private Company,IQ58220006
8/8/2015,43.71,IQTR308980947,IQ61444695,Private Company,IQ112995192
11/27/2015,73.88,IQTR318112831,IQ318112462,Private Company,IQ319680388
11/20/2015,171.61,IQTR317384480,IQ9664122,Private Company,IQ874567
9/28/2015,73.79,IQTR312385943,IQ9461046,Private Company,IQ13104144
12/18/2015,27.42,IQTR319843628,IQ319843582,Assets/Products,IQ278298574
7/1/2015,41.46,IQTR320344329,IQ24657373,Private Company,-
12/23/2015,41.28,IQTR320301248,IQ270150255,Private Company,IQ409956
11/2/2015,29.54,IQTR315823124,IQ315822948,Assets/Products,IQ11187001
12/21/2015,215.22,IQTR321278626,IQ115485860,Private Company,IQ25171977
12/20/2015,42.67,IQTR320073793,IQ320073706,Private Company,IQ238655758
10/27/2015,223.29,IQTR317527858,IQ317520145,Private Company,IQ9549960
8/21/2015,911.63,IQTR309750279,IQ309750217,Assets/Products,IQ6618085
12/18/2015,207.39,IQTR320069029,IQ34009973,Private Company,IQ95940
10/23/2015,64.01,IQTR315966653,IQ13402454,Public Company,IQ320624173
4/27/2015,283.75,IQTR292595716,IQ100253928,Private Company,IQ61636574
12/17/2015,47.15,IQTR319757180,IQ228921481,Private Company,IQ646944
12/17/2015,135,IQTR319829524,IQ275312123,Private Company,IQ24310558
11/15/2015,55.01,IQTR317248258,IQ41699596,Public Company,IQ247856902
9/2/2015,748.05,IQTR310582817,IQ882321,Private Company,IQ117145406
12/17/2015,87,IQTR319736805,IQ319736709,Assets/Products,IQ874804
11/6/2015,2514.48,IQTR316290043,IQ106585545,Private Company,IQ1379556
9/15/2015,76.55,IQTR311526930,IQ269821252,Private Company,IQ30741024
5/14/2015,167.66,IQTR301248253,IQ301248113,Private Company,IQ54303832
12/14/2015,235.55,IQTR320475306,IQ4717265,Private Company,IQ20505439
12/2/2015,581.47,IQTR318407837,IQ104485064,Public Company,IQ429043
11/27/2015,162.515,IQTR319438844,IQ5418699,Private Company,IQ23333
11/27/2015,162.515,IQTR319438844,IQ5418699,Private Company,IQ104673
4/30/2015,510.801666666667,IQTR295232475,IQ8285067,Private Company,IQ249955240
4/30/2015,510.801666666667,IQTR295232475,IQ8285067,Private Company,IQ128909442
4/30/2015,510.801666666667,IQTR295232475,IQ8285067,Private Company,IQ316160911
4/30/2015,510.801666666667,IQTR295232475,IQ8285067,Private Company,IQ39335212
4/30/2015,510.801666666667,IQTR295232475,IQ8285067,Private Company,IQ33018
4/30/2015,510.801666666667,IQTR295232475,IQ8285067,Private Company,IQ241854293
4/15/2015,324.07,IQTR291474991,IQ291474124,Private Company,IQ114337813
7/27/2015,100.53,IQTR308784737,IQ235889768,Private Company,IQ11369860
12/9/2015,30.57,IQTR319085179,IQ268875571,Private Company,IQ40478841
11/2/2015,1882.13,IQTR315855326,IQ30422836,Private Company,IQ25798
8/28/2015,172.72,IQTR310251032,IQ33595995,Private Company,IQ34323153
8/26/2015,88.33,IQTR310072247,IQ11129608,Private Company,IQ2855282
12/4/2015,82.16,IQTR318730260,IQ133744958,Private Company,IQ47100672
6/4/2015,27.2,IQTR303037444,IQ8793501,Private Company,IQ278298574
11/3/2015,123.25,IQTR316729629,IQ316729552,Assets/Products,IQ217389033
8/15/2015,73.24,IQTR309754239,IQ290291659,Private Company,IQ170940831
12/1/2015,26.96,IQTR318229253,IQ131939,Private Company,IQ25537232
12/1/2015,40.07,IQTR318251117,IQ318251081,Assets/Products,IQ30550
11/11/2015,35.28,IQTR316664068,IQ316663973,Assets/Products,IQ379493
10/1/2015,50.12,IQTR312611628,IQ310903303,Private Company,IQ261604518
9/30/2015,157.16,IQTR312675732,IQ30840277,Private Company,IQ114125053
9/11/2015,587.74,IQTR311475294,IQ311472765,Private Company,IQ226404432
9/11/2015,587.74,IQTR311475294,IQ311472765,Private Company,IQ116234145
7/1/2015,36.13,IQTR305634400,IQ262211749,Private Company,IQ20375340
4/19/2015,518.38,IQTR291925309,IQ105839824,Private Company,IQ5531267
11/17/2015,42.79,IQTR317228741,IQ98184309,Private Company,IQ137697488
11/5/2015,115.43,IQTR316230592,IQ6967263,Private Company,IQ336648
8/19/2015,402.17,IQTR309598634,IQ40274246,Private Company,IQ687140
1/27/2015,50.67,IQTR283085039,IQ145259878,Private Company,IQ41666986
7/27/2015,243.2,IQTR307837880,IQ307837804,Assets/Products,IQ879424
11/20/2015,154.92,IQTR317406864,IQ32993441,Public Company,IQ32414310
11/20/2015,45.64,IQTR317407864,IQ32993441,Public Company,IQ32414310
11/25/2015,28.26,IQTR317726218,IQ317726114,Assets/Products,IQ22771186
9/2/2015,1094.88,IQTR310596124,IQ4222691,Private Company,IQ2381717
6/24/2015,62.26,IQTR304865208,IQ118149823,Private Company,IQ328242229
3/18/2015,127.69,IQTR288813985,IQ288812874,Private Company,IQ66323113
11/30/2015,77.05,IQTR318214771,IQ183363389,Private Company,IQ154172707
7/7/2015,104.73,IQTR307260495,IQ307260351,Assets/Products,IQ249958194
11/11/2015,42.09,IQTR316643052,IQ224026258,Private Company,IQ9560513
8/4/2015,1509.38,IQTR308429334,IQ29960,Private Company,IQ29962
11/24/2015,31.91,IQTR324396290,IQ324395991,Assets/Products,IQ244978297
11/19/2015,48.04,IQTR317285828,IQ106590617,Private Company,IQ279328663
11/19/2015,33,IQTR317442979,IQ317442950,Assets/Products,IQ51784479
7/16/2015,150.48,IQTR306949584,IQ264074492,Private Company,IQ10635905
11/19/2015,180,IQTR317359968,IQ317359668,Assets/Products,IQ12344550
11/18/2015,103.45,IQTR317235216,IQ25230324,Private Company,IQ31348
11/18/2015,36,IQTR317287159,IQ31096728,Private Company,IQ91093
6/5/2015,86.96,IQTR303722207,IQ109538251,Private Company,IQ73586756
11/16/2015,40.58,IQTR317222687,IQ153926136,Private Company,IQ19875
7/7/2015,43.26,IQTR306260299,IQ33061711,Private Company,IQ5435594
5/5/2015,175.35,IQTR300954770,IQ300954170,Private Company,IQ51657460
11/2/2015,769.46,IQTR315903253,IQ260981588,Private Company,IQ215548781
10/29/2015,175.86,IQTR315587278,IQ315586807,Assets/Products,IQ7797659
8/14/2015,85.32,IQTR309435066,IQ34597293,Private Company,IQ23333
8/6/2015,37.66,IQTR308756258,IQ49183839,Private Company,IQ253076096
6/25/2015,80.18,IQTR306859655,IQ28445986,Private Company,IQ308415852
6/25/2015,80.18,IQTR306859655,IQ28445986,Private Company,IQ308415846
10/6/2015,2735.64,IQTR312935342,IQ256715164,Private Company,IQ928736
6/5/2015,140.45,IQTR303718568,IQ303195651,Private Company,IQ73586756
2/17/2015,44.98,IQTR285554929,IQ883517,Private Company,IQ426471
11/4/2015,72.37,IQTR316118267,IQ248663692,Assets/Products,IQ277914
11/4/2015,37.74,IQTR316433748,IQ84934853,Private Company,IQ25144982
11/2/2015,43.99,IQTR315892442,IQ315892062,Private Company,IQ359017
11/2/2015,63.49,IQTR315917923,IQ240997432,Private Company,IQ12315861
11/2/2015,32.92,IQTR316173834,IQ108757359,Private Company,IQ61421071
9/30/2015,83.82,IQTR312903387,IQ6563170,Private Company,IQ254131
8/31/2015,151.77,IQTR310374352,IQ4333031,Private Company,IQ12934256
8/31/2015,40.35,IQTR317152876,IQ247378550,Private Company,IQ4204924
8/28/2015,139.18,IQTR310455686,IQ4206451,Private Company,IQ28747384
11/3/2015,108.18,IQTR326900585,IQ326900187,Private Company,IQ26259736
9/9/2015,210.67,IQTR311075881,IQ1716714,Private Company,IQ154924
9/3/2015,180.03,IQTR310705141,IQ310705109,Assets/Products,IQ4107517
8/3/2015,61.12,IQTR308351476,IQ308351424,Assets/Products,IQ49580753
4/28/2015,990.91,IQTR295331581,IQ114665026,Private Company,IQ22596150
10/9/2015,510.2,IQTR313251877,IQ28463911,Private Company,IQ687140
11/3/2015,34.69,IQTR315989236,IQ315989220,Assets/Products,IQ370279
10/19/2015,35.58,IQTR314644464,IQ314818930,Assets/Products,IQ27189
9/24/2015,53.31,IQTR312122504,IQ205031860,Private Company,IQ312122116
9/23/2015,380.99,IQTR312026647,IQ6565955,Private Company,IQ629799
9/22/2015,139.43,IQTR311875837,IQ237902037,Private Company,IQ170228427
7/16/2015,606,IQTR307060127,IQ307060052,Assets/Products,IQ106848682
7/15/2015,950,IQTR307061187,IQ30901660,Private Company,IQ26323374
9/18/2015,307.74,IQTR311701657,IQ44919641,Private Company,IQ36040
8/14/2015,44.21,IQTR309349556,IQ59083475,Private Company,IQ23339779
8/27/2015,1539.44,IQTR310159750,IQ11463664,Private Company,IQ36627
8/10/2015,52.72,IQTR309040840,IQ135273,Private Company,IQ100311111
10/26/2015,43.45,IQTR315206483,IQ11168590,Private Company,IQ22751
6/18/2015,263.11,IQTR304352803,IQ216699132,Private Company,IQ160235505
6/18/2015,263.11,IQTR304352803,IQ216699132,Private Company,IQ277914
10/13/2015,69.28,IQTR314848792,IQ9735897,Public Company,IQ314847592
9/8/2015,3156.39,IQTR310957407,IQ274425355,Private Company,IQ248858755
8/13/2015,124.39,IQTR309246862,IQ6982816,Private Company,IQ46956749
10/20/2015,144.59,IQTR314774832,IQ7913298,Private Company,IQ260005529
8/26/2015,150.73,IQTR310072255,IQ11129608,Private Company,IQ29396869
8/3/2015,37.44,IQTR308333944,IQ38550714,Private Company,IQ137717
7/17/2015,838.43,IQTR307045627,IQ20684057,Private Company,IQ345779
4/27/2015,445.21,IQTR292566690,IQ127386611,Private Company,IQ258769
2/26/2015,1362.62,IQTR286102020,IQ8577784,Private Company,IQ27283
10/21/2015,227.31,IQTR314829236,IQ314828356,Private Company,IQ12932954
10/16/2015,57.54,IQTR314401073,IQ22000266,Private Company,IQ29762693
9/3/2015,269.05,IQTR310720990,IQ34870454,Private Company,IQ36478
8/16/2015,41.49,IQTR309450172,IQ309450123,Assets/Products,IQ11129575
10/12/2015,38.14,IQTR313527936,IQ263691035,Private Company,IQ23220857
9/16/2015,1371.67,IQTR311553051,IQ224358174,Private Company,IQ24816
9/2/2015,175.14,IQTR310568860,IQ22245111,Private Company,IQ233369900
6/22/2015,220,IQTR304600597,IQ5391467,Private Company,IQ883811
3/22/2015,84.6,IQTR289150713,IQ79113954,Private Company,IQ60890221
1/27/2015,123.67,IQTR283551925,IQ79113954,Private Company,IQ4481200
1/27/2015,469.28,IQTR283554841,IQ79113954,Private Company,IQ4481200
1/1/2015,527.42,IQTR281245447,IQ79113954,Private Company,IQ4481200
10/13/2015,104,IQTR313897425,IQ7621937,Private Company,IQ259671390
10/4/2015,125.9,IQTR312822471,IQ28579989,Private Company,IQ901985
8/6/2015,937.07,IQTR308676527,IQ31390,Private Company,IQ112350
6/18/2015,494.52,IQTR304347949,IQ342988,Private Company,IQ271094470
10/11/2015,217.06,IQTR313744411,IQ313744375,Private Company,IQ41630765
10/9/2015,131.07,IQTR317327746,IQ275787080,Private Company,IQ285467
3/26/2015,112.25,IQTR289686624,IQ289686547,Private Company,IQ290915264
10/9/2015,263.9,IQTR313193494,IQ313193367,Assets/Products,IQ874641
7/22/2015,1689.315,IQTR307379562,IQ308356,Private Company,IQ34365597
7/22/2015,1689.315,IQTR307379562,IQ308356,Private Company,IQ301667
11/3/2015,50.35,IQTR325158015,IQ308442957,Assets/Products,IQ701059
11/3/2015,50.35,IQTR325158015,IQ308442957,Assets/Products,IQ24454433
8/24/2015,178.37,IQTR309879513,IQ10713578,Private Company,IQ266877629
7/27/2015,270.23,IQTR307776857,IQ307776810,Assets/Products,IQ346012
10/5/2015,26.525,IQTR312867282,IQ9951568,Private Company,IQ317440
10/5/2015,26.525,IQTR312867282,IQ9951568,Private Company,IQ115542
9/15/2015,91.58,IQTR311561608,IQ22988815,Public Company,IQ18613
8/24/2015,490.8,IQTR309874891,IQ309874820,Assets/Products,IQ13356885
8/20/2015,383.55,IQTR309721524,IQ309721356,Assets/Products,IQ235704263
10/2/2015,32.5,IQTR312677544,IQ7641974,Private Company,IQ271531448
10/2/2015,81.77,IQTR312683611,IQ39739485,Private Company,IQ8819311
8/25/2015,401.37,IQTR309971852,IQ232392371,Private Company,IQ31348
3/2/2015,1738.81,IQTR286428914,IQ286428867,Assets/Products,IQ172207
11/5/2015,36.79,IQTR326948801,IQ326948769,Assets/Products,IQ266190025
10/7/2015,41.04,IQTR313119933,IQ130905121,Private Company,IQ4476081
10/2/2015,26.69,IQTR312672487,IQ115983016,Private Company,IQ419846
10/1/2015,67.02,IQTR312659632,IQ264055763,Private Company,IQ4278369
9/3/2015,52.66,IQTR310699698,IQ138352018,Private Company,IQ5303664
8/20/2015,1295.65,IQTR309697141,IQ182739307,Private Company,IQ345779
8/10/2015,158.16,IQTR308981976,IQ308981728,Assets/Products,IQ263867981
6/25/2015,1700,IQTR305031136,IQ45983985,Private Company,IQ19685
6/17/2015,2033.7,IQTR304242415,IQ23928419,Private Company,IQ36478
6/14/2015,33.08,IQTR306613752,IQ306613606,Assets/Products,IQ306365771
6/11/2015,956.83,IQTR303739254,IQ33198177,Private Company,IQ29374
5/11/2015,118.8,IQTR300897450,IQ300897315,Assets/Products,IQ225587289
1/6/2015,188.65,IQTR281165896,IQ4268852,Private Company,IQ250015342
10/13/2015,95.78,IQTR421560467,IQ421560389,Private Company,IQ26273
9/7/2015,26.9,IQTR310868862,IQ46894870,Private Company,IQ739769
8/31/2015,776.25,IQTR310370440,IQ233440943,Private Company,IQ7009878
8/18/2015,112.45,IQTR309752538,IQ61421071,Public Company,-
8/7/2015,32.44,IQTR308797195,IQ308797155,Assets/Products,IQ308797048
7/15/2015,29,IQTR311712912,IQ312306800,Private Company,IQ41393182
6/22/2015,113.88,IQTR304608469,IQ304608384,Assets/Products,IQ271272078
5/7/2015,270,IQTR297434046,IQ297431441,Assets/Products,IQ879592
11/2/2015,29.03,IQTR315910478,IQ315910276,Assets/Products,IQ324452
9/4/2015,32.8,IQTR310975299,IQ133322712,Private Company,IQ310975204
6/22/2015,77.42,IQTR304677033,IQ1909583,Private Company,IQ304676989
2/17/2015,105.26,IQTR285553201,IQ883517,Private Company,IQ426471
9/28/2015,89.09,IQTR312327290,IQ269452792,Private Company,IQ31348
8/6/2015,49.13,IQTR308686583,IQ52781411,Private Company,IQ112955678
9/25/2015,350,IQTR312347039,IQ312347014,Private Company,IQ22003
8/10/2015,1205.95,IQTR308981982,IQ35538654,Private Company,IQ287500114
7/22/2015,80,IQTR310059874,IQ58211307,Private Company,IQ29931274
6/8/2015,25.67,IQTR303398748,IQ65051817,Public Company,IQ46839975
9/21/2015,89.14,IQTR311837577,IQ311837350,Private Company,IQ311837545
9/21/2015,89.2,IQTR1676354270,IQ1676353182,Assets/Products,IQ40983088
9/2/2015,28.8,IQTR310949097,IQ73490857,Public Company,-
4/23/2015,215.15,IQTR292248720,IQ146192970,Private Company,IQ49616978
9/18/2015,35,IQTR311803008,IQ311802944,Assets/Products,IQ139153
5/18/2015,9149.59,IQTR301521257,IQ288393565,Private Company,IQ28071
7/16/2015,26.81,IQTR306959247,IQ306959171,Private Company,IQ30900216
6/3/2015,29.16,IQTR303425557,IQ51946118,Private Company,IQ38707704
9/16/2015,118.05,IQTR311539184,IQ311539011,Assets/Products,IQ267304112
6/8/2015,40.15,IQTR303307079,IQ247880288,Private Company,IQ318412
9/10/2015,50.63,IQTR311160205,IQ70159192,Private Company,IQ34176
9/14/2015,70.79,IQTR311394983,IQ112560588,Private Company,IQ258133
9/14/2015,113.83,IQTR311395428,IQ311395384,Assets/Products,IQ30881744
8/24/2015,121.41,IQTR309879217,IQ116220485,Private Company,IQ103599
9/9/2015,433.04,IQTR311047022,IQ311046894,Private Company,IQ796172
9/9/2015,134.9,IQTR311148114,IQ11371299,Public Company,IQ23333
8/31/2015,52.32,IQTR310414452,IQ10287105,Private Company,IQ254910893
9/8/2015,95.195,IQTR311026678,IQ311025841,Assets/Products,IQ8984166
9/8/2015,95.195,IQTR311026678,IQ311025841,Assets/Products,IQ264625
6/17/2015,1823.69,IQTR304242804,IQ425044,Private Company,IQ20963
9/4/2015,136.61,IQTR310772991,IQ310772863,Assets/Products,IQ310772775
8/10/2015,164.57,IQTR308983625,IQ22757167,Private Company,IQ22365961
8/21/2015,246.86,IQTR310716696,IQ226081739,Private Company,IQ21475
2/5/2015,15531.49,IQTR283782713,IQ9681063,Private Company,IQ162270
7/13/2015,25.77,IQTR306629907,IQ876231,Private Company,IQ345779
9/4/2015,49.26,IQTR310778490,IQ238510044,Private Company,IQ143408844
9/1/2015,168.75,IQTR310512090,IQ310512079,Assets/Products,IQ290461795
8/24/2015,120.5,IQTR309896846,IQ48668580,Private Company,IQ42598313
8/8/2015,70.99,IQTR309874649,IQ309004353,Private Company,IQ53298561
8/8/2015,120.35,IQTR309874660,IQ132688174,Private Company,IQ53298561
6/30/2015,39.15,IQTR305519743,IQ305519650,Private Company,IQ879440
6/29/2015,35.74,IQTR305366946,IQ305366842,Private Company,IQ883811
5/14/2015,28.99,IQTR301511616,IQ4368498,Private Company,IQ398784
8/31/2015,195.51,IQTR310401639,IQ223513450,Private Company,IQ31348
8/14/2015,135.02,IQTR309335559,IQ206369707,Private Company,IQ7757640
8/6/2015,467.29,IQTR308660039,IQ308659936,Assets/Products,IQ336774
7/30/2015,329.45,IQTR308091229,IQ133834445,Private Company,IQ247483
7/27/2015,810.68,IQTR307807376,IQ317232092,Private Company,IQ29926600
7/7/2015,1110.21,IQTR306140490,IQ306140352,Assets/Products,IQ36478
6/1/2015,29.37,IQTR302757325,IQ974562,Private Company,IQ3533572
5/21/2015,134.725,IQTR301797918,IQ301797783,Assets/Products,IQ301799353
5/21/2015,134.725,IQTR301797918,IQ301797783,Assets/Products,IQ301853713
2/25/2015,44.48,IQTR286001106,IQ4436518,Private Company,IQ25144982
7/26/2015,510.24,IQTR307764510,IQ84127006,Private Company,IQ36478
7/1/2015,644.82,IQTR305699003,IQ47055996,Private Company,IQ21591
6/24/2015,44.65,IQTR304787043,IQ261611725,Private Company,IQ253665025
6/2/2015,203.13,IQTR302834880,IQ302833800,Assets/Products,IQ319092
8/27/2015,117.125,IQTR310240123,IQ222657282,Private Company,IQ41689703
8/27/2015,117.125,IQTR310240123,IQ222657282,Private Company,IQ27615909
7/14/2015,7017.06,IQTR306751096,IQ81690022,Private Company,IQ258769
8/25/2015,255.02,IQTR309999475,IQ167810595,Private Company,IQ172207
2/23/2015,913.65,IQTR285794101,IQ285793867,Assets/Products,IQ289194
7/16/2015,96.16,IQTR306966063,IQ306965979,Assets/Products,IQ29726
8/19/2015,37.3,IQTR309773406,IQ58315779,Private Company,IQ118207004
8/4/2015,364.94,IQTR308427926,IQ8032475,Private Company,IQ269715864
6/15/2015,142.84,IQTR304025041,IQ108961381,Private Company,IQ109544954
6/4/2015,1368.67,IQTR303082364,IQ254833,Private Company,IQ33405327
8/19/2015,134.36,IQTR309632057,IQ39737334,Private Company,IQ427477
5/21/2015,11184.05,IQTR301837574,IQ293680,Private Company,IQ2376697
8/5/2015,130.6,IQTR308597172,IQ308595979,Assets/Products,IQ326651
6/29/2015,873.55,IQTR305381126,IQ3275224,Private Company,IQ247782
4/29/2015,57.42,IQTR292851840,IQ292844675,Private Company,IQ52511612
5/25/2015,26.42,IQTR303059299,IQ303057371,Assets/Products,IQ3751585
8/13/2015,381.42,IQTR309246886,IQ109922943,Private Company,IQ4471495
7/6/2015,822.41,IQTR306083137,IQ61843683,Private Company,IQ113069554
6/22/2015,561.7,IQTR304661439,IQ304660532,Assets/Products,IQ266190025
4/10/2015,41.57,IQTR307786714,IQ307786697,Private Company,IQ81900858
7/13/2015,213.16,IQTR306638681,IQ47106168,Private Company,IQ31348
6/1/2015,82.13,IQTR302862660,IQ302862561,Private Company,IQ171865881
7/6/2015,121.55,IQTR306067705,IQ142253744,Private Company,IQ36478
5/13/2015,30.82,IQTR301163681,IQ266071048,Private Company,IQ40785034
4/10/2015,79.81,IQTR290858458,IQ52990959,Private Company,IQ290848508
8/10/2015,42.32,IQTR309020769,IQ38016235,Private Company,IQ646944
5/28/2015,1945.6,IQTR302446524,IQ38654916,Private Company,IQ19685
8/11/2015,45.2,IQTR309100561,IQ240347328,Private Company,IQ4876433
7/7/2015,217.015,IQTR306146004,IQ306145853,Assets/Products,IQ162981
7/7/2015,217.015,IQTR306146004,IQ306145853,Assets/Products,IQ398549
4/6/2015,1586.81,IQTR290465553,IQ1194838,Private Company,IQ398549
6/30/2015,31.42,IQTR305602449,IQ305602386,Assets/Products,IQ361335
6/17/2015,225,IQTR304247517,IQ1206276,Private Company,IQ426193
5/12/2015,334.05,IQTR301217680,IQ301217553,Assets/Products,IQ310852538
3/2/2015,1475.84,IQTR286424428,IQ286424400,Assets/Products,IQ317627
7/31/2015,121.29,IQTR308193378,IQ4271805,Private Company,IQ260725
8/12/2015,61.59,IQTR309171251,IQ7819755,Private Company,IQ269715864
8/6/2015,178.67,IQTR309024236,IQ309024045,Assets/Products,IQ144831039
7/31/2015,28.2,IQTR308192342,IQ308192330,Assets/Products,IQ41623273
7/30/2015,266.7,IQTR308061479,IQ37821794,Private Company,IQ4262436
7/28/2015,547.62,IQTR307863984,IQ217097151,Private Company,IQ288502
7/27/2015,77.98,IQTR307837171,IQ23888838,Private Company,IQ11129226
7/24/2015,77.47,IQTR307583937,IQ307583710,Private Company,IQ32414310
7/17/2015,67.07,IQTR307045748,IQ307045662,Private Company,IQ140787854
7/6/2015,60.8,IQTR306068904,IQ306068881,Assets/Products,IQ7797659
7/2/2015,54.08,IQTR305827982,IQ305827962,Private Company,IQ9643983
6/26/2015,32.39,IQTR305662131,IQ108757359,Private Company,IQ305662095
6/24/2015,157.57,IQTR304829315,IQ117793862,Private Company,IQ34783
6/18/2015,151.82,IQTR304317460,IQ81950217,Private Company,IQ13757225
6/18/2015,214.54,IQTR304323671,IQ208346585,Private Company,IQ13757225
8/27/2015,311.45,IQTR310179141,IQ6489923,Private Company,-
8/4/2015,26,IQTR315914692,IQ315914586,Assets/Products,IQ324452
8/3/2015,273.68,IQTR308348879,IQ138616376,Private Company,IQ385727
7/30/2015,44.88,IQTR308100124,IQ106592436,Private Company,IQ20947639
7/30/2015,53.13,IQTR309154857,IQ230455331,Private Company,IQ5542399
1/16/2015,78.85,IQTR282324361,IQ282324318,Private Company,IQ38037755
8/5/2015,34.89,IQTR309269070,IQ4481735,Public Company,IQ307767547
5/29/2015,57.29,IQTR302536828,IQ4481735,Public Company,IQ307767547
5/29/2015,57.29,IQTR302536828,IQ4481735,Public Company,IQ119031628
7/9/2015,194.21,IQTR306368471,IQ879341,Private Company,IQ91093
6/29/2015,625.49,IQTR305360799,IQ263463106,Private Company,IQ12932954
7/13/2015,200,IQTR306633260,IQ1925747,Private Company,IQ6196530
5/12/2015,801.05,IQTR300993643,IQ300993421,Private Company,IQ261084576
3/30/2015,13305.39,IQTR289844791,IQ124321,Private Company,IQ4212736
2/25/2015,43.42,IQTR286006994,IQ286006886,Private Company,IQ99153853
7/20/2015,40.55,IQTR307201242,IQ307201156,Assets/Products,IQ409956
7/7/2015,64.68,IQTR306141711,IQ208447640,Private Company,IQ28958752
6/28/2015,195.57,IQTR305359799,IQ846171,Private Company,IQ27716528
6/28/2015,90.54,IQTR307201362,IQ266314805,Private Company,IQ27716528
7/16/2015,160.73,IQTR306949682,IQ50200640,Private Company,IQ396177
6/22/2015,599.58,IQTR304598137,IQ268031400,Public Company,IQ2949216
6/9/2015,73.3333333333333,IQTR304309252,IQ54507201,Private Company,IQ113805678
6/9/2015,73.3333333333333,IQTR304309252,IQ54507201,Private Company,IQ266621396
6/9/2015,73.3333333333333,IQTR304309252,IQ54507201,Private Company,IQ24626590
5/26/2015,59,IQTR302273826,IQ217367073,Private Company,IQ49039924
2/17/2015,91.16,IQTR285342283,IQ285342253,Private Company,IQ36631477
7/14/2015,81.78,IQTR306743463,IQ306743413,Assets/Products,IQ49414282
3/27/2015,68.79,IQTR289839145,IQ289838901,Assets/Products,IQ226404432
8/12/2015,153.765,IQTR309448938,IQ309076669,Private Company,IQ250688153
8/12/2015,153.765,IQTR309448938,IQ309076669,Private Company,IQ309448801
7/15/2015,54.76,IQTR306949562,IQ133506468,Private Company,IQ1348220
7/13/2015,340,IQTR306642400,IQ23585971,Public Company,IQ6890397
7/9/2015,49.13,IQTR319512384,IQ26049385,Private Company,IQ319510870
6/5/2015,74.43,IQTR303190854,IQ38621357,Private Company,IQ189488
5/15/2015,1128.34,IQTR301370287,IQ246135476,Private Company,IQ214618855
5/15/2015,99.71,IQTR301922560,IQ301922157,Private Company,IQ301922495
7/6/2015,60.3,IQTR310908619,IQ52816297,Private Company,IQ116960807
6/24/2015,38.12,IQTR304751009,IQ304750960,Assets/Products,IQ276274842
6/23/2015,72.64,IQTR304640683,IQ304640650,Assets/Products,IQ1312919
7/10/2015,358.98,IQTR306510183,IQ59123471,Private Company,IQ411220
6/5/2015,25.17,IQTR303305525,IQ1259808,Private Company,IQ145462431
6/4/2015,147.23,IQTR303195046,IQ5423595,Private Company,IQ303194905
7/8/2015,44.2,IQTR306496976,IQ256780383,Private Company,IQ271464340
7/2/2015,51.55,IQTR305883250,IQ305883059,Private Company,IQ306255130
6/15/2015,312.6,IQTR304008726,IQ256086100,Private Company,IQ879338
6/11/2015,37.4,IQTR303707204,IQ104651635,Private Company,IQ144098164
6/5/2015,1002.44,IQTR303171253,IQ4217472,Private Company,IQ172207
5/27/2015,225.31,IQTR302391155,IQ288790963,Assets/Products,IQ687130
8/4/2015,39.96,IQTR315914640,IQ315914607,Assets/Products,IQ324452
7/2/2015,26.5,IQTR305801938,IQ27423242,Private Company,IQ43246930
7/1/2015,60.42,IQTR305732503,IQ305732200,Assets/Products,IQ320908
6/4/2015,51.57,IQTR303031235,IQ303031165,Assets/Products,IQ875270
6/4/2015,51.52,IQTR303046894,IQ53036066,Private Company,IQ20437992
6/2/2015,31.48,IQTR302846952,IQ302845405,Assets/Products,IQ26259736
8/4/2015,68.425,IQTR308432212,IQ308432143,Assets/Products,IQ28188
8/4/2015,68.425,IQTR308432212,IQ308432143,Assets/Products,IQ277914
8/4/2015,205.28,IQTR308443114,IQ308442957,Assets/Products,IQ277966
7/13/2015,44.67,IQTR308100046,IQ308100004,Assets/Products,IQ99930708
6/30/2015,35.91,IQTR305655837,IQ305655667,Assets/Products,IQ4234560
6/24/2015,156.58,IQTR304865206,IQ304863721,Assets/Products,IQ217055268
6/5/2015,33.17,IQTR303199187,IQ40670811,Private Company,IQ4754376
5/19/2015,50,IQTR301641773,IQ129696580,Private Company,IQ135238
5/15/2015,26.24,IQTR301351352,IQ301351311,Assets/Products,IQ22287761
3/17/2015,400.75,IQTR288646773,IQ288646668,Private Company,IQ23500974
3/17/2015,400.75,IQTR288646773,IQ288646668,Private Company,IQ277966
3/2/2015,78.26,IQTR286520642,IQ286520142,Assets/Products,IQ226404432
5/19/2015,812.64,IQTR302328149,IQ302328093,Assets/Products,IQ26203487
5/14/2015,221.72,IQTR301335119,IQ1001135,Private Company,IQ24914773
6/24/2015,25.03,IQTR304840857,IQ304840826,Private Company,IQ131456272
2/11/2015,2441.67,IQTR284862638,IQ272614271,Private Company,IQ93614
6/23/2015,28.23,IQTR309973069,IQ309973052,Assets/Products,IQ6919381
2/6/2015,85.01,IQTR283874966,IQ283874914,Private Company,IQ24084001
1/12/2015,293.27,IQTR282148229,IQ281998246,Private Company,IQ9776674
6/23/2015,37.97,IQTR304725189,IQ304725142,Assets/Products,IQ12437731
6/19/2015,97.09,IQTR304504716,IQ4472055,Private Company,IQ31348
5/15/2015,84.29,IQTR301622659,IQ6151980,Private Company,IQ100668415
5/6/2015,7958.32,IQTR296642841,IQ25337,Private Company,IQ347983
6/19/2015,108.57,IQTR304482640,IQ28774298,Private Company,IQ31348
6/8/2015,42.95,IQTR303548792,IQ115788744,Private Company,IQ22548461
4/22/2015,65.24,IQTR292165735,IQ292165661,Assets/Products,IQ314824932
8/4/2015,28.74,IQTR308435798,IQ308435590,Assets/Products,IQ12344550
5/4/2015,986.43,IQTR295376433,IQ5412952,Private Company,IQ320186
3/23/2015,195.67,IQTR289153348,IQ129387,Private Company,IQ107911
5/15/2015,138.03,IQTR301346312,IQ38762697,Private Company,IQ24914773
5/11/2015,100,IQTR300884519,IQ45819425,Private Company,IQ255865915
6/11/2015,87.5,IQTR303704303,IQ303704037,Private Company,IQ303703949
6/8/2015,122.32,IQTR303366120,IQ303366115,Assets/Products,IQ106530929
6/1/2015,45.9,IQTR302738561,IQ105852475,Private Company,IQ883811
6/10/2015,42.5,IQTR303569336,IQ6562472,Public Company,-
6/9/2015,156.73,IQTR304348798,IQ23480438,Private Company,IQ324452
6/10/2015,31.73,IQTR303559540,IQ11421425,Public Company,-
6/8/2015,115.13,IQTR303352449,IQ248984451,Public Company,-
6/9/2015,35.52,IQTR303559188,IQ11421425,Public Company,-
4/29/2015,28.76,IQTR292844679,IQ292844551,Private Company,IQ52511612
5/15/2015,46.57,IQTR301351564,IQ6151980,Private Company,IQ100668415
4/27/2015,141.02,IQTR292718187,IQ30899345,Private Company,IQ20384612
2/26/2015,41.61,IQTR286108564,IQ28629142,Private Company,IQ878445
6/9/2015,96.73,IQTR303487881,IQ303487250,Private Company,IQ108109357
6/5/2015,72.74,IQTR303203184,IQ262720566,Private Company,IQ252186
6/4/2015,42.59,IQTR303092004,IQ303091960,Assets/Products,IQ7797659
6/2/2015,79.32,IQTR302842325,IQ302841459,Assets/Products,IQ26259736
6/2/2015,38.5,IQTR302866627,IQ142653167,Private Company,IQ252447310
5/18/2015,32.59,IQTR301527524,IQ247244289,Private Company,IQ2381717
5/5/2015,32.15,IQTR308442876,IQ308442844,Assets/Products,IQ23500974
5/5/2015,32.15,IQTR308442876,IQ308442844,Assets/Products,IQ277966
5/1/2015,42.2,IQTR293386660,IQ293385326,Private Company,IQ39927862
4/15/2015,615.11,IQTR291495331,IQ291495246,Assets/Products,IQ291494868
3/23/2015,321.546666666667,IQTR289155968,IQ33218,Private Company,IQ39196551
3/23/2015,321.546666666667,IQTR289155968,IQ33218,Private Company,IQ23873120
3/23/2015,321.546666666667,IQTR289155968,IQ33218,Private Company,IQ23893
3/31/2015,68.87,IQTR289995466,IQ291741103,Assets/Products,-
5/29/2015,38.84,IQTR302749767,IQ9284368,Public Company,IQ4149164
3/16/2015,62.34,IQTR290883380,IQ290882530,Assets/Products,IQ226404432
2/2/2015,43.68,IQTR283560888,IQ3658296,Private Company,IQ105901833
1/26/2015,459.94,IQTR282846344,IQ263870123,Private Company,IQ13425854
5/28/2015,189.12,IQTR303084515,IQ28445986,Private Company,IQ19455
6/2/2015,58.91,IQTR303143238,IQ303143065,Private Company,IQ277966
5/28/2015,950.75,IQTR302431299,IQ104485064,Public Company,IQ796830
5/27/2015,25.12,IQTR302319998,IQ302318632,Private Company,IQ317818974
5/27/2015,101.16,IQTR302341982,IQ302341951,Assets/Products,IQ956243
3/4/2015,18930.12,IQTR286742973,IQ32933,Private Company,IQ141885706
3/26/2015,82.32,IQTR290291722,IQ290291659,Private Company,IQ46960682
2/27/2015,378.18,IQTR286193257,IQ91120,Private Company,IQ874168
5/20/2015,58.85,IQTR301791243,IQ6674851,Private Company,IQ666715
5/20/2015,61.34,IQTR302143485,IQ240926736,Public Company,IQ273610288
5/5/2015,74.62,IQTR301332215,IQ301332132,Assets/Products,IQ5636294
5/4/2015,60,IQTR295443131,IQ134349624,Private Company,IQ154924
5/18/2015,91.12,IQTR301684701,IQ301684554,Assets/Products,IQ301684334
5/12/2015,445.03,IQTR300973325,IQ9917384,Private Company,IQ205233
5/6/2015,28.9,IQTR296628817,IQ253035312,Private Company,IQ360935
3/16/2015,40.44,IQTR288604984,IQ274698744,Private Company,IQ4509014
2/23/2015,44.65,IQTR285799292,IQ879672,Public Company,IQ676934
5/14/2015,26.44,IQTR301245742,IQ142895607,Private Company,IQ4457862
4/8/2015,54.77,IQTR290644899,IQ242577150,Public Company,IQ6463761
3/22/2015,84.5,IQTR289150335,IQ79113954,Private Company,IQ261647306
5/1/2015,74.53,IQTR293535694,IQ58797355,Private Company,IQ369389129
2/3/2015,70.29,IQTR283637593,IQ283637505,Private Company,IQ60510683
5/11/2015,207.63,IQTR300901555,IQ300901479,Private Company,IQ252447310
5/11/2015,125.53,IQTR300901928,IQ7665021,Private Company,IQ9708922
3/30/2015,1026.54,IQTR289852024,IQ36536184,Private Company,IQ25758029
5/6/2015,57.33,IQTR296710706,IQ51417028,Private Company,IQ29002
5/5/2015,120.15,IQTR296052599,IQ183017085,Private Company,IQ296050740
3/30/2015,3221.47,IQTR289849458,IQ44495162,Private Company,IQ308047
5/5/2015,35.99,IQTR296178999,IQ248629553,Private Company,IQ425044
5/1/2015,69.57,IQTR293769650,IQ111629739,Private Company,IQ252186
4/20/2015,162.69,IQTR291884634,IQ25617066,Private Company,IQ301667
3/30/2015,267.19,IQTR289840023,IQ21881019,Private Company,IQ4299337
7/6/2015,51.26,IQTR326051301,IQ326048175,Assets/Products,IQ27049995
5/11/2015,87.7,IQTR300686903,IQ11354116,Private Company,IQ37345302
5/1/2015,27.49,IQTR293810215,IQ6942326,Private Company,IQ334158
4/21/2015,33.935,IQTR292059674,IQ292059492,Private Company,IQ4481845
4/21/2015,33.935,IQTR292059674,IQ292059492,Private Company,IQ292080242
1/15/2015,60.1,IQTR282307056,IQ282306937,Assets/Products,IQ224022114
4/24/2015,314.3,IQTR292293625,IQ47166946,Private Company,IQ170228427
4/7/2015,71.885,IQTR290519789,IQ9637986,Public Company,IQ59021576
4/7/2015,71.885,IQTR290519789,IQ9637986,Public Company,IQ312916531
3/11/2015,1888.3,IQTR288164473,IQ61567087,Private Company,IQ21401
4/7/2015,200.34,IQTR290589979,IQ47869263,Private Company,IQ3129354
3/10/2015,358.13,IQTR288101116,IQ288100875,Assets/Products,IQ288100968
4/7/2015,30.26,IQTR290514578,IQ117154221,Private Company,IQ5631624
4/10/2015,355.17,IQTR301043352,IQ9637986,Public Company,-
3/9/2015,1106.22,IQTR287532258,IQ234638072,Private Company,IQ288609579
4/17/2015,30.6,IQTR291741914,IQ136796662,Private Company,IQ43246930
2/27/2015,36.01,IQTR286401571,IQ183400627,Private Company,IQ22365961
3/5/2015,2086.45,IQTR287246760,IQ22183893,Private Company,IQ287500114
1/21/2015,88.87,IQTR285327890,IQ11211319,Public Company,IQ285327785
4/28/2015,55.75,IQTR300953768,IQ100253928,Private Company,-
4/14/2015,32.32,IQTR291331096,IQ291331005,Private Company,IQ373691
2/24/2015,30.88,IQTR285972967,IQ79349657,Private Company,IQ51867704
4/13/2015,45.83,IQTR291084487,IQ131237955,Private Company,IQ8201659
3/26/2015,88.23,IQTR289532625,IQ266878571,Private Company,IQ32717
2/18/2015,167.17,IQTR285461307,IQ250000298,Private Company,IQ8106523
3/9/2015,156.71,IQTR291266501,IQ291066442,Assets/Products,IQ59223727
4/13/2015,98.29,IQTR291085868,IQ291085808,Private Company,IQ687140
4/9/2015,84.23,IQTR290771056,IQ11371299,Public Company,-
2/26/2015,361.04,IQTR286107738,IQ7941869,Private Company,IQ124321
2/23/2015,1101.31,IQTR285802766,IQ274079952,Public Company,IQ25798
3/27/2015,36.87,IQTR289698996,IQ127523811,Private Company,IQ30446143
1/20/2015,136.2,IQTR282465417,IQ206437596,Public Company,IQ21591
1/20/2015,136.2,IQTR282465417,IQ206437596,Public Company,IQ133246828
1/12/2015,871.72,IQTR281780746,IQ100846258,Private Company,IQ4161841
4/6/2015,63.47,IQTR291931780,IQ291931152,Assets/Products,IQ264032326
4/1/2015,69.63,IQTR290178957,IQ45764277,Private Company,IQ317627
4/28/2015,34.47,IQTR293768884,IQ293768125,Assets/Products,IQ26259736
4/28/2015,31.46,IQTR293772327,IQ293771938,Private Company,IQ26259736
4/1/2015,557.33,IQTR290097257,IQ681217,Public Company,IQ237907968
3/18/2015,79.85,IQTR288787457,IQ50874043,Private Company,IQ261308410
2/22/2015,14486.78,IQTR285775266,IQ658616,Private Company,IQ233369900
5/8/2015,310.66,IQTR298337811,IQ298336166,Assets/Products,IQ277914
5/8/2015,89.005,IQTR298339462,IQ298338359,Assets/Products,IQ4369853
5/8/2015,89.005,IQTR298339462,IQ298338359,Assets/Products,IQ277914
5/8/2015,31.15,IQTR298341136,IQ298336710,Assets/Products,IQ277914
5/8/2015,178.7,IQTR298351874,IQ298350737,Assets/Products,IQ277914
5/7/2015,97.6,IQTR316229314,IQ316229087,Private Company,IQ12344550
3/31/2015,77.82,IQTR290065659,IQ290065319,Assets/Products,-
3/20/2015,28.31,IQTR289020598,IQ289020526,Assets/Products,IQ37322416
3/4/2015,144.98,IQTR286743944,IQ1986073,Private Company,IQ303319506
1/13/2015,66.11,IQTR288791056,IQ288790963,Assets/Products,IQ133551169
4/18/2015,19.2433333333333,IQTR291971533,IQ291968271,Private Company,IQ256110718
4/18/2015,19.2433333333333,IQTR291971533,IQ291968271,Private Company,IQ291842901
4/18/2015,19.2433333333333,IQTR291971533,IQ291968271,Private Company,IQ291842868
4/18/2015,19.2433333333333,IQTR291971533,IQ291968271,Private Company,IQ291971202
4/18/2015,19.2433333333333,IQTR291971533,IQ291968271,Private Company,IQ291971407
4/18/2015,19.2433333333333,IQTR291971533,IQ291968271,Private Company,IQ291971333
4/15/2015,27.92,IQTR292649347,IQ292649178,Assets/Products,IQ370279
3/16/2015,89.89,IQTR301248079,IQ32364085,Private Company,IQ9643983
2/14/2015,319.4,IQTR285247559,IQ285311263,Assets/Products,IQ5875325
3/23/2015,41.38,IQTR289151827,IQ13199929,Private Company,IQ34323153
3/23/2015,35.58,IQTR289153922,IQ83490624,Private Company,IQ4876433
3/20/2015,27.55,IQTR599491111,IQ599491074,Assets/Products,IQ285416033
2/24/2015,30,IQTR289195367,IQ28546928,Private Company,IQ20259
1/27/2015,69.51,IQTR284741371,IQ284741170,Assets/Products,IQ216603817
2/13/2015,77.09,IQTR285120705,IQ7770565,Private Company,IQ12735743
3/16/2015,77,IQTR288541458,IQ107487859,Private Company,IQ802988
2/26/2015,29.7166666666667,IQTR286108583,IQ10288733,Private Company,IQ10850614
2/26/2015,29.7166666666667,IQTR286108583,IQ10288733,Private Company,IQ105319448
2/26/2015,29.7166666666667,IQTR286108583,IQ10288733,Private Company,IQ875751
2/25/2015,55.66,IQTR286036858,IQ133903682,Private Company,IQ8793244
1/16/2015,275,IQTR282366189,IQ98336754,Private Company,IQ144818730
3/9/2015,1521.055,IQTR287547583,IQ345779,Public Company,IQ12722532
3/9/2015,1521.055,IQTR287547583,IQ345779,Public Company,IQ224572296
3/4/2015,33.85,IQTR286751790,IQ269541559,Private Company,IQ734865
1/11/2015,331.69,IQTR281748739,IQ271940520,Private Company,IQ34160168
3/5/2015,31.75,IQTR287251428,IQ287251383,Assets/Products,IQ203142
3/3/2015,200,IQTR286667099,IQ28368735,Private Company,IQ254571
1/16/2015,470,IQTR282210677,IQ628340,Private Company,IQ687140
3/2/2015,48.84,IQTR286500097,IQ286499893,Private Company,IQ26259736
8/6/2015,88.06,IQTR308788307,IQ146192970,Private Company,-
3/26/2015,151.88,IQTR290730467,IQ52714354,Private Company,IQ215619526
3/25/2015,72.9,IQTR289404006,IQ289403008,Assets/Products,IQ277914
2/2/2015,105.89,IQTR283481447,IQ283481218,Private Company,IQ397809
2/26/2015,28.57,IQTR286108300,IQ286108139,Assets/Products,IQ8201659
2/26/2015,108.57,IQTR286145008,IQ114071685,Private Company,IQ277914
1/15/2015,62.99,IQTR283766557,IQ26797345,Private Company,IQ234099976
1/15/2015,62.99,IQTR283766557,IQ26797345,Private Company,IQ23307
2/25/2015,67.11,IQTR286097372,IQ6527613,Private Company,IQ31390
2/13/2015,61.03,IQTR285122289,IQ29161775,Private Company,IQ22365961
2/10/2015,56.79,IQTR284718861,IQ284718730,Assets/Products,IQ28606250
1/29/2015,434.39,IQTR283337078,IQ283337016,Assets/Products,IQ345779
1/12/2015,2136.61,IQTR281792048,IQ3281423,Private Company,IQ24809
2/22/2015,352.18,IQTR285776004,IQ36253604,Private Company,IQ1266465
2/22/2015,112.38,IQTR285799392,IQ24547798,Private Company,IQ21531
1/11/2015,4479.26,IQTR281747255,IQ339103,Private Company,IQ250525285
2/24/2015,216.09,IQTR285887017,IQ46006629,Private Company,IQ385727
2/18/2015,26.31,IQTR285463982,IQ285463921,Private Company,IQ1340741
1/14/2015,103.4,IQTR281937330,IQ281937282,Assets/Products,IQ243364886
4/18/2015,29.95,IQTR291981659,IQ291968271,Private Company,IQ291971407
4/18/2015,29.95,IQTR291981659,IQ291968271,Private Company,IQ291971333
4/18/2015,29.95,IQTR291981659,IQ291968271,Private Company,IQ291983616
2/16/2015,67.49,IQTR285432514,IQ285432388,Assets/Products,IQ398549
2/14/2015,35.04,IQTR316969378,IQ145244878,Private Company,IQ12344550
1/9/2015,30.43,IQTR281573727,IQ29791483,Private Company,IQ396177
3/26/2015,75.94,IQTR290743317,IQ52714354,Private Company,IQ215619526
3/26/2015,75.94,IQTR290743317,IQ52714354,Private Company,IQ290730335
1/11/2015,570.61,IQTR281748059,IQ114130142,Private Company,IQ29726
2/11/2015,168.05,IQTR284879527,IQ35643961,Private Company,IQ275442
2/11/2015,32.97,IQTR284975918,IQ284975842,Assets/Products,IQ23144198
2/11/2015,32.97,IQTR284975918,IQ284975842,Assets/Products,IQ28137250
2/10/2015,252.72,IQTR292188518,IQ292187651,Assets/Products,IQ25010561
1/5/2015,45,IQTR281076211,IQ9858139,Private Company,IQ4550716
2/9/2015,134.43,IQTR284723329,IQ46363232,Private Company,IQ228759709
1/29/2015,265.19,IQTR283783692,IQ52787648,Private Company,IQ97023
1/13/2015,62.64,IQTR281878247,IQ54915516,Private Company,IQ38798102
1/19/2015,105.76,IQTR282340970,IQ7959933,Private Company,IQ4212269
2/2/2015,36.77,IQTR283553323,IQ354921,Private Company,-
1/30/2015,26.48,IQTR283395854,IQ13210154,Private Company,IQ283565145
1/26/2015,30,IQTR283098880,IQ50231937,Private Company,IQ4481312
1/29/2015,32.26,IQTR283188865,IQ283188833,Assets/Products,-
1/19/2015,29.98,IQTR282337005,IQ23063662,Private Company,IQ5852070
1/5/2015,78.44,IQTR282763298,IQ20384650,Public Company,-
1/16/2015,25.11,IQTR282287879,IQ100148749,Private Company,IQ52670225
1/13/2015,33.93,IQTR281940442,IQ144285491,Private Company,IQ108253
1/9/2015,54.95,IQTR281574320,IQ248775122,Private Company,IQ8285067
1/8/2015,53.76,IQTR281576765,IQ281576717,Assets/Products,-
1/7/2015,79.59,IQTR281270412,IQ111656446,Private Company,IQ100147173
1/5/2015,15.51,IQTR281075317,IQ281075260,Assets/Products,IQ4448941
1/5/2015,15.51,IQTR281075317,IQ281075260,Assets/Products,IQ12933205
1/5/2015,38.44,IQTR281087647,IQ129639578,Private Company,IQ26273
2/15/2015,71.57,IQTR332149423,IQ332149355,Private Company,IQ332149376
2/3/2015,73.34,IQTR285865126,IQ285864554,Assets/Products,IQ324452
1/8/2015,25.5,IQTR281843425,IQ281843262,Private Company,IQ281842956
1/6/2015,368.92,IQTR281738433,IQ204830923,Private Company,IQ3206502
3/25/2015,62.3,IQTR306246793,IQ306246721,Private Company,IQ306246648
3/24/2015,151.13,IQTR304018776,IQ304018705,Assets/Products,IQ300902827
1/11/2015,96.56,IQTR281748479,IQ115172416,Private Company,IQ33471
1/12/2015,53.31,IQTR281796438,IQ281809634,Assets/Products,IQ30012
2/19/2015,32.46,IQTR285660173,IQ274613928,Private Company,IQ137697488
