closedDate,dealvalue,transaction_id,target_id,target_companytype,buyer_id
2/23/2000,59.87,IQTR12048789,IQ12048788,Private Company,IQ1478437
11/17/2000,1877.92,IQTR554594,IQ553924,Assets/Products,IQ185801
12/21/2000,80.14,IQTR12144515,IQ12144489,Private Company,IQ382553
12/11/2000,90.89,IQTR603999,IQ27988,Private Company,IQ128277
12/11/2000,4664.03,IQTR606482,IQ109528,Private Company,IQ385727
10/19/2000,2745.44,IQTR515913,IQ33548,Public Company,IQ399147
12/15/2000,34.51,IQTR776879,IQ776876,Private Company,IQ27189
12/28/2000,107.98,IQTR645643,IQ645614,Private Company,IQ27504
12/27/2000,42.51,IQTR675569,IQ35743,Private Company,IQ419388
12/18/2000,7946.09,IQTR616323,IQ616310,Assets/Products,IQ247483
12/18/2000,7728.69,IQTR12421239,IQ5410356,Private Company,IQ247483
11/17/2000,101.2,IQTR554451,IQ554444,Private Company,IQ25253
11/3/2000,25.53,IQTR28801606,IQ28801555,Private Company,IQ29830769
11/22/2000,231.24,IQTR12092061,IQ881524,Private Company,IQ409298
12/26/2000,147.91,IQTR626249,IQ626234,Private Company,IQ28556
12/4/2000,2206.21,IQTR594461,IQ254765,Private Company,IQ172207
12/22/2000,53.07,IQTR5843514,IQ5843381,Private Company,IQ32347
10/10/2000,80.05,IQTR8143099,IQ228635,Private Company,IQ4204371
10/11/2000,140.9,IQTR8223404,IQ5841981,Private Company,IQ282005
10/30/2000,43.33,IQTR47199762,IQ5523961,Private Company,IQ4484388
12/21/2000,219.51,IQTR627276,IQ606639,Private Company,IQ29929
12/19/2000,27.55,IQTR697711,IQ521791,Private Company,IQ396177
10/4/2000,57.3,IQTR697680,IQ30010,Private Company,IQ351429
3/23/2000,586.7,IQTR9935340,IQ705288,Private Company,IQ94844
10/10/2000,1720.37,IQTR468565,IQ255357,Private Company,IQ275442
10/31/2000,51.6,IQTR7388243,IQ260324,Private Company,IQ876873
12/5/2000,45.42,IQTR6815163,IQ843867,Private Company,IQ33560
11/2/2000,399.73,IQTR5547155,IQ632518,Private Company,IQ4160808
10/27/2000,90.29,IQTR1546966,IQ33485,Public Company,IQ269027
11/2/2000,116.54,IQTR12113428,IQ12113336,Private Company,IQ363313
12/18/2000,46.54,IQTR680798,IQ125074,Private Company,IQ881657
12/1/2000,28.99,IQTR591209,IQ591198,Private Company,IQ298893
12/19/2000,115,IQTR595212,IQ595206,Assets/Products,IQ382553
12/31/2000,48,IQTR29899745,IQ3199215,Private Company,IQ22003
12/31/2000,26.33,IQTR30214013,IQ30213967,Assets/Products,IQ883468
10/4/2000,225.89,IQTR7883942,IQ29941,Private Company,IQ107534
12/28/2000,32.18,IQTR6068795,IQ4252498,Private Company,IQ6068126
12/21/2000,84.5,IQTR1338091,IQ103463,Private Company,IQ332954
12/18/2000,31.25,IQTR680074,IQ428206,Private Company,IQ36018
12/27/2000,67.48,IQTR5410114,IQ25223,Private Company,IQ263842
1/17/2000,79044.23,IQTR678389,IQ303560,Private Company,IQ5546439
11/21/2000,35.46,IQTR7010122,IQ140591,Private Company,IQ363313
11/9/2000,54.13,IQTR539850,IQ30970,Private Company,IQ93396
12/22/2000,39.45,IQTR30233417,IQ881255,Private Company,IQ32184
10/16/2000,1103.92,IQTR666310,IQ27115,Private Company,IQ27058
10/3/2000,35.89,IQTR12402590,IQ667335,Private Company,IQ29732020
11/3/2000,276.81,IQTR546789,IQ32863,Private Company,IQ31348
12/20/2000,32,IQTR624173,IQ624041,Private Company,IQ103678
11/13/2000,614.11,IQTR542168,IQ246988,Public Company,IQ842095
10/4/2000,41.68,IQTR666389,IQ664138,Private Company,IQ350381
3/6/2000,470.83,IQTR531548,IQ25606,Public Company,IQ658668
5/23/2000,49.88,IQTR1549481,IQ26008,Private Company,IQ26269
3/6/2000,113.04,IQTR9898074,IQ400166,Public Company,IQ658668
10/31/2000,31.02,IQTR532170,IQ409256,Private Company,IQ109528
10/16/2000,223.39,IQTR666311,IQ30552,Private Company,IQ24816
9/11/2000,1252.05,IQTR666304,IQ213080,Private Company,IQ346012
11/16/2000,91,IQTR25839970,IQ5636139,Private Company,IQ134377
12/22/2000,34.36,IQTR631103,IQ631102,Private Company,IQ127881
12/8/2000,28.28,IQTR631114,IQ631113,Private Company,IQ170571
9/8/2000,123.03,IQTR9638325,IQ391086,Private Company,IQ28338
12/6/2000,122.73,IQTR5874528,IQ28163,Private Company,IQ983882
10/17/2000,222.345,IQTR534361,IQ34924,Private Company,IQ102627
10/17/2000,222.345,IQTR534361,IQ34924,Private Company,IQ23787
12/8/2000,62.28,IQTR740584,IQ438729,Private Company,IQ24804
11/20/2000,28.98,IQTR6859772,IQ32540,Private Company,IQ97461
8/30/2000,32.66,IQTR9648302,IQ178118,Private Company,IQ875822
8/21/2000,47.28,IQTR7185566,IQ257662,Public Company,IQ409956
10/24/2000,59.31,IQTR12436157,IQ25281,Private Company,IQ687140
10/6/2000,210.64,IQTR7817993,IQ664920,Private Company,IQ36478
10/4/2000,114.19,IQTR535383,IQ387307,Private Company,IQ249652
9/10/2000,2205.36,IQTR695731,IQ27762,Private Company,IQ269027
9/26/2000,93.75,IQTR7861113,IQ668495,Private Company,IQ24165
11/13/2000,38.72,IQTR531428,IQ33365,Private Company,IQ30666
9/27/2000,136.14,IQTR1050962,IQ127673,Private Company,IQ792955
8/10/2000,34.04,IQTR9573184,IQ35276,Private Company,IQ27236
9/11/2000,30.81,IQTR12632947,IQ12632911,Private Company,IQ12632932
9/28/2000,15.02,IQTR6798464,IQ124869,Private Company,IQ661684
9/28/2000,15.02,IQTR6798464,IQ124869,Private Company,IQ20117
6/28/2000,4491.51,IQTR463705,IQ21609,Private Company,IQ107534
7/14/2000,532.31,IQTR566174,IQ24872,Private Company,IQ26322
10/4/2000,161.88,IQTR535398,IQ106770,Private Company,IQ345779
9/26/2000,29.81,IQTR7905386,IQ668314,Private Company,IQ19095
10/4/2000,79.93,IQTR2202754,IQ700305,Private Company,IQ3483429
5/30/2000,900.52,IQTR465726,IQ36533,Private Company,IQ437684
9/7/2000,96.26,IQTR11883481,IQ11883454,Assets/Products,IQ11419439
8/21/2000,143.33,IQTR1286496,IQ1286494,Assets/Products,IQ32631
7/31/2000,513.44,IQTR1849021,IQ1849011,Private Company,IQ531375
10/1/2000,62.44,IQTR8390640,IQ4323588,Private Company,IQ29344
10/13/2000,214.77,IQTR12240096,IQ682208,Private Company,IQ124932
10/2/2000,165.24,IQTR12437041,IQ3479494,Public Company,IQ345779
9/6/2000,51.19,IQTR10214614,IQ8082968,Private Company,IQ93473
5/9/2000,267.61,IQTR537450,IQ34764,Private Company,IQ540470
9/28/2000,34.62,IQTR10304963,IQ217948,Private Company,IQ1600393
5/4/2000,659.29,IQTR4839948,IQ364553,Public Company,IQ695365
9/25/2000,102.32,IQTR7885088,IQ668702,Private Company,IQ668697
3/15/2000,32.39,IQTR2185746,IQ1593178,Private Company,IQ112017
9/22/2000,47.35,IQTR7901912,IQ668762,Private Company,IQ347983
8/14/2000,804.89,IQTR463687,IQ343534,Public Company,IQ260494
8/7/2000,256.66,IQTR6257005,IQ28076,Public Company,IQ428293
7/27/2000,164.06,IQTR464751,IQ25831,Private Company,IQ32409672
7/27/2000,164.06,IQTR464751,IQ25831,Private Company,IQ666715
7/25/2000,37.8,IQTR9639604,IQ679130,Assets/Products,IQ679132
3/30/2000,523.92,IQTR456347,IQ113073,Private Company,IQ21465
9/20/2000,70.87,IQTR11941820,IQ11941803,Assets/Products,IQ11941785
8/8/2000,70.72,IQTR9589815,IQ678974,Private Company,IQ35106
9/29/2000,58.29,IQTR514569,IQ35707,Private Company,IQ94613
7/5/2000,129.84,IQTR12110025,IQ998568,Private Company,IQ7844145
8/28/2000,60.93,IQTR12422846,IQ12422835,Assets/Products,IQ108544
7/10/2000,459.04,IQTR1709758,IQ30806,Public Company,IQ30253
7/9/2000,1475.64,IQTR23885042,IQ30806,Public Company,IQ30253
2/14/2000,5959.56,IQTR456000,IQ111049,Private Company,IQ29364
9/8/2000,147.91,IQTR464385,IQ131544,Private Company,IQ29617
5/5/2000,111.57,IQTR6675761,IQ27133,Private Company,IQ20117
7/24/2000,642.31,IQTR10436931,IQ365321,Private Company,IQ135144
6/25/2000,161.7,IQTR10050641,IQ1080613,Assets/Products,IQ881503
9/1/2000,2090.81,IQTR461675,IQ127587,Private Company,IQ19115
8/31/2000,1819.41,IQTR12419297,IQ12419294,Assets/Products,IQ687140
9/15/2000,34.62,IQTR7336475,IQ260381228,Private Company,IQ26076
7/26/2000,178.28,IQTR1366586,IQ34323,Private Company,IQ258769
7/13/2000,3746.68,IQTR9639532,IQ282053,Private Company,IQ385872
5/26/2000,1038.14,IQTR1316313,IQ306132,Public Company,IQ694234
2/15/2000,123.05,IQTR504368,IQ34677,Public Company,IQ27762
6/7/2000,320.92,IQTR5385790,IQ30896,Private Company,IQ31675
7/18/2000,31.02,IQTR9598783,IQ681395,Private Company,IQ25321
8/21/2000,37.08,IQTR531773,IQ531764,Private Company,IQ127800
5/30/2000,111.94,IQTR9748140,IQ694299,Assets/Products,IQ36040
7/18/2000,44.99,IQTR465400,IQ351457,Private Company,IQ433501
6/26/2000,193.58,IQTR8363916,IQ983520,Private Company,IQ217502
2/1/2000,91.98,IQTR11685776,IQ1006891,Private Company,IQ370279
8/15/2000,70.74,IQTR9683871,IQ700452,Private Company,IQ93958
8/8/2000,46.05,IQTR12158095,IQ319639,Private Company,IQ162270
7/24/2000,236.36,IQTR10244766,IQ681273,Private Company,IQ19095
6/2/2000,183.6,IQTR3130250,IQ94639,Private Company,IQ433088
6/20/2000,75.23,IQTR10116373,IQ686397,Private Company,IQ30643
4/27/2000,37.98,IQTR9710393,IQ699359,Private Company,IQ36040
6/21/2000,473.88,IQTR463192,IQ31945,Private Company,IQ268363
3/6/2000,285.15,IQTR456061,IQ32458,Private Company,IQ27159
7/6/2000,55.27,IQTR991489,IQ682051,Private Company,IQ31577
7/25/2000,58.5,IQTR35205712,IQ28542,Private Company,IQ303397
7/20/2000,40.2,IQTR32631824,IQ144218,Public Company,IQ21185
7/20/2000,40.2,IQTR32631824,IQ144218,Public Company,IQ19627
7/13/2000,41.74,IQTR1380080,IQ165081,Private Company,IQ882224
5/25/2000,145.15,IQTR464477,IQ317149,Private Company,IQ425044
5/22/2000,221.98,IQTR12367867,IQ12367861,Assets/Products,IQ385872
5/1/2000,2652.23,IQTR776882,IQ303058,Private Company,IQ22939
7/5/2000,76.07,IQTR9665235,IQ682370,Private Company,IQ24336
7/5/2000,31.83,IQTR9665404,IQ682281,Private Company,IQ92852
5/25/2000,957.56,IQTR9898583,IQ383101,Private Company,IQ36478
7/17/2000,45.57,IQTR9239216,IQ25942,Private Company,IQ372969
6/30/2000,292.49,IQTR4540767,IQ136641,Private Company,IQ99186
6/30/2000,78.35,IQTR141717228,IQ691067,Private Company,IQ691066
6/9/2000,173.11,IQTR465322,IQ431808,Private Company,IQ23893
5/25/2000,65.21,IQTR9836919,IQ682241,Private Company,IQ391968
5/23/2000,1243.45,IQTR9826736,IQ35426,Private Company,IQ185801
7/12/2000,127.12,IQTR9995665,IQ191072,Private Company,IQ30839
6/23/2000,607.75,IQTR12169012,IQ385872,Private Company,IQ250312
5/4/2000,251.7,IQTR10092573,IQ400903,Public Company,IQ288502
2/8/2000,86748.65,IQTR9896902,IQ313219,Private Company,IQ162270
6/15/2000,45.68,IQTR10330375,IQ687490,Private Company,IQ398784
6/2/2000,47.3,IQTR465128,IQ27320,Private Company,IQ31211
5/8/2000,38.36,IQTR10117679,IQ3470690,Public Company,IQ1883611
2/25/2000,196.18,IQTR456852,IQ26277,Private Company,IQ20117
4/26/2000,493.21,IQTR5721829,IQ25495,Private Company,IQ699272
6/6/2000,151.61,IQTR2377776,IQ131968,Private Company,IQ23621
3/2/2000,294.04,IQTR10158534,IQ701368,Private Company,IQ31577
6/1/2000,161.55,IQTR10259242,IQ691795,Private Company,IQ261825
6/1/2000,32.1,IQTR10360192,IQ693991,Private Company,IQ115478
5/31/2000,42.93,IQTR28403638,IQ6764948,Private Company,IQ127548
5/15/2000,39.85,IQTR9673626,IQ696211,Assets/Products,IQ35690
5/22/2000,32.19,IQTR1632579,IQ112650720,Private Company,IQ18511
2/22/2000,728.51,IQTR1350742,IQ31340,Private Company,IQ31312
2/23/2000,61.16,IQTR1046714,IQ317226,Private Company,IQ706066
3/6/2000,809.1,IQTR1204640,IQ30867,Public Company,IQ269027
3/9/2000,454.24,IQTR456057,IQ93016,Private Company,IQ31312
5/10/2000,27.68,IQTR10157735,IQ10157728,Assets/Products,IQ407863
3/27/2000,104.46,IQTR2186716,IQ32256,Private Company,IQ419846
4/26/2000,312.54,IQTR10015019,IQ10015009,Assets/Products,IQ246886
1/20/2000,140.14,IQTR9951273,IQ739588,Assets/Products,IQ384522
3/30/2000,170.58,IQTR460352,IQ111018,Private Company,IQ31954
2/24/2000,394.27,IQTR1165729,IQ399443,Private Company,IQ780260
5/3/2000,37.74,IQTR9795701,IQ699565,Private Company,IQ407831
1/29/2000,109.74,IQTR10198826,IQ353040,Private Company,IQ308202
4/9/2000,76.88,IQTR12343524,IQ1508124,Assets/Products,IQ1508119
4/11/2000,92.63,IQTR1368165,IQ129387,Private Company,IQ116541
2/1/2000,282.37,IQTR4259915,IQ4240255,Private Company,IQ308047
4/10/2000,796.32,IQTR1566425,IQ32484,Private Company,IQ875302
3/20/2000,31.2,IQTR1362075,IQ31632,Private Company,IQ137352
2/4/2000,581.33,IQTR455545,IQ96565,Private Company,IQ424383
3/13/2000,148.95,IQTR6161962,IQ28007,Private Company,IQ34105
3/23/2000,36.64,IQTR7604445,IQ316929,Public Company,IQ139449
3/9/2000,62.5,IQTR513510,IQ29653,Private Company,IQ25593
2/29/2000,26.2,IQTR10006820,IQ705757,Private Company,IQ32931
2/29/2000,77.72,IQTR10066991,IQ705762,Private Company,IQ135311
2/29/2000,186.53,IQTR9747252,IQ9747237,Assets/Products,IQ364553
2/1/2000,122.78,IQTR12367878,IQ12367876,Assets/Products,IQ97461
5/22/2000,28.75,IQTR78886593,IQ78886572,Assets/Products,IQ78886517
1/31/2000,165.75,IQTR1461837,IQ33304,Private Company,IQ99236
1/31/2000,204.86,IQTR36197388,IQ1235966,Private Company,IQ1027499
1/20/2000,45.07,IQTR10049499,IQ687994,Private Company,IQ107910
1/7/2000,41.67,IQTR2433884,IQ33122,Private Company,IQ26241
1/10/2000,32.05,IQTR33949255,IQ33949236,Private Company,IQ1934069
1/7/2000,67.97,IQTR455659,IQ94220,Private Company,IQ18771
12/10/2001,718.29,IQTR28940856,IQ685347,Public Company,IQ687140
11/2/2001,37.6,IQTR8460416,IQ1543251,Private Company,IQ26782
12/17/2001,19210.59,IQTR1431998,IQ29791,Private Company,IQ24816
5/23/2001,44.29,IQTR890134,IQ664143,Private Company,IQ277399
8/27/2001,183.09,IQTR1137647,IQ324990,Private Company,IQ370782
7/18/2001,28.04,IQTR2181003,IQ2180971,Private Company,IQ693629
10/16/2001,225.19,IQTR28803318,IQ20823368,Private Company,IQ22868750
12/18/2001,91.75,IQTR1436239,IQ32259,Private Company,IQ300035
12/6/2001,346.66,IQTR1375827,IQ36277,Private Company,IQ31348
11/15/2001,419.81,IQTR863970,IQ863968,Private Company,IQ19947
4/16/2001,64.01,IQTR1360834,IQ303372,Private Company,-
12/28/2001,224.31,IQTR12218369,IQ12218345,Assets/Products,IQ36549037
10/4/2001,43.91,IQTR1879960,IQ124256,Private Company,IQ678615
12/21/2001,64.5,IQTR1444504,IQ31344,Private Company,IQ32587
12/19/2001,36.66,IQTR1439941,IQ1439935,Private Company,IQ317975
12/5/2001,2757.43,IQTR1375805,IQ27031,Public Company,IQ31577
12/19/2001,36.6,IQTR1440679,IQ1440637,Private Company,IQ1440668
10/18/2001,1435.11,IQTR1249374,IQ335457,Private Company,IQ327481
12/18/2001,55.53,IQTR28818538,IQ28818516,Private Company,IQ426479
12/3/2001,2050.32,IQTR1365500,IQ25341,Private Company,IQ1341470
8/10/2001,670.86,IQTR12048517,IQ1172228,Private Company,IQ405201
12/6/2001,108.77,IQTR1377775,IQ840063,Private Company,IQ293680
12/21/2001,62.69333333,IQTR9283870,IQ559067,Private Company,IQ125899
12/21/2001,62.69333333,IQTR9283870,IQ559067,Private Company,IQ22111
12/21/2001,62.69333333,IQTR9283870,IQ559067,Private Company,IQ2231152
12/5/2001,45.15,IQTR1371059,IQ1371049,Private Company,IQ36040
11/7/2001,520.23,IQTR12058817,IQ1690301,Private Company,IQ29791
10/17/2001,33.19,IQTR1453246,IQ1453245,Private Company,IQ36040
12/31/2001,78.61,IQTR7690728,IQ2760918,Private Company,IQ95940
12/31/2001,63.9,IQTR29186482,IQ26841613,Private Company,IQ881495
12/31/2001,381.82,IQTR35295697,IQ4143828,Private Company,IQ4143809
12/3/2001,526.64,IQTR1366628,IQ1366624,Private Company,IQ26322
11/14/2001,46.66,IQTR1331918,IQ98386,Private Company,IQ133215
11/26/2001,226.93,IQTR1347812,IQ1347802,Assets/Products,IQ293711
12/31/2001,168.45,IQTR1442520,IQ1442519,Private Company,IQ1348220
9/24/2001,221.58,IQTR1199173,IQ279253,Private Company,IQ433088
12/18/2001,85.35,IQTR1436964,IQ28074,Private Company,IQ31348
6/8/2001,66.98,IQTR918753,IQ918746,Private Company,IQ107911
12/19/2001,69.42,IQTR1308874,IQ970510,Private Company,IQ34235
12/13/2001,29.62,IQTR1430031,IQ1430029,Assets/Products,IQ1022672
11/19/2001,29.33,IQTR28816064,IQ13011780,Private Company,IQ2445974
11/9/2001,59.99,IQTR1416172,IQ1416168,Private Company,IQ407572
11/15/2001,34.03,IQTR1337228,IQ1337064,Assets/Products,IQ1337035
10/17/2001,196.9,IQTR6909576,IQ36635,Private Company,IQ27321
10/24/2001,420.14,IQTR1265496,IQ378887,Private Company,IQ247483
5/23/2001,1591.9,IQTR1355171,IQ351429,Private Company,IQ139677
10/19/2001,107.86,IQTR1151491,IQ406706,Private Company,IQ404203
6/13/2001,372.39,IQTR919631,IQ25360,Private Company,IQ401184
10/1/2001,81.18,IQTR1219378,IQ25115,Private Company,IQ322481
10/22/2001,27.82,IQTR1273915,IQ1273875,Private Company,IQ35426
7/16/2001,816.74,IQTR991781,IQ32631,Public Company,IQ268363
6/28/2001,211.32,IQTR956236,IQ36060,Public Company,IQ27559
10/22/2001,30.05,IQTR1255382,IQ1255378,Assets/Products,IQ254131
11/1/2001,39.36,IQTR1309711,IQ1309710,Private Company,IQ762942
9/14/2001,60.3,IQTR35133147,IQ35133087,Private Company,IQ36146
8/7/2001,536.18,IQTR1054426,IQ1054418,Private Company,IQ254571
10/30/2001,28.75,IQTR1286506,IQ1286505,Private Company,IQ258332
10/28/2001,38.56,IQTR38803560,IQ35673079,Private Company,IQ21531
9/19/2001,1088.98,IQTR1197232,IQ325880,Private Company,IQ25798
11/9/2001,42.97,IQTR1227694,IQ1227672,Assets/Products,IQ4237096
7/30/2001,28.98,IQTR1030477,IQ125434,Private Company,IQ31501
6/29/2001,783.07,IQTR956719,IQ267538,Private Company,IQ254291
7/19/2001,1256.42,IQTR1253999,IQ1253996,Private Company,IQ185801
10/18/2001,75.09,IQTR1332420,IQ1332409,Private Company,IQ107608
8/31/2001,26.75,IQTR29628558,IQ875894,Private Company,IQ4493654
7/2/2001,279.38,IQTR959711,IQ29971,Private Company,IQ21239
7/2/2001,279.38,IQTR959711,IQ29971,Private Company,IQ154183
10/9/2001,27.12,IQTR1241539,IQ1241530,Assets/Products,IQ19095
7/16/2001,57.63,IQTR28281290,IQ1004347,Private Company,IQ433088
7/16/2001,136.93,IQTR1004428,IQ1004347,Private Company,IQ433088
5/29/2001,618.88,IQTR895058,IQ895051,Private Company,IQ27504
10/1/2001,26.64,IQTR13154722,IQ1331858,Private Company,IQ20477
9/12/2001,60.05,IQTR1186734,IQ825199,Private Company,IQ26449
9/4/2001,31.16,IQTR1137680,IQ1137679,Private Company,IQ33401
8/24/2001,194.37,IQTR7986437,IQ5503045,Private Company,IQ22111
9/30/2001,128.11,IQTR28848191,IQ28848170,Assets/Products,IQ683131
5/23/2001,61.73,IQTR28706624,IQ22548195,Private Company,IQ875980
9/28/2001,32.67,IQTR29459522,IQ29459424,Private Company,IQ25793184
7/12/2001,27.89,IQTR1238138,IQ806942,Private Company,IQ391386
7/12/2001,5112.41,IQTR11970052,IQ288991,Private Company,IQ409298
5/7/2001,76.18,IQTR2472289,IQ2432734,Private Company,IQ20335
5/7/2001,76.18,IQTR2472289,IQ2432734,Private Company,IQ20515
5/7/2001,76.18,IQTR2472289,IQ2432734,Private Company,IQ1011949
5/7/2001,76.18,IQTR2472289,IQ2432734,Private Company,IQ2468910
5/7/2001,76.18,IQTR2472289,IQ2432734,Private Company,IQ23333
5/7/2001,76.18,IQTR2472289,IQ2432734,Private Company,IQ23349
8/6/2001,296.04,IQTR1061345,IQ544157,Private Company,IQ346012
6/11/2001,177.18,IQTR913136,IQ382256,Private Company,IQ5542188
4/13/2001,115.89,IQTR708894,IQ34968,Private Company,IQ372969
5/29/2001,271.29,IQTR891512,IQ416856,Public Company,IQ34225
8/2/2001,178.02,IQTR1054385,IQ128696,Private Company,IQ94884
9/10/2001,33.24,IQTR29484504,IQ29484455,Private Company,IQ877440
8/7/2001,193.94,IQTR1059805,IQ120950,Private Company,IQ692472
5/31/2001,89.26,IQTR896713,IQ288426,Private Company,IQ258133
5/30/2001,736.84,IQTR893276,IQ355053,Private Company,IQ679153
8/22/2001,398.71,IQTR29646890,IQ294957,Private Company,-
8/21/2001,28.11,IQTR59009610,IQ59009578,Private Company,IQ403593
8/9/2001,76.68,IQTR8838429,IQ107589,Private Company,IQ324990
8/9/2001,31.39,IQTR30374454,IQ30374432,Private Company,IQ107534
8/22/2001,81.23,IQTR11970077,IQ30300,Public Company,IQ285467
3/19/2001,4426,IQTR773997,IQ255199,Public Company,IQ24809
5/30/2001,3638.55,IQTR893565,IQ31609,Private Company,IQ31348
5/30/2001,464.51,IQTR893657,IQ893644,Private Company,IQ31348
6/21/2001,267.3,IQTR957604,IQ881420,Private Company,IQ631740
8/13/2001,58.45,IQTR1076410,IQ1076405,Assets/Products,IQ413190
6/20/2001,256.54,IQTR937551,IQ937535,Private Company,IQ650622
4/16/2001,37.43,IQTR9236602,IQ1478196,Private Company,IQ90256
3/9/2001,34.13,IQTR762858,IQ762838,Private Company,IQ18783
3/9/2001,34.13,IQTR1145504,IQ1145321,Assets/Products,IQ762838
7/30/2001,14.5675,IQTR1029060,IQ1029032,Public Company,IQ18829
7/30/2001,14.5675,IQTR1029060,IQ1029032,Public Company,IQ22347
7/30/2001,14.5675,IQTR1029060,IQ1029032,Public Company,IQ21937
7/30/2001,14.5675,IQTR1029060,IQ1029032,Public Company,IQ23081
8/8/2001,325.67,IQTR1069592,IQ1069278,Assets/Products,IQ385872
7/26/2001,70.48,IQTR1079002,IQ1078965,Private Company,IQ878728
6/29/2001,87.85,IQTR963843,IQ26079,Private Company,IQ317627
5/2/2001,94.63,IQTR887813,IQ887802,Private Company,IQ404203
2/16/2001,52.38,IQTR34480889,IQ26447526,Private Company,IQ730346
6/25/2001,436.42,IQTR944098,IQ365092,Private Company,IQ4730973
5/24/2001,49.09,IQTR30414356,IQ30322485,Private Company,IQ26084394
7/27/2001,119.18,IQTR1038944,IQ27150,Private Company,IQ21457
7/27/2001,119.18,IQTR1038944,IQ27150,Private Company,IQ879206
7/27/2001,119.18,IQTR1038944,IQ27150,Private Company,IQ139011
7/16/2001,119.4,IQTR1104893,IQ1104811,Private Company,IQ395921
7/25/2001,78.84,IQTR1019099,IQ1019078,Private Company,IQ274902
5/18/2001,306.74,IQTR28624500,IQ138462518,Private Company,-
7/19/2001,28.54,IQTR1044009,IQ121278,Private Company,IQ402498
7/19/2001,40.55,IQTR24347961,IQ36351,Private Company,IQ991483
5/11/2001,705.58,IQTR852185,IQ33924,Private Company,IQ288502
4/29/2001,622.32,IQTR834745,IQ25253,Private Company,IQ36235
2/9/2001,33.02,IQTR24865413,IQ32877,Private Company,IQ27487
6/13/2001,37.41,IQTR920443,IQ26647,Private Company,IQ30781
4/24/2001,40.18,IQTR836973,IQ198975,Private Company,IQ409956
7/11/2001,91.45,IQTR1044031,IQ131991,Private Company,IQ20407643
5/31/2001,30.78,IQTR896730,IQ896728,Private Company,IQ127878
7/9/2001,112.27,IQTR973571,IQ33184,Private Company,IQ20641
7/9/2001,109.32,IQTR979439,IQ979348,Private Company,IQ320186
6/13/2001,39.7,IQTR917508,IQ917501,Assets/Products,IQ263232
7/2/2001,59.08,IQTR28383645,IQ9858139,Private Company,IQ120286
5/21/2001,539.35,IQTR869172,IQ411320,Private Company,IQ282005
7/17/2001,36.78,IQTR955344,IQ263905,Private Company,IQ412674
2/14/2001,311,IQTR28626119,IQ24807973,Private Company,IQ771431
6/4/2001,36.36,IQTR966151,IQ966124,Assets/Products,IQ33401
7/16/2001,52.47,IQTR936418,IQ936412,Private Company,IQ384522
3/9/2001,26.67,IQTR762986,IQ762967,Private Company,IQ27504
5/23/2001,46.62,IQTR885961,IQ264347,Private Company,IQ716912
6/29/2001,112.11,IQTR961573,IQ961321,Assets/Products,IQ695365
6/1/2001,51.96,IQTR898209,IQ898158,Private Company,IQ319092
3/26/2001,112.3,IQTR28747719,IQ11437426,Public Company,IQ873727
6/28/2001,136.6,IQTR996456,IQ996394,Private Company,IQ19903
6/16/2001,121.31,IQTR935869,IQ113925,Private Company,IQ910694
3/27/2001,15469.18,IQTR790601,IQ249652,Private Company,IQ139677
1/10/2001,69.845,IQTR686425,IQ686423,Private Company,IQ21495
1/10/2001,69.845,IQTR686425,IQ686423,Private Company,IQ23333
2/19/2001,98.01,IQTR1286925,IQ26036,Private Company,IQ36758
4/24/2001,48.2,IQTR9262575,IQ1065148,Private Company,IQ29344
4/24/2001,211.98,IQTR837298,IQ837188,Private Company,IQ837061
5/4/2001,65.25,IQTR849653,IQ108718,Public Company,IQ706066
6/7/2001,31.3,IQTR917981,IQ917899,Private Company,IQ326028
5/15/2001,57.48,IQTR862142,IQ26920,Private Company,IQ90443
5/4/2001,102.53,IQTR849646,IQ849629,Assets/Products,IQ706066
6/18/2001,139.67,IQTR846825,IQ846748,Private Company,IQ258332
6/4/2001,51.26,IQTR906307,IQ906198,Private Company,IQ30643
2/20/2001,114.33,IQTR35902687,IQ1061327,Assets/Products,IQ559067
5/8/2001,73.22,IQTR866505,IQ866495,Private Company,IQ346012
4/17/2001,40.77,IQTR2517141,IQ369607,Private Company,-
1/23/2001,42.59,IQTR892577,IQ892572,Private Company,IQ26782
6/15/2001,36.94,IQTR901647,IQ126957596,Assets/Products,IQ24215
4/26/2001,311.89,IQTR34664915,IQ22475837,Private Company,IQ423967
3/6/2001,64.94,IQTR748732,IQ375131,Public Company,IQ973375
2/15/2001,286.35,IQTR706790,IQ31024,Private Company,IQ205233
5/15/2001,37.87,IQTR6242991,IQ127009,Private Company,IQ28338
5/13/2001,112.89,IQTR49223463,IQ8390774,Private Company,IQ40131790
5/7/2001,61.62,IQTR1011141,IQ1011109,Private Company,IQ424885
5/7/2001,3128.17,IQTR12618296,IQ687140,Public Company,IQ382553
2/5/2001,489.58,IQTR689393,IQ271057,Private Company,IQ107534
5/2/2001,44.82,IQTR5642497,IQ1194838,Private Company,IQ23893
5/1/2001,69.95,IQTR9475730,IQ9475677,Assets/Products,IQ33368
4/3/2001,28.33,IQTR49054425,IQ6687588,Private Company,IQ24821
3/16/2001,140,IQTR1025789,IQ1025643,Private Company,IQ621668
2/26/2001,250.15,IQTR723676,IQ723675,Private Company,IQ342988
4/20/2001,52.06,IQTR1022976,IQ1022959,Private Company,IQ631740
4/16/2001,79.85,IQTR826622,IQ405627,Private Company,IQ249205
1/26/2001,139.65,IQTR678488,IQ29389,Private Company,IQ139677
3/16/2001,26.32,IQTR27996429,IQ27994571,Private Company,IQ7652947
2/6/2001,617.56,IQTR692520,IQ346516,Private Company,IQ692472
3/23/2001,42.41,IQTR29868769,IQ29868742,Private Company,IQ382553
2/15/2001,682.02,IQTR706737,IQ30207,Private Company,IQ317627
3/26/2001,26.18,IQTR28748026,IQ24178824,Private Company,IQ882368
3/19/2001,41.46,IQTR778817,IQ778814,Private Company,IQ27247
3/29/2001,74.36,IQTR30487331,IQ30275105,Private Company,IQ670058
3/2/2001,66.64,IQTR794329,IQ30985,Public Company,IQ351429
3/26/2001,86.82,IQTR1170778,IQ154589,Private Company,IQ36040
3/20/2001,42,IQTR9245339,IQ774953,Private Company,IQ18829
2/22/2001,95.48,IQTR768274,IQ31814,Private Company,IQ254847
1/23/2001,204.27,IQTR685313,IQ685195,Private Company,IQ173840
3/6/2001,136.12,IQTR9222250,IQ6739665,Private Company,IQ415760
1/19/2001,145.6,IQTR1022884,IQ1022830,Assets/Products,IQ27504
1/17/2001,67.2,IQTR692911,IQ692910,Private Company,IQ21591
1/17/2001,67.2,IQTR692911,IQ692910,Private Company,IQ23350734
3/7/2001,69.51,IQTR763611,IQ34206,Private Company,IQ34141
3/5/2001,80.48,IQTR748720,IQ26200,Private Company,IQ317627
2/28/2001,63.76,IQTR60936177,IQ3698572,Private Company,IQ881548
2/22/2001,82.65,IQTR725133,IQ123949,Private Company,IQ317627
2/7/2001,55.72,IQTR696903,IQ696891,Private Company,IQ4210468
3/2/2001,74.34,IQTR9027024,IQ140556,Private Company,IQ340196
2/16/2001,174.59,IQTR30765025,IQ32587,Private Company,IQ19897
2/8/2001,35.92,IQTR9067900,IQ1056993,Private Company,IQ181274
1/2/2001,47.11,IQTR9125182,IQ1051214,Private Company,IQ399147
2/2/2001,14,IQTR1342961,IQ1342959,Private Company,IQ142236
2/2/2001,14,IQTR1342961,IQ1342959,Private Company,IQ107608
2/2/2001,107.14,IQTR28033431,IQ26809707,Private Company,IQ671670
1/5/2001,152.11,IQTR643269,IQ30219,Private Company,IQ363313
2/1/2001,80.25,IQTR681993,IQ26019,Private Company,IQ25078
1/24/2001,175.2,IQTR672226,IQ672224,Private Company,IQ22003
1/5/2001,152.11,IQTR49650712,IQ49650647,Private Company,IQ4279828
12/18/2002,2254.49,IQTR4049396,IQ320596,Private Company,IQ433088
9/6/2002,28.1,IQTR3029449,IQ337451,Private Company,IQ1348220
7/15/2002,67235.5,IQTR2673813,IQ34141,Private Company,IQ162270
10/22/2002,1061.98,IQTR3724071,IQ2847849,Private Company,IQ261825
12/9/2002,712.11,IQTR3785884,IQ24804,Private Company,IQ23893
11/21/2002,122.64,IQTR3699020,IQ35012,Private Company,IQ671670
7/31/2002,253.24,IQTR2778500,IQ998222,Public Company,IQ36229
4/2/2002,823.88,IQTR1907159,IQ171900,Private Company,IQ361335
11/4/2002,41.93,IQTR3543177,IQ3542942,Assets/Products,IQ3542928
9/12/2002,75.87,IQTR3734647,IQ31688,Private Company,IQ647687563
11/13/2002,103.59,IQTR3631356,IQ32507,Private Company,IQ139677
9/13/2002,190.21,IQTR3097873,IQ1255718,Private Company,IQ527580
11/5/2002,97.99,IQTR3542287,IQ32062,Private Company,IQ431808
10/1/2002,48.81,IQTR3202231,IQ390069,Private Company,IQ24879
11/12/2002,58.33,IQTR3641384,IQ36155,Public Company,IQ364865
11/12/2002,595.49,IQTR3597549,IQ27559,Private Company,IQ30643
12/4/2002,468.45,IQTR3759238,IQ35764,Private Company,IQ29002
7/29/2002,431.37,IQTR4049072,IQ35440,Private Company,IQ293680
7/1/2002,213.62,IQTR2525119,IQ2524909,Private Company,IQ1194838
12/30/2002,50,IQTR4095784,IQ895163,Private Company,IQ416430
12/6/2002,31.12,IQTR4470868,IQ159581,Private Company,IQ727543
10/21/2002,206.24,IQTR3358494,IQ31400,Private Company,IQ385872
12/31/2002,90,IQTR4148555,IQ835464,Private Company,IQ21785
11/5/2002,61.63,IQTR3598253,IQ25771,Private Company,IQ24809
10/9/2002,490.08,IQTR4119746,IQ701244,Private Company,IQ36146
9/26/2002,153.57,IQTR4108180,IQ3200630,Assets/Products,IQ26782
6/14/2002,974.54,IQTR2419653,IQ306654,Private Company,IQ172207
12/31/2002,26.7,IQTR4099888,IQ4099885,Assets/Products,IQ364086
12/31/2002,143.03,IQTR592163294,IQ592163010,Assets/Products,IQ5686066
12/20/2002,77.9,IQTR7404383,IQ4110559,Assets/Products,IQ650622
11/25/2002,122.78,IQTR3721645,IQ1495597,Private Company,IQ19143
11/4/2002,150,IQTR3544197,IQ3544105,Private Company,IQ30589163
10/16/2002,30.33,IQTR43927435,IQ6509098,Private Company,IQ124307
4/26/2002,32.03,IQTR3624544,IQ1378523,Private Company,IQ258769
12/30/2002,68.83,IQTR11797320,IQ11797300,Assets/Products,IQ264625
12/17/2002,96.16,IQTR4016621,IQ27210,Private Company,IQ24753
3/20/2002,47.22,IQTR12058689,IQ172182,Private Company,IQ4058466
12/20/2002,49.66,IQTR4074524,IQ521327,Private Company,IQ747532
12/20/2002,218.17,IQTR11793431,IQ11793422,Assets/Products,IQ3572119
6/10/2002,322.9,IQTR2385379,IQ2385372,Assets/Products,IQ650622
12/19/2002,40.65,IQTR4050024,IQ4049959,Private Company,IQ1221480
12/12/2002,27.97,IQTR3805223,IQ26272,Private Company,IQ794669
12/17/2002,174.13,IQTR4003112,IQ3811491,Private Company,IQ345779
8/29/2002,27.93,IQTR3796446,IQ3000092,Private Company,IQ5801533
6/18/2002,263.6,IQTR11852952,IQ10006018,Private Company,IQ160138
12/3/2002,45.12,IQTR11829825,IQ11829805,Assets/Products,IQ121246
9/16/2002,39.09,IQTR3114980,IQ3114970,Private Company,IQ22177634
11/15/2002,86.76,IQTR3642998,IQ3642001,Private Company,IQ398784
11/6/2002,51.32,IQTR12437828,IQ6906733,Private Company,IQ1541822
10/30/2002,337.5966667,IQTR3461236,IQ11777420,Private Company,IQ18733
10/30/2002,337.5966667,IQTR3461236,IQ11777420,Private Company,IQ671980
10/30/2002,337.5966667,IQTR3461236,IQ11777420,Private Company,IQ19897
8/29/2002,965.21,IQTR11829791,IQ3198944,Private Company,IQ382553
11/22/2002,18.56,IQTR12188994,IQ29589,Private Company,IQ469127
11/22/2002,18.56,IQTR12188994,IQ29589,Private Company,IQ23350734
10/28/2002,118.02,IQTR3452556,IQ706022,Private Company,IQ94585
10/7/2002,173.03,IQTR3255898,IQ2462067,Private Company,IQ875522
6/26/2002,139.47,IQTR2692157,IQ356369,Private Company,IQ610365
10/1/2002,96.47,IQTR2990944,IQ30219,Private Company,IQ2952485
10/9/2002,107.01,IQTR3552802,IQ24210,Private Company,IQ24336
9/20/2002,123.7,IQTR3134677,IQ3134671,Assets/Products,IQ130838
11/8/2002,38.06,IQTR3418531,IQ3418516,Private Company,IQ279020
10/16/2002,30,IQTR27291220,IQ27291155,Private Company,IQ5686531
5/16/2002,53.03,IQTR2242818,IQ35915,Private Company,-
9/25/2002,146.54,IQTR27242743,IQ13375232,Private Company,IQ882334
10/25/2002,39.475,IQTR10978356,IQ1030012,Private Company,IQ1495607
10/25/2002,39.475,IQTR10978356,IQ1030012,Private Company,IQ405201
7/17/2002,27.08,IQTR2703812,IQ28932,Private Company,IQ598656
6/19/2002,45.08,IQTR3419309,IQ34554,Private Company,IQ1002655
9/5/2002,55.16,IQTR13755869,IQ4804661,Private Company,IQ792955
7/23/2002,61.83,IQTR2734241,IQ133142,Public Company,IQ103375
6/28/2002,272.92,IQTR2515482,IQ34671,Private Company,IQ31348
5/8/2002,17.75,IQTR50020295,IQ833958,Private Company,IQ22185
5/8/2002,17.75,IQTR50020295,IQ833958,Private Company,IQ22555
5/8/2002,17.75,IQTR50020295,IQ833958,Private Company,IQ22807
5/8/2002,17.75,IQTR50020295,IQ833958,Private Company,IQ1502364
10/8/2002,34.44,IQTR3259059,IQ136756465,Assets/Products,IQ397809
10/7/2002,25.45,IQTR3259871,IQ3259859,Private Company,IQ398784
7/12/2002,92.7,IQTR26414238,IQ28219,Private Company,IQ910694
10/25/2002,168.84,IQTR3207430,IQ127761,Private Company,IQ248356
10/1/2002,25.69,IQTR4679141,IQ4614857,Private Company,IQ2087645
10/1/2002,48.74,IQTR23796902,IQ25107,Private Company,IQ23121
9/3/2002,42.39,IQTR3000087,IQ3000086,Private Company,IQ31496
7/17/2002,540,IQTR20643098,IQ2192119,Private Company,IQ106667
4/29/2002,54.65,IQTR2047832,IQ981212,Private Company,IQ31186
2/28/2002,140.28,IQTR39795737,IQ2901533,Private Company,IQ2901534
9/20/2002,100.62,IQTR3148837,IQ3148826,Private Company,IQ254847
6/26/2002,152.01,IQTR11503929,IQ11503877,Private Company,IQ409298
7/22/2002,100.66,IQTR26578794,IQ12465798,Private Company,IQ10637389
9/19/2002,30.52,IQTR11867275,IQ24846,Private Company,IQ285467
6/18/2002,627.62,IQTR2438437,IQ24792,Private Company,IQ104673
8/8/2002,72.24,IQTR2858823,IQ847209,Private Company,IQ1348220
5/1/2002,395.11,IQTR2333261,IQ24563,Public Company,IQ288195
9/6/2002,95.62,IQTR3051506,IQ157104,Private Company,IQ18511
9/6/2002,40.605,IQTR3064938,IQ3064929,Private Company,IQ20433
9/6/2002,40.605,IQTR3064938,IQ3064929,Private Company,IQ23179
9/6/2002,221.66,IQTR3162439,IQ3018493,Private Company,IQ857229
8/23/2002,86.02,IQTR3176317,IQ3176316,Private Company,IQ20937
9/2/2002,34.58,IQTR3358290,IQ1657242,Private Company,IQ736187
5/22/2002,375,IQTR2219962,IQ2219961,Private Company,IQ18613
2/7/2002,163.42,IQTR1593365,IQ877463,Private Company,IQ25605
8/21/2002,25.7,IQTR5853879,IQ2948116,Private Company,IQ2948115
11/22/2002,366.3,IQTR10120358,IQ9466547,Private Company,IQ19627
7/31/2002,229.41,IQTR11186814,IQ425068,Private Company,IQ2952485
8/8/2002,55.18,IQTR3017651,IQ3017647,Private Company,IQ107608
5/23/2002,218.65,IQTR4164937,IQ807324,Private Company,IQ1163873
7/31/2002,32.63,IQTR49054879,IQ2864230,Private Company,IQ984744
6/30/2002,123.51,IQTR33945350,IQ8141878,Private Company,IQ1625274
4/29/2002,4403.96,IQTR2035381,IQ355733,Private Company,IQ160077
5/22/2002,145.56,IQTR677794503,IQ12763255,Private Company,IQ984744
5/3/2002,416.1,IQTR9874882,IQ2112915,Assets/Products,IQ434566
6/20/2002,124.4,IQTR2560983,IQ1004557,Private Company,IQ24809
6/11/2002,214.14,IQTR2413413,IQ951738,Private Company,IQ882965
7/11/2002,44.01,IQTR3118420,IQ2911658,Private Company,IQ521788
6/10/2002,60,IQTR2567761,IQ2567756,Private Company,IQ20117
3/1/2002,51.11,IQTR27777068,IQ27755301,Private Company,IQ36204
5/9/2002,41.28,IQTR2116970,IQ2116967,Assets/Products,IQ407863
3/22/2002,158.34,IQTR1858658,IQ325801,Private Company,IQ320596
3/19/2002,182.94,IQTR1839738,IQ386844,Private Company,IQ434566
6/26/2002,38.36,IQTR2506616,IQ1048356,Private Company,IQ35426
6/5/2002,32.02,IQTR60467575,IQ60467542,Assets/Products,IQ97023
6/4/2002,143.09,IQTR24602087,IQ24602073,Assets/Products,IQ94614
4/12/2002,50.63,IQTR1977558,IQ552558,Private Company,IQ685712
4/4/2002,96.86,IQTR1917186,IQ1917041,Private Company,IQ308047
6/11/2002,30.5,IQTR11920453,IQ2417679,Private Company,IQ27247
2/19/2002,32.64,IQTR1663348,IQ1663342,Private Company,IQ279728
6/27/2002,111.83,IQTR2512379,IQ2512373,Private Company,IQ5685483
6/26/2002,53.27,IQTR27292222,IQ27292155,Private Company,IQ7728418
5/14/2002,102.3,IQTR2145508,IQ252615,Private Company,IQ317627
6/21/2002,57.99,IQTR79188724,IQ30829982,Private Company,-
6/19/2002,38.88,IQTR2443983,IQ128164,Private Company,IQ3733060
6/14/2002,109.72,IQTR2432675,IQ2432655,Private Company,IQ19903
5/24/2002,33.75,IQTR2237265,IQ532006,Private Company,IQ33471
4/4/2002,228.85,IQTR5926423,IQ2068472,Assets/Products,IQ22299536
1/2/2002,451.83,IQTR49005670,IQ2434396,Assets/Products,IQ24215
6/14/2002,52.7,IQTR2253767,IQ119025,Private Company,IQ317627
1/18/2002,31.96,IQTR1520267,IQ998587,Private Company,IQ134377
5/26/2002,454.91,IQTR2334204,IQ33304,Private Company,IQ20075
6/7/2002,27.27,IQTR2383991,IQ2383970,Private Company,IQ91093
3/21/2002,50.88,IQTR1855303,IQ1855290,Private Company,IQ254291
4/23/2002,59.62,IQTR2336996,IQ2336884,Private Company,IQ36146
6/4/2002,40.28,IQTR1801345,IQ1801139,Private Company,IQ33401
6/3/2002,30.5,IQTR11901696,IQ2376119,Assets/Products,IQ35087
5/15/2002,210.54,IQTR2117932,IQ2117908,Private Company,-
2/27/2002,192.53,IQTR1695093,IQ28775,Public Company,IQ254571
4/29/2002,127.21,IQTR2036278,IQ2036203,Assets/Products,IQ385872
4/26/2002,54.59,IQTR2520385,IQ131822,Private Company,IQ2520384
5/23/2002,25.39,IQTR2218186,IQ2218180,Assets/Products,IQ315700
5/23/2002,27.37,IQTR27009093,IQ1051103,Public Company,IQ142742
3/25/2002,137.2,IQTR1826450,IQ1826430,Private Company,IQ33401
3/18/2002,266.54,IQTR1830560,IQ1830540,Assets/Products,IQ247483
5/7/2002,150.56,IQTR2116861,IQ2116856,Assets/Products,IQ24816
5/2/2002,432.98,IQTR2119161,IQ99236,Private Company,IQ18511
6/14/2002,148.3,IQTR11902192,IQ11902186,Assets/Products,IQ258673
5/1/2002,44.16,IQTR2183049,IQ2183048,Private Company,IQ28536
4/2/2002,167.37,IQTR1903308,IQ34649,Private Company,IQ29962
4/30/2002,53.79,IQTR2051634,IQ2051626,Private Company,IQ31335
4/30/2002,49.91,IQTR4100227,IQ34620,Private Company,IQ311760
2/25/2002,91.75,IQTR1685809,IQ1685795,Private Company,IQ29344
3/26/2002,108.4,IQTR1883407,IQ126788,Private Company,IQ31152
4/21/2002,112.13,IQTR2005992,IQ121279,Private Company,IQ968114
3/19/2002,64.02,IQTR1833128,IQ418901,Private Company,IQ329470
3/28/2002,171.63,IQTR1965550,IQ520516,Private Company,IQ32410
3/22/2002,363.3,IQTR1867128,IQ814451,Private Company,IQ139677
5/2/2002,35.43,IQTR1998690,IQ917899,Private Company,IQ294957
4/30/2002,744.21,IQTR12453508,IQ12453494,Assets/Products,IQ687130
4/15/2002,123.65,IQTR2027701,IQ2027691,Assets/Products,IQ291225
11/26/2002,68.68,IQTR2004692,IQ1497356,Private Company,IQ345779
2/6/2002,516.52,IQTR1589432,IQ1589431,Private Company,IQ317975
1/30/2002,657.01,IQTR58214029,IQ621668,Private Company,IQ12917125
3/11/2002,27.09,IQTR9572566,IQ26505,Private Company,IQ92852
3/5/2002,34.49,IQTR12057212,IQ1745701,Private Company,IQ125396
4/2/2002,25.05,IQTR54257448,IQ28237829,Private Company,IQ320186
2/8/2002,63.26,IQTR1596073,IQ33637,Private Company,IQ921230
2/7/2002,562.64,IQTR1594822,IQ598809,Private Company,IQ361335
1/18/2002,32.78,IQTR2985729,IQ1703489,Public Company,IQ8141878
4/2/2002,30.74,IQTR11969772,IQ2026218,Private Company,IQ8032895
3/8/2002,240.34,IQTR12056659,IQ12056599,Assets/Products,IQ1022672
2/14/2002,332.97,IQTR1632318,IQ32509,Private Company,IQ97461
3/27/2002,141.37,IQTR1891383,IQ1891325,Assets/Products,IQ517984
3/5/2002,76.67,IQTR1676500,IQ698626,Private Company,IQ368090
3/22/2002,30.31,IQTR1885912,IQ1869343,Private Company,IQ33543
3/12/2002,1139.98,IQTR28706222,IQ598804,Private Company,IQ387097
4/2/2002,162.08,IQTR12145578,IQ298014,Private Company,-
3/19/2002,34.85,IQTR1833102,IQ121234,Private Company,IQ556909
1/8/2002,108.13,IQTR1462411,IQ115478,Private Company,IQ27441
3/12/2002,105.25,IQTR5095632,IQ737058,Private Company,IQ879338
3/11/2002,232.14,IQTR1924017,IQ315782,Private Company,-
2/13/2002,200.38,IQTR1759794,IQ1759773,Assets/Products,IQ413190
3/1/2002,32.67,IQTR1780137,IQ1780102,Private Company,IQ21975
2/28/2002,30,IQTR1726192,IQ1726180,Private Company,IQ1726191
2/28/2002,27.94,IQTR34412882,IQ34333334,Private Company,IQ21407
1/15/2002,130.6,IQTR12960785,IQ4503221,Private Company,IQ646194
3/7/2002,163.07,IQTR30765795,IQ32587,Private Company,-
1/23/2002,50.92,IQTR1661269,IQ1598454,Private Company,IQ403593
1/7/2002,82.3,IQTR1460811,IQ31191,Private Company,IQ260494
2/11/2002,26.86,IQTR1665969,IQ26731,Private Company,IQ27483
2/25/2002,42.91,IQTR1361872,IQ26393,Private Company,IQ28062
1/10/2002,50.4,IQTR1474151,IQ1474111,Private Company,IQ220168
1/7/2002,29,IQTR1462098,IQ1462090,Private Company,IQ209445
1/17/2002,110.7,IQTR29342439,IQ29342426,Assets/Products,IQ29342508
1/10/2002,40.42,IQTR12070786,IQ12070780,Private Company,-
1/30/2002,62.69,IQTR216427058,IQ30950655,Private Company,IQ876125
1/15/2002,156.98,IQTR8286751,IQ1543242,Private Company,IQ29747
1/4/2002,54.49,IQTR1442716,IQ1442715,Private Company,IQ24215
1/24/2002,113.84,IQTR1023140,IQ1023119,Assets/Products,IQ1022672
