7/26/2022,50.25,IQTR1793264395,IQ716981289,Private Company,IQ731222
7/28/2022,91.52,IQTR1793539690,IQ1794098713,Assets/Products,IQ103678
6/29/2022,48.41,IQTR1788962763,IQ47630913,Public Company,IQ13669266
5/31/2022,97.8,IQTR1787655778,IQ883058,Public Company,IQ874513
2/11/2022,350,IQTR1771383090,IQ1771382866,Assets/Products,IQ5411933
7/23/2022,500,IQTR1793162199,IQ869166,Private Company,IQ23317542
4/19/2022,1000,IQTR1779728694,IQ558652,Private Company,IQ874182
8/8/2022,62.04,IQTR1795870693,IQ1795869419,Assets/Products,IQ244978297
7/21/2022,50.26,IQTR1792730923,IQ1792730911,Assets/Products,IQ244978297
4/18/2022,1118.43,IQTR1779665520,IQ31913,Private Company,IQ262630476
6/29/2022,191.02,IQTR1788842902,IQ583139707,Private Company,IQ28606
7/18/2022,186.85,IQTR1792288308,IQ578960452,Private Company,IQ117471985
6/20/2022,48.33,IQTR1787598150,IQ114602010,Public Company,IQ279649306
6/6/2022,1426.03,IQTR1785970118,IQ7828831,Private Company,IQ103678
5/16/2022,26.25,IQTR1783425565,IQ1679029153,Private Company,IQ428400406
8/2/2022,36.58,IQTR1794043796,IQ1794043786,Private Company,IQ339745
6/8/2022,204.89,IQTR1786289457,IQ240765062,Private Company,IQ33539588
4/4/2022,409.27,IQTR1777029488,IQ110010173,Private Company,IQ154172707
2/2/2022,46.68,IQTR1769660498,IQ558232165,Private Company,IQ24362
5/23/2022,180.14,IQTR1784337959,IQ1784337906,Assets/Products,IQ9975660
5/23/2022,180.14,IQTR1784337959,IQ1784337906,Assets/Products,IQ657043082
7/6/2022,50.16,IQTR1790020183,IQ1790018030,Assets/Products,IQ7925468
8/3/2022,80.5,IQTR1794314068,IQ1794310297,Assets/Products,IQ35245481
7/5/2022,500,IQTR1790774735,IQ214913880,Private Company,IQ694373753
5/17/2022,122.85,IQTR1783644914,IQ1783644885,Assets/Products,IQ629627778
7/6/2022,52.32,IQTR1789968212,IQ649029635,Private Company,IQ233586353
6/22/2022,117.99,IQTR1787674558,IQ574249135,Private Company,IQ189488
6/8/2022,80,IQTR1786223269,IQ423433606,Private Company,IQ1760478142
6/2/2022,1025.42,IQTR1785466488,IQ1785465708,Assets/Products,IQ33715
6/1/2022,41.3,IQTR1785269508,IQ145626668,Private Company,IQ45120044
5/12/2022,173.31,IQTR1782952743,IQ75887242,Public Company,IQ7902178
5/5/2022,428.36,IQTR1781805448,IQ1781805024,Assets/Products,IQ687117
4/27/2022,26,IQTR1780764928,IQ79641151,Private Company,IQ52172215
4/27/2022,82.55,IQTR1780854117,IQ1780854064,Assets/Products,IQ31348
4/13/2022,1778.74,IQTR1778099369,IQ10194985,Private Company,IQ275442
7/21/2022,398.53,IQTR1792901227,IQ408976670,Private Company,IQ107911
3/9/2022,83.44,IQTR1773904825,IQ378801005,Public Company,IQ1773904818
1/21/2022,939.01,IQTR1765035366,IQ1765035294,Private Company,IQ107124
4/5/2022,1883.7,IQTR1777124580,IQ24732,Private Company,IQ21651
6/24/2022,47.4,IQTR1788260976,IQ1788260466,Assets/Products,IQ47228485
5/24/2022,48.68,IQTR1784594074,IQ49247640,Public Company,IQ1784516874
6/21/2022,225,IQTR1787670804,IQ682557068,Private Company,IQ1716658
6/21/2022,219.49,IQTR1787726341,IQ223956325,Public Company,-
4/22/2022,67,IQTR1780174050,IQ700540354,Private Company,IQ4481343
1/10/2022,3558.93,IQTR1763820144,IQ709776815,Private Company,IQ27265085
8/1/2022,95.39,IQTR1793948722,IQ1793943147,Assets/Products,IQ434453494
6/15/2022,130,IQTR1786971156,IQ37413789,Private Company,IQ27881517
6/10/2022,168.96,IQTR1786765167,IQ1677972416,Private Company,IQ256906841
5/4/2022,241.41,IQTR1781601273,IQ424371679,Private Company,IQ263232
4/19/2022,92.53,IQTR1780010890,IQ114721518,Public Company,IQ1780010761
4/7/2022,481.48,IQTR1777394302,IQ264124605,Private Company,IQ162270
3/28/2022,120.81,IQTR1776022361,IQ65044643,Private Company,IQ3474216
6/8/2022,32,IQTR1786315485,IQ674793723,Private Company,IQ20786046
6/29/2022,152.82,IQTR1788791048,IQ1788791016,Assets/Products,IQ281842956
6/1/2022,29.31,IQTR1785253944,IQ1785253888,Assets/Products,IQ417715026
2/10/2022,1008.745,IQTR1770526632,IQ1770526160,Private Company,IQ553311654
2/10/2022,1008.745,IQTR1770526632,IQ1770526160,Private Company,IQ20117
4/19/2022,254.53,IQTR1779785864,IQ291783457,Private Company,IQ33715
5/26/2022,32.86,IQTR1784799601,IQ1784799554,Private Company,IQ1784799598
2/28/2022,219.35,IQTR1773031666,IQ302516,Private Company,IQ34583003
4/13/2022,955.86,IQTR1778194661,IQ764293,Private Company,IQ7931206
5/23/2022,56.15,IQTR1784450988,IQ1784450748,Assets/Products,IQ36235
4/12/2022,360,IQTR1778000502,IQ576700714,Private Company,IQ771431
3/18/2022,58.73,IQTR1775356984,IQ226515827,Public Company,IQ1775357567
4/19/2022,67.63,IQTR1779757791,IQ1779755264,Private Company,IQ12752952
5/13/2022,54.08,IQTR1783193351,IQ664214090,Private Company,IQ24378207
5/12/2022,80.71,IQTR1787084928,IQ703309446,Private Company,IQ140122079
5/18/2022,68.22,IQTR1783719270,IQ1783719205,Private Company,IQ33398
5/11/2022,853.65,IQTR1782544453,IQ24809,Public Company,-
5/16/2022,60.04,IQTR1787417623,IQ60274725,Private Company,IQ876539
5/10/2022,94.94,IQTR1782347384,IQ1782347020,Assets/Products,IQ1777989160
3/14/2022,602.86,IQTR1774357995,IQ653081633,Private Company,IQ249151613
3/21/2022,95.63,IQTR1775176936,IQ1775176803,Assets/Products,IQ1775178407
5/9/2022,25.73,IQTR1782362592,IQ604279204,Private Company,IQ617309
3/22/2022,48.99,IQTR1775358768,IQ607182291,Private Company,IQ272485300
5/4/2022,118.35,IQTR1781560318,IQ1781559896,Assets/Products,IQ687062541
3/31/2022,216.05,IQTR1776467348,IQ47575785,Private Company,IQ1029989
3/8/2022,96.05,IQTR1774170722,IQ301107757,Private Company,IQ1774170570
3/7/2022,64.46,IQTR1773613939,IQ184383236,Private Company,IQ555723496
5/4/2022,104.14,IQTR1781565626,IQ24392032,Private Company,IQ27283
5/2/2022,33.31,IQTR1781288637,IQ1781288530,Assets/Products,IQ262624012
3/2/2022,631.05,IQTR1773254956,IQ1773245473,Assets/Products,IQ920170
4/19/2022,105,IQTR1779767008,IQ677229294,Private Company,IQ261982068
3/25/2022,60.84,IQTR1775848761,IQ1775848677,Private Company,IQ226188251
4/13/2022,42.09,IQTR1778171102,IQ576986711,Private Company,IQ419745895
1/18/2022,549.97,IQTR1764631720,IQ28851479,Private Company,IQ608642327
4/18/2022,157.57,IQTR1779692051,IQ32751,Private Company,IQ413045434
4/4/2022,129.74,IQTR1777082551,IQ47267102,Private Company,IQ60295846
1/29/2022,60.63,IQTR1769773030,IQ52781411,Private Company,IQ1769665616
4/25/2022,41.53,IQTR1780398332,IQ1780397873,Assets/Products,IQ83345566
4/22/2022,25.6,IQTR1780370600,IQ1780370571,Assets/Products,IQ42960779
3/7/2022,287.98,IQTR1774125992,IQ28326299,Private Company,IQ312774722
4/21/2022,500,IQTR1780009445,IQ36434867,Private Company,IQ580816786
1/27/2022,2062.41,IQTR1765647855,IQ171696118,Private Company,IQ138307680
4/20/2022,48.96,IQTR1779852052,IQ1779852002,Private Company,IQ1780535769
4/16/2022,31.21,IQTR1779823157,IQ427682329,Private Company,IQ1779823117
3/29/2022,32,IQTR1776099243,IQ1777570513,Assets/Products,IQ667518294
3/7/2022,137.75,IQTR1773623469,IQ576058232,Private Company,IQ576807508
2/23/2022,53.53,IQTR1772288356,IQ228708918,Private Company,IQ206437596
4/11/2022,32.7,IQTR1777966648,IQ1777966592,Assets/Products,IQ1771989709
4/7/2022,41.73,IQTR1779492816,IQ1779492795,Assets/Products,IQ11526819
4/7/2022,41.73,IQTR1779492816,IQ1779492795,Assets/Products,IQ702475254
1/18/2022,38.46,IQTR1764611880,IQ1764611878,Assets/Products,IQ9643983
4/7/2022,130,IQTR1777412653,IQ687251301,Private Company,IQ36627
2/3/2022,348.73,IQTR1769790918,IQ116896228,Private Company,IQ684212220
1/27/2022,526.02,IQTR1777265919,IQ411619276,Public Company,IQ18999
1/26/2022,88.63,IQTR1765523241,IQ1765523162,Assets/Products,IQ1765523233
3/31/2022,164.42,IQTR1776542628,IQ1776542332,Assets/Products,IQ7797659
3/14/2022,34.01,IQTR1774358497,IQ367623712,Private Company,IQ130407341
2/16/2022,153.62,IQTR1771686800,IQ113026131,Private Company,IQ281407
2/2/2022,61.96,IQTR1769660314,IQ117578113,Private Company,IQ347535
5/5/2022,38.08,IQTR1781770007,IQ106843766,Private Company,IQ398549
2/23/2022,29.17,IQTR1782419844,IQ312820889,Private Company,-
2/15/2022,137,IQTR1771479633,IQ28758565,Private Company,IQ876221
1/10/2022,1713.14,IQTR1763824282,IQ24967,Private Company,IQ97495
2/14/2022,578.87,IQTR1771396865,IQ1541596,Private Company,IQ7490189
1/28/2022,403.16,IQTR1765682519,IQ543939698,Private Company,IQ39347275
6/8/2022,50.17,IQTR1786387236,IQ575032794,Private Company,IQ138480553
1/28/2022,116.47,IQTR1767461408,IQ1767460344,Assets/Products,IQ1767459197
1/24/2022,31.25,IQTR1765257329,IQ1765257195,Assets/Products,IQ27742428
2/28/2022,36.85,IQTR1772795284,IQ51714968,Private Company,IQ97989769
3/4/2022,177.28,IQTR1774117341,IQ1774116745,Assets/Products,IQ224165276
1/19/2022,1656.68,IQTR1764714428,IQ28826185,Private Company,IQ27246346
2/22/2022,107.95,IQTR1773543436,IQ5421919,Public Company,IQ5492209
3/1/2022,39.59,IQTR1773118755,IQ114060458,Private Company,IQ226864191
2/10/2022,266.02,IQTR1770552137,IQ420306599,Private Company,IQ701692544
1/26/2022,50,IQTR1765481031,IQ557248939,Private Company,IQ323748321
1/13/2022,270.32,IQTR1764239638,IQ528524105,Private Company,IQ882368
3/1/2022,899.7,IQTR1773035211,IQ551872511,Private Company,IQ141885706
2/22/2022,79.36,IQTR1772279877,IQ1772279759,Assets/Products,IQ4272332
2/25/2022,710.08,IQTR1773724858,IQ547907169,Private Company,IQ3675416
2/25/2022,710.08,IQTR1773724858,IQ547907169,Private Company,IQ18635
1/6/2022,690.14,IQTR1763479793,IQ597357054,Private Company,IQ596117
2/22/2022,59.43,IQTR1772565876,IQ1772565620,Assets/Products,-
1/6/2022,2937.62,IQTR1763473929,IQ764190,Private Company,IQ94614
2/23/2022,61.88,IQTR1772356289,IQ641763711,Private Company,IQ113674097
1/5/2022,335.6,IQTR1763357848,IQ62702188,Private Company,IQ144841470
2/16/2022,290.53,IQTR1771627567,IQ142012329,Private Company,IQ575585027
2/15/2022,44.01,IQTR1771504400,IQ1771504361,Assets/Products,IQ53036657
1/12/2022,33.41,IQTR1767446860,IQ1767446442,Assets/Products,IQ303022599
2/10/2022,30.82,IQTR1770612973,IQ1770612939,Assets/Products,IQ405051319
1/5/2022,82.56,IQTR1763351656,IQ1763351482,Assets/Products,IQ232376501
1/4/2022,300.9,IQTR1763249354,IQ1763249301,Assets/Products,IQ206877631
2/4/2022,93.51,IQTR1770054789,IQ1770054785,Assets/Products,IQ398549
1/17/2022,32.04,IQTR1764496011,IQ1764496005,Assets/Products,IQ23049465
1/3/2022,51.56,IQTR1763149450,IQ684456953,Private Company,IQ1763149134
2/3/2022,174.92,IQTR1769790487,IQ1769787768,Private Company,IQ277799796
2/2/2022,30.1,IQTR1769647843,IQ4588100,Private Company,IQ37345302
1/18/2022,108.55,IQTR1764629521,IQ381124418,Private Company,IQ361335
1/10/2022,79.2,IQTR1763820167,IQ24743684,Private Company,IQ715881666
1/5/2022,75.05,IQTR1763351941,IQ1763351812,Assets/Products,IQ1108195
1/28/2022,215.02,IQTR1765720143,IQ676157133,Private Company,IQ36834210
1/20/2022,37.16,IQTR1765703120,IQ626553458,Private Company,IQ638018804
1/8/2022,38.09,IQTR1770425349,IQ1770424612,Private Company,IQ283355188
1/5/2022,63.83,IQTR1763416532,IQ226515827,Public Company,IQ212462831
1/20/2022,162.5,IQTR1764858370,IQ322213318,Private Company,IQ38567128
2/15/2022,39.99,IQTR1771606264,IQ588246004,Private Company,IQ3129354
1/24/2022,44.2,IQTR1765252265,IQ688795484,Private Company,IQ373691
1/24/2022,37.01,IQTR1765259745,IQ545174048,Private Company,IQ373691
1/18/2022,26,IQTR1764732615,IQ1764731906,Assets/Products,IQ51784479
1/13/2022,238.92,IQTR1764237643,IQ1764237261,Assets/Products,IQ330031056
8/16/2022,64.86,IQTR1797182929,IQ1784812020,Private Company,IQ1782246958
1/11/2022,56.77,IQTR1763932930,IQ1763932615,Assets/Products,IQ137717
1/7/2022,43,IQTR1763573501,IQ183299310,Private Company,IQ404267682
1/5/2022,39.88,IQTR1763332325,IQ306825801,Public Company,-
1/5/2022,37.08,IQTR1771644727,IQ1771644704,Assets/Products,IQ223613180
1/5/2022,118.17,IQTR1763339168,IQ423491357,Private Company,IQ40311288
2/28/2022,47.29,IQTR1773447278,IQ1773447252,Assets/Products,IQ29272
2/22/2022,75.75,IQTR1772176181,IQ1772176174,Assets/Products,-
1/5/2022,100,IQTR1771646439,IQ1771645723,Assets/Products,IQ44789056
1/4/2022,73.12,IQTR1763246894,IQ309710496,Private Company,IQ7653415
1/3/2022,123.1,IQTR1763177415,IQ694537506,Private Company,IQ26259736
1/5/2022,1719.01,IQTR1763352637,IQ7901441,Private Company,IQ97023
2/15/2022,62,IQTR1771479971,IQ114121578,Private Company,IQ876221
1/10/2022,160.94,IQTR1763795154,IQ100133199,Private Company,IQ28311
1/27/2022,46,IQTR1765610840,IQ1765610839,Private Company,IQ25587
3/14/2022,33.75,IQTR1774361276,IQ1774361251,Private Company,IQ10846640
1/31/2022,27.38,IQTR1769610419,IQ1769609502,Assets/Products,IQ1769609470
2/4/2022,36.65,IQTR1780171871,IQ289846082,Private Company,IQ125313
