1/22/2008,139.12,IQTR40276630,IQ40276595,Assets/Products,IQ282848
2/4/2008,121.37,IQTR40313014,IQ4742283,Private Company,IQ832466
3/11/2008,73.52,IQTR42152019,IQ22642004,Private Company,IQ279306
3/31/2008,236.02,IQTR42893545,IQ255035,Private Company,IQ308047
3/14/2008,228.66,IQTR42226352,IQ42226276,Assets/Products,IQ29926600
3/28/2008,241.21,IQTR42922630,IQ4592991,Private Company,IQ261105
3/28/2008,27.49,IQTR42922217,IQ42922189,Private Company,IQ8087255
2/11/2008,30,IQTR41011940,IQ41011922,Private Company,IQ8835628
1/7/2008,1192.19,IQTR39930477,IQ39930472,Assets/Products,IQ346012
2/27/2008,36.76,IQTR44149019,IQ44148968,Private Company,IQ44148910
3/20/2008,117.45,IQTR42467961,IQ20406707,Private Company,IQ20131
2/20/2008,259.19,IQTR41323210,IQ349721,Private Company,IQ162270
3/10/2008,44.58,IQTR42110113,IQ350891,Private Company,IQ254131
3/13/2008,44.62,IQTR42370399,IQ5827498,Private Company,IQ5705230
3/20/2008,53.16,IQTR42467746,IQ29017370,Private Company,IQ29618
2/5/2008,151.47,IQTR40672709,IQ9994690,Public Company,IQ22338326
3/24/2008,30.83,IQTR42629110,IQ31020046,Private Company,IQ42628989
3/12/2008,47.36,IQTR42159086,IQ5396339,Private Company,IQ6465767
3/10/2008,136.28,IQTR42119079,IQ42118991,Assets/Products,IQ28958752
3/4/2008,322.1,IQTR41874602,IQ1368640,Private Company,IQ172207
2/22/2008,32.76,IQTR41542959,IQ13399939,Private Company,IQ10762517
1/27/2008,776.77,IQTR40385657,IQ31186,Private Company,IQ1348220
3/14/2008,57.61,IQTR42220250,IQ42220191,Assets/Products,IQ23000926
3/31/2008,50.54,IQTR44302815,IQ44302789,Private Company,IQ4193000
3/31/2008,84.4733333333333,IQTR44436035,IQ5456418,Private Company,IQ41901328
3/31/2008,84.4733333333333,IQTR44436035,IQ5456418,Private Company,IQ27902062
3/31/2008,84.4733333333333,IQTR44436035,IQ5456418,Private Company,IQ866970
2/28/2008,79,IQTR41662391,IQ874604,Private Company,IQ4462960
2/28/2008,65.75,IQTR53747280,IQ53747195,Assets/Products,IQ28046416
2/25/2008,124.98,IQTR41594953,IQ41594905,Assets/Products,IQ29618
2/26/2008,149.44,IQTR41601083,IQ403605,Private Company,IQ124321
3/17/2008,175.48,IQTR42374954,IQ112821,Private Company,IQ93624
3/17/2008,90,IQTR42400547,IQ42399839,Assets/Products,IQ27773534
2/27/2008,254.64,IQTR41600077,IQ26687,Private Company,IQ6475593
3/13/2008,104.8,IQTR42217255,IQ42217230,Private Company,IQ258319
3/12/2008,16.995,IQTR42198972,IQ528955,Public Company,IQ18511
3/12/2008,16.995,IQTR42198972,IQ528955,Public Company,IQ34406274
2/25/2008,46.77,IQTR41570922,IQ91393,Private Company,IQ8926530
3/20/2008,25.93,IQTR42625411,IQ42625390,Assets/Products,IQ6813000
2/11/2008,216.36,IQTR43031728,IQ43031554,Assets/Products,IQ96944
2/7/2008,65.52,IQTR40842559,IQ40842526,Private Company,IQ879806
2/11/2008,248.28,IQTR40989139,IQ297593,Private Company,IQ31338
2/7/2008,272.41,IQTR40816200,IQ22771186,Private Company,IQ18511
3/31/2008,189.53,IQTR42958299,IQ42958279,Assets/Products,IQ9426442
3/28/2008,45.49,IQTR42920328,IQ1331858,Private Company,IQ23435
2/18/2008,269.23,IQTR41294341,IQ406706,Private Company,IQ347535
2/19/2008,89.53,IQTR41292181,IQ97495,Private Company,IQ4481003
1/15/2008,164.12,IQTR40113824,IQ284700,Private Company,IQ20117
2/13/2008,48.54,IQTR42626658,IQ4153221,Private Company,-
2/13/2008,864.32,IQTR41125463,IQ875875,Private Company,IQ412700
2/3/2008,192.27,IQTR40786053,IQ23418986,Private Company,IQ5498927
2/21/2008,162.25,IQTR41385743,IQ41385684,Assets/Products,IQ32628987
2/12/2008,151.99,IQTR41077057,IQ5397544,Private Company,IQ875882
3/10/2008,41,IQTR42111300,IQ42111207,Private Company,IQ30901660
3/10/2008,30,IQTR42400817,IQ42400802,Private Company,IQ13756048
1/23/2008,84.715,IQTR40307514,IQ4238793,Private Company,IQ23500542
1/23/2008,84.715,IQTR40307514,IQ4238793,Private Company,IQ21559
2/4/2008,114.62,IQTR40675884,IQ40675774,Assets/Products,IQ27811497
1/15/2008,97.86,IQTR40126572,IQ36353,Private Company,IQ32352
1/8/2008,50.94,IQTR39862296,IQ26877,Private Company,IQ879839
2/25/2008,50.58,IQTR41597623,IQ29582629,Private Company,IQ27304
3/4/2008,78.88,IQTR41874288,IQ41874249,Assets/Products,IQ33420
3/3/2008,54.88,IQTR41863599,IQ41863571,Assets/Products,IQ8141878
2/22/2008,206.69,IQTR43258892,IQ24332383,Private Company,IQ20333866
2/5/2008,38,IQTR40787850,IQ4540028,Private Company,IQ197773
1/31/2008,211.22,IQTR41842912,IQ26726092,Private Company,IQ42682429
2/7/2008,32.83,IQTR40849904,IQ4497344,Private Company,IQ347535
2/25/2008,38.51,IQTR41571829,IQ9709757,Private Company,IQ27877
1/22/2008,32.3,IQTR40275582,IQ40275077,Private Company,IQ7605761
1/22/2008,273.58,IQTR40258642,IQ27596995,Private Company,IQ308047
2/15/2008,34.27,IQTR41260674,IQ41260505,Private Company,IQ24821
2/28/2008,68.04,IQTR41317521,IQ30607505,Private Company,IQ27133
2/13/2008,197.175,IQTR50275544,IQ48933961,Private Company,IQ20619
2/13/2008,197.175,IQTR50275544,IQ48933961,Private Company,IQ20925
2/8/2008,123,IQTR40987742,IQ22042135,Private Company,IQ18613
1/10/2008,38.88,IQTR39952186,IQ3017692,Private Company,IQ30253
1/3/2008,137.91,IQTR39796242,IQ4385096,Private Company,IQ8285067
1/30/2008,41.4,IQTR40456606,IQ5391467,Private Company,-
1/8/2008,208.79,IQTR39861850,IQ24950751,Private Company,IQ125040
1/9/2008,58.65,IQTR39947097,IQ23565427,Private Company,IQ319092
2/22/2008,354.14,IQTR39511691,IQ8285048,Public Company,IQ22000191
3/28/2008,38,IQTR112706280,IQ24192563,Private Company,IQ21959621
1/4/2008,48.97,IQTR54113639,IQ54113590,Assets/Products,IQ33433568
1/2/2008,61.45,IQTR39746754,IQ104781,Private Company,IQ24627
3/18/2008,30,IQTR47198833,IQ5421430,Private Company,IQ5531441
1/3/2008,69.99,IQTR40133149,IQ33420,Private Company,IQ11272149
