12/8/2004,2550.11,IQTR13009698,IQ299809,Private Company,IQ35644
11/25/2004,1684.04,IQTR128307545,IQ5874676,Private Company,IQ876269
11/10/2004,1209.07,IQTR12544831,IQ307128,Private Company,IQ2433584
12/14/2004,148.48,IQTR13288289,IQ4773211,Private Company,IQ19023
12/14/2004,222.34,IQTR13223517,IQ7195658,Private Company,IQ18783
12/14/2004,222.34,IQTR13223517,IQ7195658,Private Company,IQ139449
11/18/2004,1074.15,IQTR12647546,IQ1594199,Private Company,IQ9317017
12/6/2004,909.46,IQTR13064401,IQ34522,Private Company,IQ22948375
12/9/2004,810.85,IQTR22155199,IQ4773500,Private Company,IQ9236490
11/15/2004,789.21,IQTR12619223,IQ881270,Private Company,IQ319092
12/16/2004,90.49,IQTR13291359,IQ2168041,Private Company,IQ317627
11/10/2004,103.75,IQTR24404965,IQ22614982,Private Company,IQ20801
11/29/2004,1580.75,IQTR12786269,IQ881887,Private Company,IQ671980
10/18/2004,882.69,IQTR12189063,IQ34177,Private Company,IQ23471
10/18/2004,882.69,IQTR12189063,IQ34177,Private Company,IQ23893
12/14/2004,307.51,IQTR13223561,IQ13223552,Private Company,IQ29618
12/10/2004,50.28,IQTR20645220,IQ7688712,Private Company,IQ419262
11/19/2004,470.76,IQTR12679665,IQ11314442,Private Company,IQ4858705
11/19/2004,470.76,IQTR12679665,IQ11314442,Private Company,IQ22111
10/20/2004,252.88,IQTR23185842,IQ873727,Private Company,IQ881753
12/14/2004,116.82,IQTR13336021,IQ35907,Private Company,IQ30643
12/17/2004,78.97,IQTR20518107,IQ4493105,Private Company,IQ2508428
11/4/2004,208.32,IQTR12483804,IQ336520,Private Company,IQ3136866
10/14/2004,1385.59,IQTR12155700,IQ28536,Private Company,IQ27133
11/8/2004,80.5,IQTR12616991,IQ1318975,Private Company,IQ884200
12/13/2004,34.11,IQTR41833760,IQ30028068,Private Company,IQ13529992
12/20/2004,71.57,IQTR13337968,IQ552460,Private Company,IQ377837
10/27/2004,493.85,IQTR12401998,IQ695365,Private Company,IQ30589163
10/27/2004,493.85,IQTR12401998,IQ695365,Private Company,IQ19897
10/27/2004,493.85,IQTR12401998,IQ695365,Private Company,IQ19627
10/27/2004,493.85,IQTR12401998,IQ695365,Private Company,IQ9851739
10/27/2004,493.85,IQTR12401998,IQ695365,Private Company,IQ23473
11/23/2004,351.5,IQTR12761374,IQ29229,Private Company,IQ874709
10/12/2004,64,IQTR12753554,IQ12753512,Assets/Products,IQ324452
11/16/2004,56.23,IQTR13525543,IQ13525517,Assets/Products,IQ34783
12/23/2004,65.96,IQTR13406012,IQ13406002,Private Company,IQ31365
11/1/2004,90.31,IQTR13388401,IQ9550353,Private Company,IQ655427
10/29/2004,144.23,IQTR12423826,IQ1461637,Private Company,IQ22233
11/15/2004,77.24,IQTR12648748,IQ12648647,Private Company,IQ259627
11/14/2004,39.32,IQTR12631017,IQ5687183,Private Company,IQ30012
11/23/2004,76.38,IQTR12719144,IQ34192,Private Company,IQ34177
12/31/2004,17.725,IQTR22286640,IQ4639163,Private Company,IQ92614
12/31/2004,17.725,IQTR22286640,IQ4639163,Private Company,IQ126755
12/13/2004,75.43,IQTR12106814,IQ12097397,Assets/Products,IQ36146
11/10/2004,53.39,IQTR12545091,IQ7818162,Private Company,IQ12545064
11/23/2004,326.83,IQTR12753476,IQ1791975,Private Company,IQ124307
11/8/2004,196.54,IQTR12465170,IQ1086467,Private Company,IQ556909
12/20/2004,99.42,IQTR22533974,IQ22533942,Assets/Products,IQ20597
12/14/2004,36.18,IQTR13333954,IQ31512,Private Company,IQ874131
12/8/2004,145.37,IQTR315863458,IQ139937512,Private Company,IQ315863401
11/5/2004,134.57,IQTR13073981,IQ523506,Private Company,IQ282005
10/6/2004,90.96,IQTR21877666,IQ5456418,Private Company,IQ19947
10/6/2004,90.96,IQTR21877666,IQ5456418,Private Company,IQ591326
10/1/2004,75.01,IQTR11867523,IQ11867474,Private Company,IQ26273
12/3/2004,25.3,IQTR13153870,IQ502583,Private Company,-
11/29/2004,8,IQTR12787055,IQ12787028,Private Company,IQ18511
11/29/2004,8,IQTR12787055,IQ12787028,Private Company,IQ18533
11/29/2004,8,IQTR12787055,IQ12787028,Private Company,IQ18935
11/29/2004,8,IQTR12787055,IQ12787028,Private Company,IQ980152
11/29/2004,8,IQTR12787055,IQ12787028,Private Company,IQ23009
12/2/2004,150.62,IQTR12960837,IQ6496785,Private Company,IQ12960823
11/8/2004,32.84,IQTR12531546,IQ12531529,Private Company,IQ4217807
12/1/2004,41.5,IQTR51709911,IQ2088947,Private Company,IQ10288056
11/22/2004,219.82,IQTR12704003,IQ863968,Private Company,IQ19947
10/28/2004,28.1,IQTR12416701,IQ12416695,Assets/Products,IQ185333
11/22/2004,49.04,IQTR13464310,IQ6462320,Private Company,IQ21305
10/18/2004,161.68,IQTR34417196,IQ883506,Private Company,IQ879730
11/5/2004,21.81,IQTR11420939,IQ433539,Private Company,IQ3034704
11/5/2004,21.81,IQTR11420939,IQ433539,Private Company,IQ44486394
10/6/2004,42.88,IQTR12038060,IQ184651,Private Company,IQ874709
12/6/2004,47.255,IQTR12534706,IQ12534581,Private Company,IQ2230886
12/6/2004,47.255,IQTR12534706,IQ12534581,Private Company,IQ589841
10/28/2004,51.03,IQTR12416728,IQ613220,Private Company,IQ30253
10/25/2004,46.95,IQTR12344295,IQ721543,Private Company,IQ247483
10/25/2004,90.16,IQTR12422539,IQ12422516,Private Company,IQ129616
10/22/2004,48.28,IQTR12299467,IQ12299462,Private Company,IQ35712
10/21/2004,95.47,IQTR12263922,IQ12263882,Private Company,IQ258769
10/19/2004,756.74,IQTR12206096,IQ99236,Private Company,IQ10636242
10/7/2004,40.12,IQTR12048320,IQ6431662,Private Company,IQ10969688
10/5/2004,62,IQTR49126289,IQ23048842,Private Company,IQ28871802
11/15/2004,27.23,IQTR23776227,IQ31682,Private Company,IQ33471
11/5/2004,32.36,IQTR9239978,IQ7905539,Private Company,IQ106776152
